
*** Running vivado
    with args -log design_1_wrapper.vds -m64 -product Vivado -mode batch -messageDb vivado.pb -notrace -source design_1_wrapper.tcl


****** Vivado v2025.2 (64-bit)
  **** SW Build 6299465 on Fri Nov 14 12:34:56 MST 2025
  **** IP Build 6300035 on Fri Nov 14 10:48:45 MST 2025
  **** SharedData Build 6298862 on Thu Nov 13 04:50:51 MST 2025
  **** Start of session at: Fri Sep  4 09:49:11 2026
    ** Copyright 1986-2022 Xilinx, Inc. All Rights Reserved.
    ** Copyright 2022-2025 Advanced Micro Devices, Inc. All Rights Reserved.

WARNING: [Runs 36-547] User Strategy 'Vivado Implementation Defaults' from file '/home/kokunev/.Xilinx/Vivado/2025.2/strategies/Vivado Implementation Defaults.Vivado Implementation 2025.psg' discarded because strategy with same name already parsed from '/opt/Xilinx_2/2025.2/Vivado/strategies/VDI2025.psg'
WARNING: [Runs 36-547] User Strategy 'Vivado Implementation Defaults' from file '/home/kokunev/.Xilinx/Vivado/2025.2/strategies/Vivado Implementation Defaults_2.Vivado Implementation 2025.psg' discarded because strategy with same name already parsed from '/opt/Xilinx_2/2025.2/Vivado/strategies/VDI2025.psg'
source design_1_wrapper.tcl -notrace
INFO: [Project 1-5698] Found the below utility IPs instantiated in block design /home/kokunev/data/git_root/dig/dig_board_pcie_plus_adc/project_1/project_1.srcs/sources_1/bd/design_1/design_1.bd which have equivalent inline hdl with improved performance and reduced diskspace.
It is recommended to migrate these utility IPs to inline hdl  using the command upgrade_project -migrate_to_inline_hdl.  The utility IPs may be deprecated in future releases.
More information on inline hdl is available in UG994.
Utility IP Component Instances:
 design_1_c_sample_valid_1_0
Command: read_checkpoint -auto_incremental -incremental /home/kokunev/data/git_root/dig/dig_board_pcie/project_1/project_1.srcs/utils_1/imports/synth_1/design_1_wrapper.dcp
INFO: [Vivado 12-5825] Read reference checkpoint from /home/kokunev/data/git_root/dig/dig_board_pcie/project_1/project_1.srcs/utils_1/imports/synth_1/design_1_wrapper.dcp for incremental synthesis
INFO: [Vivado 12-7989] Please ensure there are no constraint changes
Command: synth_design -top design_1_wrapper -part xc7a100tfgg484-2
Starting synth_design
Attempting to get a license for feature 'Synthesis' and/or device 'xc7a100t'
INFO: [Common 17-349] Got license for feature 'Synthesis' and/or device 'xc7a100t'
INFO: [Device 21-403] Loading part xc7a100tfgg484-2
INFO: [Synth 8-7079] Multithreading enabled for synth_design using a maximum of 7 processes.
INFO: [Synth 8-7078] Launching helper process for spawning children vivado processes
INFO: [Synth 8-7075] Helper process launched with PID 3015680
---------------------------------------------------------------------------------
Starting RTL Elaboration : Time (s): cpu = 00:00:05 ; elapsed = 00:00:06 . Memory (MB): peak = 2303.707 ; gain = 482.156 ; free physical = 8588 ; free virtual = 50516
---------------------------------------------------------------------------------
INFO: [Synth 8-11241] undeclared symbol 'RdDeQ', assumed default net type 'wire' [/home/kokunev/data/git_root/dig/dig_board_pcie_plus_adc/project_1/project_1.gen/sources_1/bd/design_1/ipshared/d6c9/hdl/verilog/axidma_fifo.vh:179]
INFO: [Synth 8-11241] undeclared symbol 'cfg_config_space_enable', assumed default net type 'wire' [/home/kokunev/data/git_root/dig/dig_board_pcie_plus_adc/project_1/project_1.gen/sources_1/bd/design_1/ip/design_1_xdma_0_0/xdma_v4_2/hdl/verilog/design_1_xdma_0_0_core_top.sv:4347]
INFO: [Synth 8-11241] undeclared symbol 'cfg_hot_reset_in', assumed default net type 'wire' [/home/kokunev/data/git_root/dig/dig_board_pcie_plus_adc/project_1/project_1.gen/sources_1/bd/design_1/ip/design_1_xdma_0_0/xdma_v4_2/hdl/verilog/design_1_xdma_0_0_core_top.sv:4348]
INFO: [Synth 8-11241] undeclared symbol 'usr_irq_fail', assumed default net type 'wire' [/home/kokunev/data/git_root/dig/dig_board_pcie_plus_adc/project_1/project_1.gen/sources_1/bd/design_1/ip/design_1_xdma_0_0/xdma_v4_2/hdl/verilog/design_1_xdma_0_0_core_top.sv:4838]
INFO: [Synth 8-11241] undeclared symbol 'tms_int', assumed default net type 'wire' [/home/kokunev/data/git_root/dig/dig_board_pcie_plus_adc/project_1/project_1.gen/sources_1/bd/design_1/ipshared/0568/hdl/verilog/xsdbm_v3_0_5_bs_core_ext.vh:30]
INFO: [Synth 8-11241] undeclared symbol 'runtest_int', assumed default net type 'wire' [/home/kokunev/data/git_root/dig/dig_board_pcie_plus_adc/project_1/project_1.gen/sources_1/bd/design_1/ipshared/0568/hdl/verilog/xsdbm_v3_0_5_bs_core_ext.vh:32]
INFO: [Synth 8-11241] undeclared symbol 'tms_int', assumed default net type 'wire' [/home/kokunev/data/git_root/dig/dig_board_pcie_plus_adc/project_1/project_1.gen/sources_1/bd/design_1/ipshared/0568/hdl/verilog/xsdbm_v3_0_5_bs_core_ext.vh:69]
INFO: [Synth 8-11241] undeclared symbol 'runtest_int', assumed default net type 'wire' [/home/kokunev/data/git_root/dig/dig_board_pcie_plus_adc/project_1/project_1.gen/sources_1/bd/design_1/ipshared/0568/hdl/verilog/xsdbm_v3_0_5_bs_core_ext.vh:71]
INFO: [Synth 8-11241] undeclared symbol 'tms_int', assumed default net type 'wire' [/home/kokunev/data/git_root/dig/dig_board_pcie_plus_adc/project_1/project_1.gen/sources_1/bd/design_1/ipshared/0568/hdl/verilog/xsdbm_v3_0_5_bs_core_ext.vh:109]
INFO: [Synth 8-11241] undeclared symbol 'runtest_int', assumed default net type 'wire' [/home/kokunev/data/git_root/dig/dig_board_pcie_plus_adc/project_1/project_1.gen/sources_1/bd/design_1/ipshared/0568/hdl/verilog/xsdbm_v3_0_5_bs_core_ext.vh:111]
INFO: [Synth 8-11241] undeclared symbol 'tms_int', assumed default net type 'wire' [/home/kokunev/data/git_root/dig/dig_board_pcie_plus_adc/project_1/project_1.gen/sources_1/bd/design_1/ipshared/0568/hdl/verilog/xsdbm_v3_0_5_bs_core_ext.vh:150]
INFO: [Synth 8-11241] undeclared symbol 'runtest_int', assumed default net type 'wire' [/home/kokunev/data/git_root/dig/dig_board_pcie_plus_adc/project_1/project_1.gen/sources_1/bd/design_1/ipshared/0568/hdl/verilog/xsdbm_v3_0_5_bs_core_ext.vh:152]
INFO: [Synth 8-11241] undeclared symbol 'tms_int', assumed default net type 'wire' [/home/kokunev/data/git_root/dig/dig_board_pcie_plus_adc/project_1/project_1.gen/sources_1/bd/design_1/ipshared/0568/hdl/verilog/xsdbm_v3_0_5_bs_core_ext.vh:192]
INFO: [Synth 8-11241] undeclared symbol 'runtest_int', assumed default net type 'wire' [/home/kokunev/data/git_root/dig/dig_board_pcie_plus_adc/project_1/project_1.gen/sources_1/bd/design_1/ipshared/0568/hdl/verilog/xsdbm_v3_0_5_bs_core_ext.vh:194]
INFO: [Synth 8-11241] undeclared symbol 'tms_int', assumed default net type 'wire' [/home/kokunev/data/git_root/dig/dig_board_pcie_plus_adc/project_1/project_1.gen/sources_1/bd/design_1/ipshared/0568/hdl/verilog/xsdbm_v3_0_5_bs_core_ext.vh:235]
INFO: [Synth 8-11241] undeclared symbol 'runtest_int', assumed default net type 'wire' [/home/kokunev/data/git_root/dig/dig_board_pcie_plus_adc/project_1/project_1.gen/sources_1/bd/design_1/ipshared/0568/hdl/verilog/xsdbm_v3_0_5_bs_core_ext.vh:237]
INFO: [Synth 8-11241] undeclared symbol 'tms_int', assumed default net type 'wire' [/home/kokunev/data/git_root/dig/dig_board_pcie_plus_adc/project_1/project_1.gen/sources_1/bd/design_1/ipshared/0568/hdl/verilog/xsdbm_v3_0_5_bs_core_ext.vh:279]
INFO: [Synth 8-11241] undeclared symbol 'runtest_int', assumed default net type 'wire' [/home/kokunev/data/git_root/dig/dig_board_pcie_plus_adc/project_1/project_1.gen/sources_1/bd/design_1/ipshared/0568/hdl/verilog/xsdbm_v3_0_5_bs_core_ext.vh:281]
INFO: [Synth 8-11241] undeclared symbol 'tms_int', assumed default net type 'wire' [/home/kokunev/data/git_root/dig/dig_board_pcie_plus_adc/project_1/project_1.gen/sources_1/bd/design_1/ipshared/0568/hdl/verilog/xsdbm_v3_0_5_bs_core_ext.vh:324]
INFO: [Synth 8-11241] undeclared symbol 'runtest_int', assumed default net type 'wire' [/home/kokunev/data/git_root/dig/dig_board_pcie_plus_adc/project_1/project_1.gen/sources_1/bd/design_1/ipshared/0568/hdl/verilog/xsdbm_v3_0_5_bs_core_ext.vh:326]
INFO: [Synth 8-11241] undeclared symbol 'tms_int', assumed default net type 'wire' [/home/kokunev/data/git_root/dig/dig_board_pcie_plus_adc/project_1/project_1.gen/sources_1/bd/design_1/ipshared/0568/hdl/verilog/xsdbm_v3_0_5_bs_core_ext.vh:370]
INFO: [Synth 8-11241] undeclared symbol 'runtest_int', assumed default net type 'wire' [/home/kokunev/data/git_root/dig/dig_board_pcie_plus_adc/project_1/project_1.gen/sources_1/bd/design_1/ipshared/0568/hdl/verilog/xsdbm_v3_0_5_bs_core_ext.vh:372]
INFO: [Synth 8-11241] undeclared symbol 'tms_int', assumed default net type 'wire' [/home/kokunev/data/git_root/dig/dig_board_pcie_plus_adc/project_1/project_1.gen/sources_1/bd/design_1/ipshared/0568/hdl/verilog/xsdbm_v3_0_5_bs_core_ext.vh:417]
INFO: [Synth 8-11241] undeclared symbol 'runtest_int', assumed default net type 'wire' [/home/kokunev/data/git_root/dig/dig_board_pcie_plus_adc/project_1/project_1.gen/sources_1/bd/design_1/ipshared/0568/hdl/verilog/xsdbm_v3_0_5_bs_core_ext.vh:419]
INFO: [Synth 8-11241] undeclared symbol 'tms_int', assumed default net type 'wire' [/home/kokunev/data/git_root/dig/dig_board_pcie_plus_adc/project_1/project_1.gen/sources_1/bd/design_1/ipshared/0568/hdl/verilog/xsdbm_v3_0_5_bs_core_ext.vh:465]
INFO: [Synth 8-11241] undeclared symbol 'runtest_int', assumed default net type 'wire' [/home/kokunev/data/git_root/dig/dig_board_pcie_plus_adc/project_1/project_1.gen/sources_1/bd/design_1/ipshared/0568/hdl/verilog/xsdbm_v3_0_5_bs_core_ext.vh:467]
INFO: [Synth 8-11241] undeclared symbol 'tms_int', assumed default net type 'wire' [/home/kokunev/data/git_root/dig/dig_board_pcie_plus_adc/project_1/project_1.gen/sources_1/bd/design_1/ipshared/0568/hdl/verilog/xsdbm_v3_0_5_bs_core_ext.vh:514]
INFO: [Synth 8-11241] undeclared symbol 'runtest_int', assumed default net type 'wire' [/home/kokunev/data/git_root/dig/dig_board_pcie_plus_adc/project_1/project_1.gen/sources_1/bd/design_1/ipshared/0568/hdl/verilog/xsdbm_v3_0_5_bs_core_ext.vh:516]
INFO: [Synth 8-11241] undeclared symbol 'tms_int', assumed default net type 'wire' [/home/kokunev/data/git_root/dig/dig_board_pcie_plus_adc/project_1/project_1.gen/sources_1/bd/design_1/ipshared/0568/hdl/verilog/xsdbm_v3_0_5_bs_core_ext.vh:564]
INFO: [Synth 8-11241] undeclared symbol 'runtest_int', assumed default net type 'wire' [/home/kokunev/data/git_root/dig/dig_board_pcie_plus_adc/project_1/project_1.gen/sources_1/bd/design_1/ipshared/0568/hdl/verilog/xsdbm_v3_0_5_bs_core_ext.vh:566]
INFO: [Synth 8-11241] undeclared symbol 'tms_int', assumed default net type 'wire' [/home/kokunev/data/git_root/dig/dig_board_pcie_plus_adc/project_1/project_1.gen/sources_1/bd/design_1/ipshared/0568/hdl/verilog/xsdbm_v3_0_5_bs_core_ext.vh:615]
INFO: [Synth 8-11241] undeclared symbol 'runtest_int', assumed default net type 'wire' [/home/kokunev/data/git_root/dig/dig_board_pcie_plus_adc/project_1/project_1.gen/sources_1/bd/design_1/ipshared/0568/hdl/verilog/xsdbm_v3_0_5_bs_core_ext.vh:617]
INFO: [Synth 8-11241] undeclared symbol 'tms_int', assumed default net type 'wire' [/home/kokunev/data/git_root/dig/dig_board_pcie_plus_adc/project_1/project_1.gen/sources_1/bd/design_1/ipshared/0568/hdl/verilog/xsdbm_v3_0_5_bs_core.vh:30]
INFO: [Synth 8-11241] undeclared symbol 'runtest_int', assumed default net type 'wire' [/home/kokunev/data/git_root/dig/dig_board_pcie_plus_adc/project_1/project_1.gen/sources_1/bd/design_1/ipshared/0568/hdl/verilog/xsdbm_v3_0_5_bs_core.vh:32]
INFO: [Synth 8-11241] undeclared symbol 'tms_int', assumed default net type 'wire' [/home/kokunev/data/git_root/dig/dig_board_pcie_plus_adc/project_1/project_1.gen/sources_1/bd/design_1/ipshared/0568/hdl/verilog/xsdbm_v3_0_5_bs_core.vh:69]
INFO: [Synth 8-11241] undeclared symbol 'runtest_int', assumed default net type 'wire' [/home/kokunev/data/git_root/dig/dig_board_pcie_plus_adc/project_1/project_1.gen/sources_1/bd/design_1/ipshared/0568/hdl/verilog/xsdbm_v3_0_5_bs_core.vh:71]
INFO: [Synth 8-11241] undeclared symbol 'tms_int', assumed default net type 'wire' [/home/kokunev/data/git_root/dig/dig_board_pcie_plus_adc/project_1/project_1.gen/sources_1/bd/design_1/ipshared/0568/hdl/verilog/xsdbm_v3_0_5_bs_core.vh:109]
INFO: [Synth 8-11241] undeclared symbol 'runtest_int', assumed default net type 'wire' [/home/kokunev/data/git_root/dig/dig_board_pcie_plus_adc/project_1/project_1.gen/sources_1/bd/design_1/ipshared/0568/hdl/verilog/xsdbm_v3_0_5_bs_core.vh:111]
INFO: [Synth 8-11241] undeclared symbol 'tms_int', assumed default net type 'wire' [/home/kokunev/data/git_root/dig/dig_board_pcie_plus_adc/project_1/project_1.gen/sources_1/bd/design_1/ipshared/0568/hdl/verilog/xsdbm_v3_0_5_bs_core.vh:150]
INFO: [Synth 8-11241] undeclared symbol 'runtest_int', assumed default net type 'wire' [/home/kokunev/data/git_root/dig/dig_board_pcie_plus_adc/project_1/project_1.gen/sources_1/bd/design_1/ipshared/0568/hdl/verilog/xsdbm_v3_0_5_bs_core.vh:152]
INFO: [Synth 8-11241] undeclared symbol 'tms_int', assumed default net type 'wire' [/home/kokunev/data/git_root/dig/dig_board_pcie_plus_adc/project_1/project_1.gen/sources_1/bd/design_1/ipshared/0568/hdl/verilog/xsdbm_v3_0_5_bs_core.vh:192]
INFO: [Synth 8-11241] undeclared symbol 'runtest_int', assumed default net type 'wire' [/home/kokunev/data/git_root/dig/dig_board_pcie_plus_adc/project_1/project_1.gen/sources_1/bd/design_1/ipshared/0568/hdl/verilog/xsdbm_v3_0_5_bs_core.vh:194]
INFO: [Synth 8-11241] undeclared symbol 'tms_int', assumed default net type 'wire' [/home/kokunev/data/git_root/dig/dig_board_pcie_plus_adc/project_1/project_1.gen/sources_1/bd/design_1/ipshared/0568/hdl/verilog/xsdbm_v3_0_5_bs_core.vh:235]
INFO: [Synth 8-11241] undeclared symbol 'runtest_int', assumed default net type 'wire' [/home/kokunev/data/git_root/dig/dig_board_pcie_plus_adc/project_1/project_1.gen/sources_1/bd/design_1/ipshared/0568/hdl/verilog/xsdbm_v3_0_5_bs_core.vh:237]
INFO: [Synth 8-11241] undeclared symbol 'tms_int', assumed default net type 'wire' [/home/kokunev/data/git_root/dig/dig_board_pcie_plus_adc/project_1/project_1.gen/sources_1/bd/design_1/ipshared/0568/hdl/verilog/xsdbm_v3_0_5_bs_core.vh:279]
INFO: [Synth 8-11241] undeclared symbol 'runtest_int', assumed default net type 'wire' [/home/kokunev/data/git_root/dig/dig_board_pcie_plus_adc/project_1/project_1.gen/sources_1/bd/design_1/ipshared/0568/hdl/verilog/xsdbm_v3_0_5_bs_core.vh:281]
INFO: [Synth 8-11241] undeclared symbol 'tms_int', assumed default net type 'wire' [/home/kokunev/data/git_root/dig/dig_board_pcie_plus_adc/project_1/project_1.gen/sources_1/bd/design_1/ipshared/0568/hdl/verilog/xsdbm_v3_0_5_bs_core.vh:324]
INFO: [Synth 8-11241] undeclared symbol 'runtest_int', assumed default net type 'wire' [/home/kokunev/data/git_root/dig/dig_board_pcie_plus_adc/project_1/project_1.gen/sources_1/bd/design_1/ipshared/0568/hdl/verilog/xsdbm_v3_0_5_bs_core.vh:326]
INFO: [Synth 8-11241] undeclared symbol 'tms_int', assumed default net type 'wire' [/home/kokunev/data/git_root/dig/dig_board_pcie_plus_adc/project_1/project_1.gen/sources_1/bd/design_1/ipshared/0568/hdl/verilog/xsdbm_v3_0_5_bs_core.vh:370]
INFO: [Synth 8-11241] undeclared symbol 'runtest_int', assumed default net type 'wire' [/home/kokunev/data/git_root/dig/dig_board_pcie_plus_adc/project_1/project_1.gen/sources_1/bd/design_1/ipshared/0568/hdl/verilog/xsdbm_v3_0_5_bs_core.vh:372]
INFO: [Synth 8-11241] undeclared symbol 'tms_int', assumed default net type 'wire' [/home/kokunev/data/git_root/dig/dig_board_pcie_plus_adc/project_1/project_1.gen/sources_1/bd/design_1/ipshared/0568/hdl/verilog/xsdbm_v3_0_5_bs_core.vh:417]
INFO: [Synth 8-11241] undeclared symbol 'runtest_int', assumed default net type 'wire' [/home/kokunev/data/git_root/dig/dig_board_pcie_plus_adc/project_1/project_1.gen/sources_1/bd/design_1/ipshared/0568/hdl/verilog/xsdbm_v3_0_5_bs_core.vh:419]
INFO: [Synth 8-11241] undeclared symbol 'tms_int', assumed default net type 'wire' [/home/kokunev/data/git_root/dig/dig_board_pcie_plus_adc/project_1/project_1.gen/sources_1/bd/design_1/ipshared/0568/hdl/verilog/xsdbm_v3_0_5_bs_core.vh:465]
INFO: [Synth 8-11241] undeclared symbol 'runtest_int', assumed default net type 'wire' [/home/kokunev/data/git_root/dig/dig_board_pcie_plus_adc/project_1/project_1.gen/sources_1/bd/design_1/ipshared/0568/hdl/verilog/xsdbm_v3_0_5_bs_core.vh:467]
INFO: [Synth 8-11241] undeclared symbol 'tms_int', assumed default net type 'wire' [/home/kokunev/data/git_root/dig/dig_board_pcie_plus_adc/project_1/project_1.gen/sources_1/bd/design_1/ipshared/0568/hdl/verilog/xsdbm_v3_0_5_bs_core.vh:514]
INFO: [Synth 8-11241] undeclared symbol 'runtest_int', assumed default net type 'wire' [/home/kokunev/data/git_root/dig/dig_board_pcie_plus_adc/project_1/project_1.gen/sources_1/bd/design_1/ipshared/0568/hdl/verilog/xsdbm_v3_0_5_bs_core.vh:516]
INFO: [Synth 8-11241] undeclared symbol 'tms_int', assumed default net type 'wire' [/home/kokunev/data/git_root/dig/dig_board_pcie_plus_adc/project_1/project_1.gen/sources_1/bd/design_1/ipshared/0568/hdl/verilog/xsdbm_v3_0_5_bs_core.vh:564]
INFO: [Synth 8-11241] undeclared symbol 'runtest_int', assumed default net type 'wire' [/home/kokunev/data/git_root/dig/dig_board_pcie_plus_adc/project_1/project_1.gen/sources_1/bd/design_1/ipshared/0568/hdl/verilog/xsdbm_v3_0_5_bs_core.vh:566]
INFO: [Synth 8-11241] undeclared symbol 'tms_int', assumed default net type 'wire' [/home/kokunev/data/git_root/dig/dig_board_pcie_plus_adc/project_1/project_1.gen/sources_1/bd/design_1/ipshared/0568/hdl/verilog/xsdbm_v3_0_5_bs_core.vh:615]
INFO: [Synth 8-11241] undeclared symbol 'runtest_int', assumed default net type 'wire' [/home/kokunev/data/git_root/dig/dig_board_pcie_plus_adc/project_1/project_1.gen/sources_1/bd/design_1/ipshared/0568/hdl/verilog/xsdbm_v3_0_5_bs_core.vh:617]
INFO: [Synth 8-11241] undeclared symbol 'tms_int', assumed default net type 'wire' [/home/kokunev/data/git_root/dig/dig_board_pcie_plus_adc/project_1/project_1.gen/sources_1/bd/design_1/ipshared/0568/hdl/verilog/xsdbm_v3_0_5_bs_core_vec.vh:30]
INFO: [Synth 8-11241] undeclared symbol 'runtest_int', assumed default net type 'wire' [/home/kokunev/data/git_root/dig/dig_board_pcie_plus_adc/project_1/project_1.gen/sources_1/bd/design_1/ipshared/0568/hdl/verilog/xsdbm_v3_0_5_bs_core_vec.vh:32]
INFO: [Synth 8-11241] undeclared symbol 'tms_int', assumed default net type 'wire' [/home/kokunev/data/git_root/dig/dig_board_pcie_plus_adc/project_1/project_1.gen/sources_1/bd/design_1/ipshared/0568/hdl/verilog/xsdbm_v3_0_5_bs_core_vec.vh:65]
INFO: [Synth 8-11241] undeclared symbol 'runtest_int', assumed default net type 'wire' [/home/kokunev/data/git_root/dig/dig_board_pcie_plus_adc/project_1/project_1.gen/sources_1/bd/design_1/ipshared/0568/hdl/verilog/xsdbm_v3_0_5_bs_core_vec.vh:67]
INFO: [Synth 8-11241] undeclared symbol 'tms_int', assumed default net type 'wire' [/home/kokunev/data/git_root/dig/dig_board_pcie_plus_adc/project_1/project_1.gen/sources_1/bd/design_1/ipshared/0568/hdl/verilog/xsdbm_v3_0_5_bs_core_vec.vh:100]
INFO: [Synth 8-11241] undeclared symbol 'runtest_int', assumed default net type 'wire' [/home/kokunev/data/git_root/dig/dig_board_pcie_plus_adc/project_1/project_1.gen/sources_1/bd/design_1/ipshared/0568/hdl/verilog/xsdbm_v3_0_5_bs_core_vec.vh:102]
INFO: [Synth 8-11241] undeclared symbol 'tms_int', assumed default net type 'wire' [/home/kokunev/data/git_root/dig/dig_board_pcie_plus_adc/project_1/project_1.gen/sources_1/bd/design_1/ipshared/0568/hdl/verilog/xsdbm_v3_0_5_bs_core_vec.vh:135]
INFO: [Synth 8-11241] undeclared symbol 'runtest_int', assumed default net type 'wire' [/home/kokunev/data/git_root/dig/dig_board_pcie_plus_adc/project_1/project_1.gen/sources_1/bd/design_1/ipshared/0568/hdl/verilog/xsdbm_v3_0_5_bs_core_vec.vh:137]
INFO: [Synth 8-11241] undeclared symbol 'tms_int', assumed default net type 'wire' [/home/kokunev/data/git_root/dig/dig_board_pcie_plus_adc/project_1/project_1.gen/sources_1/bd/design_1/ipshared/0568/hdl/verilog/xsdbm_v3_0_5_bs_core_vec.vh:170]
INFO: [Synth 8-11241] undeclared symbol 'runtest_int', assumed default net type 'wire' [/home/kokunev/data/git_root/dig/dig_board_pcie_plus_adc/project_1/project_1.gen/sources_1/bd/design_1/ipshared/0568/hdl/verilog/xsdbm_v3_0_5_bs_core_vec.vh:172]
INFO: [Synth 8-11241] undeclared symbol 'tms_int', assumed default net type 'wire' [/home/kokunev/data/git_root/dig/dig_board_pcie_plus_adc/project_1/project_1.gen/sources_1/bd/design_1/ipshared/0568/hdl/verilog/xsdbm_v3_0_5_bs_core_vec.vh:205]
INFO: [Synth 8-11241] undeclared symbol 'runtest_int', assumed default net type 'wire' [/home/kokunev/data/git_root/dig/dig_board_pcie_plus_adc/project_1/project_1.gen/sources_1/bd/design_1/ipshared/0568/hdl/verilog/xsdbm_v3_0_5_bs_core_vec.vh:207]
INFO: [Synth 8-11241] undeclared symbol 'tms_int', assumed default net type 'wire' [/home/kokunev/data/git_root/dig/dig_board_pcie_plus_adc/project_1/project_1.gen/sources_1/bd/design_1/ipshared/0568/hdl/verilog/xsdbm_v3_0_5_bs_core_vec.vh:240]
INFO: [Synth 8-11241] undeclared symbol 'runtest_int', assumed default net type 'wire' [/home/kokunev/data/git_root/dig/dig_board_pcie_plus_adc/project_1/project_1.gen/sources_1/bd/design_1/ipshared/0568/hdl/verilog/xsdbm_v3_0_5_bs_core_vec.vh:242]
INFO: [Synth 8-11241] undeclared symbol 'tms_int', assumed default net type 'wire' [/home/kokunev/data/git_root/dig/dig_board_pcie_plus_adc/project_1/project_1.gen/sources_1/bd/design_1/ipshared/0568/hdl/verilog/xsdbm_v3_0_5_bs_core_vec.vh:275]
INFO: [Synth 8-11241] undeclared symbol 'runtest_int', assumed default net type 'wire' [/home/kokunev/data/git_root/dig/dig_board_pcie_plus_adc/project_1/project_1.gen/sources_1/bd/design_1/ipshared/0568/hdl/verilog/xsdbm_v3_0_5_bs_core_vec.vh:277]
INFO: [Synth 8-11241] undeclared symbol 'tms_int', assumed default net type 'wire' [/home/kokunev/data/git_root/dig/dig_board_pcie_plus_adc/project_1/project_1.gen/sources_1/bd/design_1/ipshared/0568/hdl/verilog/xsdbm_v3_0_5_bs_core_vec.vh:310]
INFO: [Synth 8-11241] undeclared symbol 'runtest_int', assumed default net type 'wire' [/home/kokunev/data/git_root/dig/dig_board_pcie_plus_adc/project_1/project_1.gen/sources_1/bd/design_1/ipshared/0568/hdl/verilog/xsdbm_v3_0_5_bs_core_vec.vh:312]
INFO: [Synth 8-11241] undeclared symbol 'tms_int', assumed default net type 'wire' [/home/kokunev/data/git_root/dig/dig_board_pcie_plus_adc/project_1/project_1.gen/sources_1/bd/design_1/ipshared/0568/hdl/verilog/xsdbm_v3_0_5_bs_core_vec.vh:345]
INFO: [Synth 8-11241] undeclared symbol 'runtest_int', assumed default net type 'wire' [/home/kokunev/data/git_root/dig/dig_board_pcie_plus_adc/project_1/project_1.gen/sources_1/bd/design_1/ipshared/0568/hdl/verilog/xsdbm_v3_0_5_bs_core_vec.vh:347]
INFO: [Synth 8-11241] undeclared symbol 'tms_int', assumed default net type 'wire' [/home/kokunev/data/git_root/dig/dig_board_pcie_plus_adc/project_1/project_1.gen/sources_1/bd/design_1/ipshared/0568/hdl/verilog/xsdbm_v3_0_5_bs_core_vec.vh:380]
INFO: [Synth 8-11241] undeclared symbol 'runtest_int', assumed default net type 'wire' [/home/kokunev/data/git_root/dig/dig_board_pcie_plus_adc/project_1/project_1.gen/sources_1/bd/design_1/ipshared/0568/hdl/verilog/xsdbm_v3_0_5_bs_core_vec.vh:382]
INFO: [Synth 8-11241] undeclared symbol 'tms_int', assumed default net type 'wire' [/home/kokunev/data/git_root/dig/dig_board_pcie_plus_adc/project_1/project_1.gen/sources_1/bd/design_1/ipshared/0568/hdl/verilog/xsdbm_v3_0_5_bs_core_vec.vh:415]
INFO: [Synth 8-11241] undeclared symbol 'runtest_int', assumed default net type 'wire' [/home/kokunev/data/git_root/dig/dig_board_pcie_plus_adc/project_1/project_1.gen/sources_1/bd/design_1/ipshared/0568/hdl/verilog/xsdbm_v3_0_5_bs_core_vec.vh:417]
INFO: [Synth 8-11241] undeclared symbol 'tms_int', assumed default net type 'wire' [/home/kokunev/data/git_root/dig/dig_board_pcie_plus_adc/project_1/project_1.gen/sources_1/bd/design_1/ipshared/0568/hdl/verilog/xsdbm_v3_0_5_bs_core_vec.vh:450]
INFO: [Synth 8-11241] undeclared symbol 'runtest_int', assumed default net type 'wire' [/home/kokunev/data/git_root/dig/dig_board_pcie_plus_adc/project_1/project_1.gen/sources_1/bd/design_1/ipshared/0568/hdl/verilog/xsdbm_v3_0_5_bs_core_vec.vh:452]
INFO: [Synth 8-11241] undeclared symbol 'tms_int', assumed default net type 'wire' [/home/kokunev/data/git_root/dig/dig_board_pcie_plus_adc/project_1/project_1.gen/sources_1/bd/design_1/ipshared/0568/hdl/verilog/xsdbm_v3_0_5_bs_core_vec.vh:485]
INFO: [Synth 8-11241] undeclared symbol 'runtest_int', assumed default net type 'wire' [/home/kokunev/data/git_root/dig/dig_board_pcie_plus_adc/project_1/project_1.gen/sources_1/bd/design_1/ipshared/0568/hdl/verilog/xsdbm_v3_0_5_bs_core_vec.vh:487]
INFO: [Synth 8-11241] undeclared symbol 'tms_int', assumed default net type 'wire' [/home/kokunev/data/git_root/dig/dig_board_pcie_plus_adc/project_1/project_1.gen/sources_1/bd/design_1/ipshared/0568/hdl/verilog/xsdbm_v3_0_5_bs_core_vec.vh:30]
INFO: [Synth 8-11241] undeclared symbol 'runtest_int', assumed default net type 'wire' [/home/kokunev/data/git_root/dig/dig_board_pcie_plus_adc/project_1/project_1.gen/sources_1/bd/design_1/ipshared/0568/hdl/verilog/xsdbm_v3_0_5_bs_core_vec.vh:32]
INFO: [Synth 8-11241] undeclared symbol 'tms_int', assumed default net type 'wire' [/home/kokunev/data/git_root/dig/dig_board_pcie_plus_adc/project_1/project_1.gen/sources_1/bd/design_1/ipshared/0568/hdl/verilog/xsdbm_v3_0_5_bs_core_vec.vh:65]
INFO: [Synth 8-11241] undeclared symbol 'runtest_int', assumed default net type 'wire' [/home/kokunev/data/git_root/dig/dig_board_pcie_plus_adc/project_1/project_1.gen/sources_1/bd/design_1/ipshared/0568/hdl/verilog/xsdbm_v3_0_5_bs_core_vec.vh:67]
INFO: [Synth 8-11241] undeclared symbol 'tms_int', assumed default net type 'wire' [/home/kokunev/data/git_root/dig/dig_board_pcie_plus_adc/project_1/project_1.gen/sources_1/bd/design_1/ipshared/0568/hdl/verilog/xsdbm_v3_0_5_bs_core_vec.vh:100]
INFO: [Synth 8-11241] undeclared symbol 'runtest_int', assumed default net type 'wire' [/home/kokunev/data/git_root/dig/dig_board_pcie_plus_adc/project_1/project_1.gen/sources_1/bd/design_1/ipshared/0568/hdl/verilog/xsdbm_v3_0_5_bs_core_vec.vh:102]
INFO: [Synth 8-11241] undeclared symbol 'tms_int', assumed default net type 'wire' [/home/kokunev/data/git_root/dig/dig_board_pcie_plus_adc/project_1/project_1.gen/sources_1/bd/design_1/ipshared/0568/hdl/verilog/xsdbm_v3_0_5_bs_core_vec.vh:135]
INFO: [Synth 8-11241] undeclared symbol 'runtest_int', assumed default net type 'wire' [/home/kokunev/data/git_root/dig/dig_board_pcie_plus_adc/project_1/project_1.gen/sources_1/bd/design_1/ipshared/0568/hdl/verilog/xsdbm_v3_0_5_bs_core_vec.vh:137]
INFO: [Synth 8-11241] undeclared symbol 'tms_int', assumed default net type 'wire' [/home/kokunev/data/git_root/dig/dig_board_pcie_plus_adc/project_1/project_1.gen/sources_1/bd/design_1/ipshared/0568/hdl/verilog/xsdbm_v3_0_5_bs_core_vec.vh:170]
INFO: [Synth 8-11241] undeclared symbol 'runtest_int', assumed default net type 'wire' [/home/kokunev/data/git_root/dig/dig_board_pcie_plus_adc/project_1/project_1.gen/sources_1/bd/design_1/ipshared/0568/hdl/verilog/xsdbm_v3_0_5_bs_core_vec.vh:172]
INFO: [Synth 8-11241] undeclared symbol 'tms_int', assumed default net type 'wire' [/home/kokunev/data/git_root/dig/dig_board_pcie_plus_adc/project_1/project_1.gen/sources_1/bd/design_1/ipshared/0568/hdl/verilog/xsdbm_v3_0_5_bs_core_vec.vh:205]
INFO: [Synth 8-11241] undeclared symbol 'runtest_int', assumed default net type 'wire' [/home/kokunev/data/git_root/dig/dig_board_pcie_plus_adc/project_1/project_1.gen/sources_1/bd/design_1/ipshared/0568/hdl/verilog/xsdbm_v3_0_5_bs_core_vec.vh:207]
INFO: [Common 17-14] Message 'Synth 8-11241' appears 100 times and further instances of the messages will be disabled. Use the Tcl command set_msg_config to change the current settings.
INFO: [Synth 8-6014] Unused sequential element Not_Dual.ALLOUT_ND.READ_REG_GEN[0].GPIO_DBus_i_reg was removed.  [/home/kokunev/data/git_root/dig/dig_board_pcie_plus_adc/project_1/project_1.gen/sources_1/bd/design_1/ipshared/0271/hdl/axi_gpio_v2_0_vh_rfs.vhd:323]
INFO: [Synth 8-6014] Unused sequential element Not_Dual.gpio_Data_In_reg was removed.  [/home/kokunev/data/git_root/dig/dig_board_pcie_plus_adc/project_1/project_1.gen/sources_1/bd/design_1/ipshared/0271/hdl/axi_gpio_v2_0_vh_rfs.vhd:485]
INFO: [Synth 8-6014] Unused sequential element ro_a_reg was removed.  [/home/kokunev/data/git_root/dig/dig_board_pcie_plus_adc/project_1/project_1.gen/sources_1/bd/design_1/ipshared/67c0/hdl/axi_iic_v2_1_vh_rfs.vhd:2219]
INFO: [Synth 8-6014] Unused sequential element sda_cout_reg_d1_reg was removed.  [/home/kokunev/data/git_root/dig/dig_board_pcie_plus_adc/project_1/project_1.gen/sources_1/bd/design_1/ipshared/67c0/hdl/axi_iic_v2_1_vh_rfs.vhd:3610]
INFO: [Synth 8-6014] Unused sequential element gen_stop_and_scl_hi_reg was removed.  [/home/kokunev/data/git_root/dig/dig_board_pcie_plus_adc/project_1/project_1.gen/sources_1/bd/design_1/ipshared/67c0/hdl/axi_iic_v2_1_vh_rfs.vhd:3831]
INFO: [Synth 8-6014] Unused sequential element dynamic_MSMS_d_reg was removed.  [/home/kokunev/data/git_root/dig/dig_board_pcie_plus_adc/project_1/project_1.gen/sources_1/bd/design_1/ipshared/67c0/hdl/axi_iic_v2_1_vh_rfs.vhd:5228]
WARNING: [Synth 8-3848] Net aresetn_out in module/entity clk_map_imp_5Y9LOC does not have driver. [/home/kokunev/data/git_root/dig/dig_board_pcie_plus_adc/project_1/project_1.gen/sources_1/bd/design_1/ip/design_1_axi_smc_0/bd_0/synth/bd_afc3.v:1118]
INFO: [Synth 8-3848] Net sl_iport0 in module/entity bd_f60c_ila_lib_0 does not have driver. [/home/kokunev/data/git_root/dig/dig_board_pcie_plus_adc/project_1/project_1.gen/sources_1/bd/design_1/ip/design_1_system_ila_0_0/bd_0/ip/ip_0/synth/bd_f60c_ila_lib_0.v:98]
WARNING: [Synth 8-3848] Net probe_out0 in module/entity bd_365d_0_g_inst_0_gigantic_mux does not have driver. [/home/kokunev/data/git_root/dig/dig_board_pcie_plus_adc/project_1/project_1.gen/sources_1/bd/design_1/ip/design_1_system_ila_1_0/bd_0/ip/ip_1/bd_365d_0_g_inst_0_gigantic_mux.v:1985]
WARNING: [Synth 8-3848] Net probe_out1 in module/entity bd_365d_0_g_inst_0_gigantic_mux does not have driver. [/home/kokunev/data/git_root/dig/dig_board_pcie_plus_adc/project_1/project_1.gen/sources_1/bd/design_1/ip/design_1_system_ila_1_0/bd_0/ip/ip_1/bd_365d_0_g_inst_0_gigantic_mux.v:1986]
WARNING: [Synth 8-3848] Net probe_out2 in module/entity bd_365d_0_g_inst_0_gigantic_mux does not have driver. [/home/kokunev/data/git_root/dig/dig_board_pcie_plus_adc/project_1/project_1.gen/sources_1/bd/design_1/ip/design_1_system_ila_1_0/bd_0/ip/ip_1/bd_365d_0_g_inst_0_gigantic_mux.v:1987]
WARNING: [Synth 8-3848] Net probe_out3 in module/entity bd_365d_0_g_inst_0_gigantic_mux does not have driver. [/home/kokunev/data/git_root/dig/dig_board_pcie_plus_adc/project_1/project_1.gen/sources_1/bd/design_1/ip/design_1_system_ila_1_0/bd_0/ip/ip_1/bd_365d_0_g_inst_0_gigantic_mux.v:1988]
WARNING: [Synth 8-3848] Net probe_out4 in module/entity bd_365d_0_g_inst_0_gigantic_mux does not have driver. [/home/kokunev/data/git_root/dig/dig_board_pcie_plus_adc/project_1/project_1.gen/sources_1/bd/design_1/ip/design_1_system_ila_1_0/bd_0/ip/ip_1/bd_365d_0_g_inst_0_gigantic_mux.v:1989]
WARNING: [Synth 8-3848] Net probe_out5 in module/entity bd_365d_0_g_inst_0_gigantic_mux does not have driver. [/home/kokunev/data/git_root/dig/dig_board_pcie_plus_adc/project_1/project_1.gen/sources_1/bd/design_1/ip/design_1_system_ila_1_0/bd_0/ip/ip_1/bd_365d_0_g_inst_0_gigantic_mux.v:1990]
WARNING: [Synth 8-3848] Net probe_out6 in module/entity bd_365d_0_g_inst_0_gigantic_mux does not have driver. [/home/kokunev/data/git_root/dig/dig_board_pcie_plus_adc/project_1/project_1.gen/sources_1/bd/design_1/ip/design_1_system_ila_1_0/bd_0/ip/ip_1/bd_365d_0_g_inst_0_gigantic_mux.v:1991]
WARNING: [Synth 8-3848] Net probe_out7 in module/entity bd_365d_0_g_inst_0_gigantic_mux does not have driver. [/home/kokunev/data/git_root/dig/dig_board_pcie_plus_adc/project_1/project_1.gen/sources_1/bd/design_1/ip/design_1_system_ila_1_0/bd_0/ip/ip_1/bd_365d_0_g_inst_0_gigantic_mux.v:1992]
WARNING: [Synth 8-3848] Net probe_out8 in module/entity bd_365d_0_g_inst_0_gigantic_mux does not have driver. [/home/kokunev/data/git_root/dig/dig_board_pcie_plus_adc/project_1/project_1.gen/sources_1/bd/design_1/ip/design_1_system_ila_1_0/bd_0/ip/ip_1/bd_365d_0_g_inst_0_gigantic_mux.v:1993]
WARNING: [Synth 8-3848] Net probe_out9 in module/entity bd_365d_0_g_inst_0_gigantic_mux does not have driver. [/home/kokunev/data/git_root/dig/dig_board_pcie_plus_adc/project_1/project_1.gen/sources_1/bd/design_1/ip/design_1_system_ila_1_0/bd_0/ip/ip_1/bd_365d_0_g_inst_0_gigantic_mux.v:1994]
WARNING: [Synth 8-3848] Net probe_out10 in module/entity bd_365d_0_g_inst_0_gigantic_mux does not have driver. [/home/kokunev/data/git_root/dig/dig_board_pcie_plus_adc/project_1/project_1.gen/sources_1/bd/design_1/ip/design_1_system_ila_1_0/bd_0/ip/ip_1/bd_365d_0_g_inst_0_gigantic_mux.v:1995]
WARNING: [Synth 8-3848] Net probe_out11 in module/entity bd_365d_0_g_inst_0_gigantic_mux does not have driver. [/home/kokunev/data/git_root/dig/dig_board_pcie_plus_adc/project_1/project_1.gen/sources_1/bd/design_1/ip/design_1_system_ila_1_0/bd_0/ip/ip_1/bd_365d_0_g_inst_0_gigantic_mux.v:1996]
WARNING: [Synth 8-3848] Net probe_out12 in module/entity bd_365d_0_g_inst_0_gigantic_mux does not have driver. [/home/kokunev/data/git_root/dig/dig_board_pcie_plus_adc/project_1/project_1.gen/sources_1/bd/design_1/ip/design_1_system_ila_1_0/bd_0/ip/ip_1/bd_365d_0_g_inst_0_gigantic_mux.v:1997]
WARNING: [Synth 8-3848] Net probe_out13 in module/entity bd_365d_0_g_inst_0_gigantic_mux does not have driver. [/home/kokunev/data/git_root/dig/dig_board_pcie_plus_adc/project_1/project_1.gen/sources_1/bd/design_1/ip/design_1_system_ila_1_0/bd_0/ip/ip_1/bd_365d_0_g_inst_0_gigantic_mux.v:1998]
WARNING: [Synth 8-3848] Net probe_out14 in module/entity bd_365d_0_g_inst_0_gigantic_mux does not have driver. [/home/kokunev/data/git_root/dig/dig_board_pcie_plus_adc/project_1/project_1.gen/sources_1/bd/design_1/ip/design_1_system_ila_1_0/bd_0/ip/ip_1/bd_365d_0_g_inst_0_gigantic_mux.v:1999]
WARNING: [Synth 8-3848] Net probe_out15 in module/entity bd_365d_0_g_inst_0_gigantic_mux does not have driver. [/home/kokunev/data/git_root/dig/dig_board_pcie_plus_adc/project_1/project_1.gen/sources_1/bd/design_1/ip/design_1_system_ila_1_0/bd_0/ip/ip_1/bd_365d_0_g_inst_0_gigantic_mux.v:2000]
WARNING: [Synth 8-3848] Net probe_out16 in module/entity bd_365d_0_g_inst_0_gigantic_mux does not have driver. [/home/kokunev/data/git_root/dig/dig_board_pcie_plus_adc/project_1/project_1.gen/sources_1/bd/design_1/ip/design_1_system_ila_1_0/bd_0/ip/ip_1/bd_365d_0_g_inst_0_gigantic_mux.v:2001]
WARNING: [Synth 8-3848] Net probe_out17 in module/entity bd_365d_0_g_inst_0_gigantic_mux does not have driver. [/home/kokunev/data/git_root/dig/dig_board_pcie_plus_adc/project_1/project_1.gen/sources_1/bd/design_1/ip/design_1_system_ila_1_0/bd_0/ip/ip_1/bd_365d_0_g_inst_0_gigantic_mux.v:2002]
WARNING: [Synth 8-3848] Net probe_out18 in module/entity bd_365d_0_g_inst_0_gigantic_mux does not have driver. [/home/kokunev/data/git_root/dig/dig_board_pcie_plus_adc/project_1/project_1.gen/sources_1/bd/design_1/ip/design_1_system_ila_1_0/bd_0/ip/ip_1/bd_365d_0_g_inst_0_gigantic_mux.v:2003]
WARNING: [Synth 8-3848] Net probe_out19 in module/entity bd_365d_0_g_inst_0_gigantic_mux does not have driver. [/home/kokunev/data/git_root/dig/dig_board_pcie_plus_adc/project_1/project_1.gen/sources_1/bd/design_1/ip/design_1_system_ila_1_0/bd_0/ip/ip_1/bd_365d_0_g_inst_0_gigantic_mux.v:2004]
WARNING: [Synth 8-3848] Net probe_out20 in module/entity bd_365d_0_g_inst_0_gigantic_mux does not have driver. [/home/kokunev/data/git_root/dig/dig_board_pcie_plus_adc/project_1/project_1.gen/sources_1/bd/design_1/ip/design_1_system_ila_1_0/bd_0/ip/ip_1/bd_365d_0_g_inst_0_gigantic_mux.v:2005]
WARNING: [Synth 8-3848] Net probe_out21 in module/entity bd_365d_0_g_inst_0_gigantic_mux does not have driver. [/home/kokunev/data/git_root/dig/dig_board_pcie_plus_adc/project_1/project_1.gen/sources_1/bd/design_1/ip/design_1_system_ila_1_0/bd_0/ip/ip_1/bd_365d_0_g_inst_0_gigantic_mux.v:2006]
WARNING: [Synth 8-3848] Net probe_out22 in module/entity bd_365d_0_g_inst_0_gigantic_mux does not have driver. [/home/kokunev/data/git_root/dig/dig_board_pcie_plus_adc/project_1/project_1.gen/sources_1/bd/design_1/ip/design_1_system_ila_1_0/bd_0/ip/ip_1/bd_365d_0_g_inst_0_gigantic_mux.v:2007]
WARNING: [Synth 8-3848] Net probe_out23 in module/entity bd_365d_0_g_inst_0_gigantic_mux does not have driver. [/home/kokunev/data/git_root/dig/dig_board_pcie_plus_adc/project_1/project_1.gen/sources_1/bd/design_1/ip/design_1_system_ila_1_0/bd_0/ip/ip_1/bd_365d_0_g_inst_0_gigantic_mux.v:2008]
WARNING: [Synth 8-3848] Net probe_out24 in module/entity bd_365d_0_g_inst_0_gigantic_mux does not have driver. [/home/kokunev/data/git_root/dig/dig_board_pcie_plus_adc/project_1/project_1.gen/sources_1/bd/design_1/ip/design_1_system_ila_1_0/bd_0/ip/ip_1/bd_365d_0_g_inst_0_gigantic_mux.v:2009]
WARNING: [Synth 8-3848] Net probe_out25 in module/entity bd_365d_0_g_inst_0_gigantic_mux does not have driver. [/home/kokunev/data/git_root/dig/dig_board_pcie_plus_adc/project_1/project_1.gen/sources_1/bd/design_1/ip/design_1_system_ila_1_0/bd_0/ip/ip_1/bd_365d_0_g_inst_0_gigantic_mux.v:2010]
WARNING: [Synth 8-3848] Net probe_out26 in module/entity bd_365d_0_g_inst_0_gigantic_mux does not have driver. [/home/kokunev/data/git_root/dig/dig_board_pcie_plus_adc/project_1/project_1.gen/sources_1/bd/design_1/ip/design_1_system_ila_1_0/bd_0/ip/ip_1/bd_365d_0_g_inst_0_gigantic_mux.v:2011]
WARNING: [Synth 8-3848] Net probe_out27 in module/entity bd_365d_0_g_inst_0_gigantic_mux does not have driver. [/home/kokunev/data/git_root/dig/dig_board_pcie_plus_adc/project_1/project_1.gen/sources_1/bd/design_1/ip/design_1_system_ila_1_0/bd_0/ip/ip_1/bd_365d_0_g_inst_0_gigantic_mux.v:2012]
WARNING: [Synth 8-3848] Net probe_out28 in module/entity bd_365d_0_g_inst_0_gigantic_mux does not have driver. [/home/kokunev/data/git_root/dig/dig_board_pcie_plus_adc/project_1/project_1.gen/sources_1/bd/design_1/ip/design_1_system_ila_1_0/bd_0/ip/ip_1/bd_365d_0_g_inst_0_gigantic_mux.v:2013]
WARNING: [Synth 8-3848] Net probe_out29 in module/entity bd_365d_0_g_inst_0_gigantic_mux does not have driver. [/home/kokunev/data/git_root/dig/dig_board_pcie_plus_adc/project_1/project_1.gen/sources_1/bd/design_1/ip/design_1_system_ila_1_0/bd_0/ip/ip_1/bd_365d_0_g_inst_0_gigantic_mux.v:2014]
WARNING: [Synth 8-3848] Net probe_out30 in module/entity bd_365d_0_g_inst_0_gigantic_mux does not have driver. [/home/kokunev/data/git_root/dig/dig_board_pcie_plus_adc/project_1/project_1.gen/sources_1/bd/design_1/ip/design_1_system_ila_1_0/bd_0/ip/ip_1/bd_365d_0_g_inst_0_gigantic_mux.v:2015]
WARNING: [Synth 8-3848] Net probe_out31 in module/entity bd_365d_0_g_inst_0_gigantic_mux does not have driver. [/home/kokunev/data/git_root/dig/dig_board_pcie_plus_adc/project_1/project_1.gen/sources_1/bd/design_1/ip/design_1_system_ila_1_0/bd_0/ip/ip_1/bd_365d_0_g_inst_0_gigantic_mux.v:2016]
WARNING: [Synth 8-3848] Net probe_out32 in module/entity bd_365d_0_g_inst_0_gigantic_mux does not have driver. [/home/kokunev/data/git_root/dig/dig_board_pcie_plus_adc/project_1/project_1.gen/sources_1/bd/design_1/ip/design_1_system_ila_1_0/bd_0/ip/ip_1/bd_365d_0_g_inst_0_gigantic_mux.v:2017]
WARNING: [Synth 8-3848] Net probe_out33 in module/entity bd_365d_0_g_inst_0_gigantic_mux does not have driver. [/home/kokunev/data/git_root/dig/dig_board_pcie_plus_adc/project_1/project_1.gen/sources_1/bd/design_1/ip/design_1_system_ila_1_0/bd_0/ip/ip_1/bd_365d_0_g_inst_0_gigantic_mux.v:2018]
WARNING: [Synth 8-3848] Net probe_out34 in module/entity bd_365d_0_g_inst_0_gigantic_mux does not have driver. [/home/kokunev/data/git_root/dig/dig_board_pcie_plus_adc/project_1/project_1.gen/sources_1/bd/design_1/ip/design_1_system_ila_1_0/bd_0/ip/ip_1/bd_365d_0_g_inst_0_gigantic_mux.v:2019]
WARNING: [Synth 8-3848] Net probe_out35 in module/entity bd_365d_0_g_inst_0_gigantic_mux does not have driver. [/home/kokunev/data/git_root/dig/dig_board_pcie_plus_adc/project_1/project_1.gen/sources_1/bd/design_1/ip/design_1_system_ila_1_0/bd_0/ip/ip_1/bd_365d_0_g_inst_0_gigantic_mux.v:2020]
WARNING: [Synth 8-3848] Net probe_out36 in module/entity bd_365d_0_g_inst_0_gigantic_mux does not have driver. [/home/kokunev/data/git_root/dig/dig_board_pcie_plus_adc/project_1/project_1.gen/sources_1/bd/design_1/ip/design_1_system_ila_1_0/bd_0/ip/ip_1/bd_365d_0_g_inst_0_gigantic_mux.v:2021]
WARNING: [Synth 8-3848] Net probe_out37 in module/entity bd_365d_0_g_inst_0_gigantic_mux does not have driver. [/home/kokunev/data/git_root/dig/dig_board_pcie_plus_adc/project_1/project_1.gen/sources_1/bd/design_1/ip/design_1_system_ila_1_0/bd_0/ip/ip_1/bd_365d_0_g_inst_0_gigantic_mux.v:2022]
WARNING: [Synth 8-3848] Net probe_out38 in module/entity bd_365d_0_g_inst_0_gigantic_mux does not have driver. [/home/kokunev/data/git_root/dig/dig_board_pcie_plus_adc/project_1/project_1.gen/sources_1/bd/design_1/ip/design_1_system_ila_1_0/bd_0/ip/ip_1/bd_365d_0_g_inst_0_gigantic_mux.v:2023]
WARNING: [Synth 8-3848] Net probe_out39 in module/entity bd_365d_0_g_inst_0_gigantic_mux does not have driver. [/home/kokunev/data/git_root/dig/dig_board_pcie_plus_adc/project_1/project_1.gen/sources_1/bd/design_1/ip/design_1_system_ila_1_0/bd_0/ip/ip_1/bd_365d_0_g_inst_0_gigantic_mux.v:2024]
WARNING: [Synth 8-3848] Net probe_out40 in module/entity bd_365d_0_g_inst_0_gigantic_mux does not have driver. [/home/kokunev/data/git_root/dig/dig_board_pcie_plus_adc/project_1/project_1.gen/sources_1/bd/design_1/ip/design_1_system_ila_1_0/bd_0/ip/ip_1/bd_365d_0_g_inst_0_gigantic_mux.v:2025]
WARNING: [Synth 8-3848] Net probe_out41 in module/entity bd_365d_0_g_inst_0_gigantic_mux does not have driver. [/home/kokunev/data/git_root/dig/dig_board_pcie_plus_adc/project_1/project_1.gen/sources_1/bd/design_1/ip/design_1_system_ila_1_0/bd_0/ip/ip_1/bd_365d_0_g_inst_0_gigantic_mux.v:2026]
WARNING: [Synth 8-3848] Net probe_out42 in module/entity bd_365d_0_g_inst_0_gigantic_mux does not have driver. [/home/kokunev/data/git_root/dig/dig_board_pcie_plus_adc/project_1/project_1.gen/sources_1/bd/design_1/ip/design_1_system_ila_1_0/bd_0/ip/ip_1/bd_365d_0_g_inst_0_gigantic_mux.v:2027]
WARNING: [Synth 8-3848] Net probe_out43 in module/entity bd_365d_0_g_inst_0_gigantic_mux does not have driver. [/home/kokunev/data/git_root/dig/dig_board_pcie_plus_adc/project_1/project_1.gen/sources_1/bd/design_1/ip/design_1_system_ila_1_0/bd_0/ip/ip_1/bd_365d_0_g_inst_0_gigantic_mux.v:2028]
WARNING: [Synth 8-3848] Net probe_out44 in module/entity bd_365d_0_g_inst_0_gigantic_mux does not have driver. [/home/kokunev/data/git_root/dig/dig_board_pcie_plus_adc/project_1/project_1.gen/sources_1/bd/design_1/ip/design_1_system_ila_1_0/bd_0/ip/ip_1/bd_365d_0_g_inst_0_gigantic_mux.v:2029]
WARNING: [Synth 8-3848] Net probe_out45 in module/entity bd_365d_0_g_inst_0_gigantic_mux does not have driver. [/home/kokunev/data/git_root/dig/dig_board_pcie_plus_adc/project_1/project_1.gen/sources_1/bd/design_1/ip/design_1_system_ila_1_0/bd_0/ip/ip_1/bd_365d_0_g_inst_0_gigantic_mux.v:2030]
WARNING: [Synth 8-3848] Net probe_out46 in module/entity bd_365d_0_g_inst_0_gigantic_mux does not have driver. [/home/kokunev/data/git_root/dig/dig_board_pcie_plus_adc/project_1/project_1.gen/sources_1/bd/design_1/ip/design_1_system_ila_1_0/bd_0/ip/ip_1/bd_365d_0_g_inst_0_gigantic_mux.v:2031]
WARNING: [Synth 8-3848] Net probe_out47 in module/entity bd_365d_0_g_inst_0_gigantic_mux does not have driver. [/home/kokunev/data/git_root/dig/dig_board_pcie_plus_adc/project_1/project_1.gen/sources_1/bd/design_1/ip/design_1_system_ila_1_0/bd_0/ip/ip_1/bd_365d_0_g_inst_0_gigantic_mux.v:2032]
WARNING: [Synth 8-3848] Net probe_out48 in module/entity bd_365d_0_g_inst_0_gigantic_mux does not have driver. [/home/kokunev/data/git_root/dig/dig_board_pcie_plus_adc/project_1/project_1.gen/sources_1/bd/design_1/ip/design_1_system_ila_1_0/bd_0/ip/ip_1/bd_365d_0_g_inst_0_gigantic_mux.v:2033]
WARNING: [Synth 8-3848] Net probe_out49 in module/entity bd_365d_0_g_inst_0_gigantic_mux does not have driver. [/home/kokunev/data/git_root/dig/dig_board_pcie_plus_adc/project_1/project_1.gen/sources_1/bd/design_1/ip/design_1_system_ila_1_0/bd_0/ip/ip_1/bd_365d_0_g_inst_0_gigantic_mux.v:2034]
WARNING: [Synth 8-3848] Net probe_out50 in module/entity bd_365d_0_g_inst_0_gigantic_mux does not have driver. [/home/kokunev/data/git_root/dig/dig_board_pcie_plus_adc/project_1/project_1.gen/sources_1/bd/design_1/ip/design_1_system_ila_1_0/bd_0/ip/ip_1/bd_365d_0_g_inst_0_gigantic_mux.v:2035]
WARNING: [Synth 8-3848] Net probe_out51 in module/entity bd_365d_0_g_inst_0_gigantic_mux does not have driver. [/home/kokunev/data/git_root/dig/dig_board_pcie_plus_adc/project_1/project_1.gen/sources_1/bd/design_1/ip/design_1_system_ila_1_0/bd_0/ip/ip_1/bd_365d_0_g_inst_0_gigantic_mux.v:2036]
WARNING: [Synth 8-3848] Net probe_out52 in module/entity bd_365d_0_g_inst_0_gigantic_mux does not have driver. [/home/kokunev/data/git_root/dig/dig_board_pcie_plus_adc/project_1/project_1.gen/sources_1/bd/design_1/ip/design_1_system_ila_1_0/bd_0/ip/ip_1/bd_365d_0_g_inst_0_gigantic_mux.v:2037]
WARNING: [Synth 8-3848] Net probe_out53 in module/entity bd_365d_0_g_inst_0_gigantic_mux does not have driver. [/home/kokunev/data/git_root/dig/dig_board_pcie_plus_adc/project_1/project_1.gen/sources_1/bd/design_1/ip/design_1_system_ila_1_0/bd_0/ip/ip_1/bd_365d_0_g_inst_0_gigantic_mux.v:2038]
WARNING: [Synth 8-3848] Net probe_out54 in module/entity bd_365d_0_g_inst_0_gigantic_mux does not have driver. [/home/kokunev/data/git_root/dig/dig_board_pcie_plus_adc/project_1/project_1.gen/sources_1/bd/design_1/ip/design_1_system_ila_1_0/bd_0/ip/ip_1/bd_365d_0_g_inst_0_gigantic_mux.v:2039]
WARNING: [Synth 8-3848] Net probe_out55 in module/entity bd_365d_0_g_inst_0_gigantic_mux does not have driver. [/home/kokunev/data/git_root/dig/dig_board_pcie_plus_adc/project_1/project_1.gen/sources_1/bd/design_1/ip/design_1_system_ila_1_0/bd_0/ip/ip_1/bd_365d_0_g_inst_0_gigantic_mux.v:2040]
WARNING: [Synth 8-3848] Net probe_out56 in module/entity bd_365d_0_g_inst_0_gigantic_mux does not have driver. [/home/kokunev/data/git_root/dig/dig_board_pcie_plus_adc/project_1/project_1.gen/sources_1/bd/design_1/ip/design_1_system_ila_1_0/bd_0/ip/ip_1/bd_365d_0_g_inst_0_gigantic_mux.v:2041]
WARNING: [Synth 8-3848] Net probe_out57 in module/entity bd_365d_0_g_inst_0_gigantic_mux does not have driver. [/home/kokunev/data/git_root/dig/dig_board_pcie_plus_adc/project_1/project_1.gen/sources_1/bd/design_1/ip/design_1_system_ila_1_0/bd_0/ip/ip_1/bd_365d_0_g_inst_0_gigantic_mux.v:2042]
WARNING: [Synth 8-3848] Net probe_out58 in module/entity bd_365d_0_g_inst_0_gigantic_mux does not have driver. [/home/kokunev/data/git_root/dig/dig_board_pcie_plus_adc/project_1/project_1.gen/sources_1/bd/design_1/ip/design_1_system_ila_1_0/bd_0/ip/ip_1/bd_365d_0_g_inst_0_gigantic_mux.v:2043]
WARNING: [Synth 8-3848] Net probe_out59 in module/entity bd_365d_0_g_inst_0_gigantic_mux does not have driver. [/home/kokunev/data/git_root/dig/dig_board_pcie_plus_adc/project_1/project_1.gen/sources_1/bd/design_1/ip/design_1_system_ila_1_0/bd_0/ip/ip_1/bd_365d_0_g_inst_0_gigantic_mux.v:2044]
WARNING: [Synth 8-3848] Net probe_out60 in module/entity bd_365d_0_g_inst_0_gigantic_mux does not have driver. [/home/kokunev/data/git_root/dig/dig_board_pcie_plus_adc/project_1/project_1.gen/sources_1/bd/design_1/ip/design_1_system_ila_1_0/bd_0/ip/ip_1/bd_365d_0_g_inst_0_gigantic_mux.v:2045]
WARNING: [Synth 8-3848] Net probe_out61 in module/entity bd_365d_0_g_inst_0_gigantic_mux does not have driver. [/home/kokunev/data/git_root/dig/dig_board_pcie_plus_adc/project_1/project_1.gen/sources_1/bd/design_1/ip/design_1_system_ila_1_0/bd_0/ip/ip_1/bd_365d_0_g_inst_0_gigantic_mux.v:2046]
WARNING: [Synth 8-3848] Net probe_out62 in module/entity bd_365d_0_g_inst_0_gigantic_mux does not have driver. [/home/kokunev/data/git_root/dig/dig_board_pcie_plus_adc/project_1/project_1.gen/sources_1/bd/design_1/ip/design_1_system_ila_1_0/bd_0/ip/ip_1/bd_365d_0_g_inst_0_gigantic_mux.v:2047]
WARNING: [Synth 8-3848] Net probe_out63 in module/entity bd_365d_0_g_inst_0_gigantic_mux does not have driver. [/home/kokunev/data/git_root/dig/dig_board_pcie_plus_adc/project_1/project_1.gen/sources_1/bd/design_1/ip/design_1_system_ila_1_0/bd_0/ip/ip_1/bd_365d_0_g_inst_0_gigantic_mux.v:2048]
WARNING: [Synth 8-3848] Net probe_out64 in module/entity bd_365d_0_g_inst_0_gigantic_mux does not have driver. [/home/kokunev/data/git_root/dig/dig_board_pcie_plus_adc/project_1/project_1.gen/sources_1/bd/design_1/ip/design_1_system_ila_1_0/bd_0/ip/ip_1/bd_365d_0_g_inst_0_gigantic_mux.v:2049]
WARNING: [Synth 8-3848] Net probe_out65 in module/entity bd_365d_0_g_inst_0_gigantic_mux does not have driver. [/home/kokunev/data/git_root/dig/dig_board_pcie_plus_adc/project_1/project_1.gen/sources_1/bd/design_1/ip/design_1_system_ila_1_0/bd_0/ip/ip_1/bd_365d_0_g_inst_0_gigantic_mux.v:2050]
WARNING: [Synth 8-3848] Net probe_out66 in module/entity bd_365d_0_g_inst_0_gigantic_mux does not have driver. [/home/kokunev/data/git_root/dig/dig_board_pcie_plus_adc/project_1/project_1.gen/sources_1/bd/design_1/ip/design_1_system_ila_1_0/bd_0/ip/ip_1/bd_365d_0_g_inst_0_gigantic_mux.v:2051]
WARNING: [Synth 8-3848] Net probe_out67 in module/entity bd_365d_0_g_inst_0_gigantic_mux does not have driver. [/home/kokunev/data/git_root/dig/dig_board_pcie_plus_adc/project_1/project_1.gen/sources_1/bd/design_1/ip/design_1_system_ila_1_0/bd_0/ip/ip_1/bd_365d_0_g_inst_0_gigantic_mux.v:2052]
WARNING: [Synth 8-3848] Net probe_out68 in module/entity bd_365d_0_g_inst_0_gigantic_mux does not have driver. [/home/kokunev/data/git_root/dig/dig_board_pcie_plus_adc/project_1/project_1.gen/sources_1/bd/design_1/ip/design_1_system_ila_1_0/bd_0/ip/ip_1/bd_365d_0_g_inst_0_gigantic_mux.v:2053]
WARNING: [Synth 8-3848] Net probe_out69 in module/entity bd_365d_0_g_inst_0_gigantic_mux does not have driver. [/home/kokunev/data/git_root/dig/dig_board_pcie_plus_adc/project_1/project_1.gen/sources_1/bd/design_1/ip/design_1_system_ila_1_0/bd_0/ip/ip_1/bd_365d_0_g_inst_0_gigantic_mux.v:2054]
WARNING: [Synth 8-3848] Net probe_out70 in module/entity bd_365d_0_g_inst_0_gigantic_mux does not have driver. [/home/kokunev/data/git_root/dig/dig_board_pcie_plus_adc/project_1/project_1.gen/sources_1/bd/design_1/ip/design_1_system_ila_1_0/bd_0/ip/ip_1/bd_365d_0_g_inst_0_gigantic_mux.v:2055]
WARNING: [Synth 8-3848] Net probe_out71 in module/entity bd_365d_0_g_inst_0_gigantic_mux does not have driver. [/home/kokunev/data/git_root/dig/dig_board_pcie_plus_adc/project_1/project_1.gen/sources_1/bd/design_1/ip/design_1_system_ila_1_0/bd_0/ip/ip_1/bd_365d_0_g_inst_0_gigantic_mux.v:2056]
WARNING: [Synth 8-3848] Net probe_out72 in module/entity bd_365d_0_g_inst_0_gigantic_mux does not have driver. [/home/kokunev/data/git_root/dig/dig_board_pcie_plus_adc/project_1/project_1.gen/sources_1/bd/design_1/ip/design_1_system_ila_1_0/bd_0/ip/ip_1/bd_365d_0_g_inst_0_gigantic_mux.v:2057]
WARNING: [Synth 8-3848] Net probe_out73 in module/entity bd_365d_0_g_inst_0_gigantic_mux does not have driver. [/home/kokunev/data/git_root/dig/dig_board_pcie_plus_adc/project_1/project_1.gen/sources_1/bd/design_1/ip/design_1_system_ila_1_0/bd_0/ip/ip_1/bd_365d_0_g_inst_0_gigantic_mux.v:2058]
WARNING: [Synth 8-3848] Net probe_out74 in module/entity bd_365d_0_g_inst_0_gigantic_mux does not have driver. [/home/kokunev/data/git_root/dig/dig_board_pcie_plus_adc/project_1/project_1.gen/sources_1/bd/design_1/ip/design_1_system_ila_1_0/bd_0/ip/ip_1/bd_365d_0_g_inst_0_gigantic_mux.v:2059]
WARNING: [Synth 8-3848] Net probe_out75 in module/entity bd_365d_0_g_inst_0_gigantic_mux does not have driver. [/home/kokunev/data/git_root/dig/dig_board_pcie_plus_adc/project_1/project_1.gen/sources_1/bd/design_1/ip/design_1_system_ila_1_0/bd_0/ip/ip_1/bd_365d_0_g_inst_0_gigantic_mux.v:2060]
WARNING: [Synth 8-3848] Net probe_out76 in module/entity bd_365d_0_g_inst_0_gigantic_mux does not have driver. [/home/kokunev/data/git_root/dig/dig_board_pcie_plus_adc/project_1/project_1.gen/sources_1/bd/design_1/ip/design_1_system_ila_1_0/bd_0/ip/ip_1/bd_365d_0_g_inst_0_gigantic_mux.v:2061]
WARNING: [Synth 8-3848] Net probe_out77 in module/entity bd_365d_0_g_inst_0_gigantic_mux does not have driver. [/home/kokunev/data/git_root/dig/dig_board_pcie_plus_adc/project_1/project_1.gen/sources_1/bd/design_1/ip/design_1_system_ila_1_0/bd_0/ip/ip_1/bd_365d_0_g_inst_0_gigantic_mux.v:2062]
WARNING: [Synth 8-3848] Net probe_out78 in module/entity bd_365d_0_g_inst_0_gigantic_mux does not have driver. [/home/kokunev/data/git_root/dig/dig_board_pcie_plus_adc/project_1/project_1.gen/sources_1/bd/design_1/ip/design_1_system_ila_1_0/bd_0/ip/ip_1/bd_365d_0_g_inst_0_gigantic_mux.v:2063]
WARNING: [Synth 8-3848] Net probe_out79 in module/entity bd_365d_0_g_inst_0_gigantic_mux does not have driver. [/home/kokunev/data/git_root/dig/dig_board_pcie_plus_adc/project_1/project_1.gen/sources_1/bd/design_1/ip/design_1_system_ila_1_0/bd_0/ip/ip_1/bd_365d_0_g_inst_0_gigantic_mux.v:2064]
WARNING: [Synth 8-3848] Net probe_out80 in module/entity bd_365d_0_g_inst_0_gigantic_mux does not have driver. [/home/kokunev/data/git_root/dig/dig_board_pcie_plus_adc/project_1/project_1.gen/sources_1/bd/design_1/ip/design_1_system_ila_1_0/bd_0/ip/ip_1/bd_365d_0_g_inst_0_gigantic_mux.v:2065]
WARNING: [Synth 8-3848] Net probe_out81 in module/entity bd_365d_0_g_inst_0_gigantic_mux does not have driver. [/home/kokunev/data/git_root/dig/dig_board_pcie_plus_adc/project_1/project_1.gen/sources_1/bd/design_1/ip/design_1_system_ila_1_0/bd_0/ip/ip_1/bd_365d_0_g_inst_0_gigantic_mux.v:2066]
WARNING: [Synth 8-3848] Net probe_out82 in module/entity bd_365d_0_g_inst_0_gigantic_mux does not have driver. [/home/kokunev/data/git_root/dig/dig_board_pcie_plus_adc/project_1/project_1.gen/sources_1/bd/design_1/ip/design_1_system_ila_1_0/bd_0/ip/ip_1/bd_365d_0_g_inst_0_gigantic_mux.v:2067]
WARNING: [Synth 8-3848] Net probe_out83 in module/entity bd_365d_0_g_inst_0_gigantic_mux does not have driver. [/home/kokunev/data/git_root/dig/dig_board_pcie_plus_adc/project_1/project_1.gen/sources_1/bd/design_1/ip/design_1_system_ila_1_0/bd_0/ip/ip_1/bd_365d_0_g_inst_0_gigantic_mux.v:2068]
WARNING: [Synth 8-3848] Net probe_out84 in module/entity bd_365d_0_g_inst_0_gigantic_mux does not have driver. [/home/kokunev/data/git_root/dig/dig_board_pcie_plus_adc/project_1/project_1.gen/sources_1/bd/design_1/ip/design_1_system_ila_1_0/bd_0/ip/ip_1/bd_365d_0_g_inst_0_gigantic_mux.v:2069]
WARNING: [Synth 8-3848] Net probe_out85 in module/entity bd_365d_0_g_inst_0_gigantic_mux does not have driver. [/home/kokunev/data/git_root/dig/dig_board_pcie_plus_adc/project_1/project_1.gen/sources_1/bd/design_1/ip/design_1_system_ila_1_0/bd_0/ip/ip_1/bd_365d_0_g_inst_0_gigantic_mux.v:2070]
WARNING: [Synth 8-3848] Net probe_out86 in module/entity bd_365d_0_g_inst_0_gigantic_mux does not have driver. [/home/kokunev/data/git_root/dig/dig_board_pcie_plus_adc/project_1/project_1.gen/sources_1/bd/design_1/ip/design_1_system_ila_1_0/bd_0/ip/ip_1/bd_365d_0_g_inst_0_gigantic_mux.v:2071]
WARNING: [Synth 8-3848] Net probe_out87 in module/entity bd_365d_0_g_inst_0_gigantic_mux does not have driver. [/home/kokunev/data/git_root/dig/dig_board_pcie_plus_adc/project_1/project_1.gen/sources_1/bd/design_1/ip/design_1_system_ila_1_0/bd_0/ip/ip_1/bd_365d_0_g_inst_0_gigantic_mux.v:2072]
WARNING: [Synth 8-3848] Net probe_out88 in module/entity bd_365d_0_g_inst_0_gigantic_mux does not have driver. [/home/kokunev/data/git_root/dig/dig_board_pcie_plus_adc/project_1/project_1.gen/sources_1/bd/design_1/ip/design_1_system_ila_1_0/bd_0/ip/ip_1/bd_365d_0_g_inst_0_gigantic_mux.v:2073]
WARNING: [Synth 8-3848] Net probe_out89 in module/entity bd_365d_0_g_inst_0_gigantic_mux does not have driver. [/home/kokunev/data/git_root/dig/dig_board_pcie_plus_adc/project_1/project_1.gen/sources_1/bd/design_1/ip/design_1_system_ila_1_0/bd_0/ip/ip_1/bd_365d_0_g_inst_0_gigantic_mux.v:2074]
WARNING: [Synth 8-3848] Net probe_out90 in module/entity bd_365d_0_g_inst_0_gigantic_mux does not have driver. [/home/kokunev/data/git_root/dig/dig_board_pcie_plus_adc/project_1/project_1.gen/sources_1/bd/design_1/ip/design_1_system_ila_1_0/bd_0/ip/ip_1/bd_365d_0_g_inst_0_gigantic_mux.v:2075]
WARNING: [Synth 8-3848] Net probe_out91 in module/entity bd_365d_0_g_inst_0_gigantic_mux does not have driver. [/home/kokunev/data/git_root/dig/dig_board_pcie_plus_adc/project_1/project_1.gen/sources_1/bd/design_1/ip/design_1_system_ila_1_0/bd_0/ip/ip_1/bd_365d_0_g_inst_0_gigantic_mux.v:2076]
WARNING: [Synth 8-3848] Net probe_out92 in module/entity bd_365d_0_g_inst_0_gigantic_mux does not have driver. [/home/kokunev/data/git_root/dig/dig_board_pcie_plus_adc/project_1/project_1.gen/sources_1/bd/design_1/ip/design_1_system_ila_1_0/bd_0/ip/ip_1/bd_365d_0_g_inst_0_gigantic_mux.v:2077]
WARNING: [Synth 8-3848] Net probe_out93 in module/entity bd_365d_0_g_inst_0_gigantic_mux does not have driver. [/home/kokunev/data/git_root/dig/dig_board_pcie_plus_adc/project_1/project_1.gen/sources_1/bd/design_1/ip/design_1_system_ila_1_0/bd_0/ip/ip_1/bd_365d_0_g_inst_0_gigantic_mux.v:2078]
WARNING: [Synth 8-3848] Net probe_out94 in module/entity bd_365d_0_g_inst_0_gigantic_mux does not have driver. [/home/kokunev/data/git_root/dig/dig_board_pcie_plus_adc/project_1/project_1.gen/sources_1/bd/design_1/ip/design_1_system_ila_1_0/bd_0/ip/ip_1/bd_365d_0_g_inst_0_gigantic_mux.v:2079]
WARNING: [Synth 8-3848] Net probe_out95 in module/entity bd_365d_0_g_inst_0_gigantic_mux does not have driver. [/home/kokunev/data/git_root/dig/dig_board_pcie_plus_adc/project_1/project_1.gen/sources_1/bd/design_1/ip/design_1_system_ila_1_0/bd_0/ip/ip_1/bd_365d_0_g_inst_0_gigantic_mux.v:2080]
WARNING: [Synth 8-3848] Net probe_out96 in module/entity bd_365d_0_g_inst_0_gigantic_mux does not have driver. [/home/kokunev/data/git_root/dig/dig_board_pcie_plus_adc/project_1/project_1.gen/sources_1/bd/design_1/ip/design_1_system_ila_1_0/bd_0/ip/ip_1/bd_365d_0_g_inst_0_gigantic_mux.v:2081]
WARNING: [Synth 8-3848] Net probe_out97 in module/entity bd_365d_0_g_inst_0_gigantic_mux does not have driver. [/home/kokunev/data/git_root/dig/dig_board_pcie_plus_adc/project_1/project_1.gen/sources_1/bd/design_1/ip/design_1_system_ila_1_0/bd_0/ip/ip_1/bd_365d_0_g_inst_0_gigantic_mux.v:2082]
INFO: [Common 17-14] Message 'Synth 8-3848' appears 100 times and further instances of the messages will be disabled. Use the Tcl command set_msg_config to change the current settings.
INFO: [Synth 8-6071] Mark debug on the nets applies keep_hierarchy on instance 'g_inst'. This will prevent further optimization [/home/kokunev/data/git_root/dig/dig_board_pcie_plus_adc/project_1/project_1.gen/sources_1/bd/design_1/ip/design_1_system_ila_1_0/bd_0/synth/bd_365d_0.v:61]
INFO: [Synth 8-6071] Mark debug on the nets applies keep_hierarchy on instance 'ila_lib'. This will prevent further optimization [/home/kokunev/data/git_root/dig/dig_board_pcie_plus_adc/project_1/project_1.gen/sources_1/bd/design_1/ip/design_1_system_ila_1_0/bd_0/synth/bd_365d_0.v:74]
INFO: [Synth 8-6071] Mark debug on the nets applies keep_hierarchy on instance 'inst'. This will prevent further optimization [/home/kokunev/data/git_root/dig/dig_board_pcie_plus_adc/project_1/project_1.gen/sources_1/bd/design_1/ip/design_1_system_ila_1_0/synth/design_1_system_ila_1_0.v:276]
WARNING: [Synth 8-6014] Unused sequential element m_axi_arcacheissueq_reg was removed. 
WARNING: [Synth 8-6014] Unused sequential element m_axi_reqidq_reg was removed. 
WARNING: [Synth 8-6014] Unused sequential element m_axi_arlenpendq_reg was removed. 
WARNING: [Synth 8-6014] Unused sequential element m_axi_barq_reg was removed. 
WARNING: [Synth 8-4767] Trying to implement RAM 'MemArray_reg' in registers. Block RAM or DRAM implementation is not possible; see log for reasons. [/home/kokunev/data/git_root/dig/dig_board_pcie_plus_adc/project_1/project_1.gen/sources_1/bd/design_1/ipshared/d6c9/hdl/verilog/axidma_fifo.vh:1118]
Reason is one or more of the following :
	1: Only 1 word in RAM 
WARNING: [Synth 8-6014] Unused sequential element gen_rd_b.gen_doutb_pipe.enb_pipe_reg[0] was removed.  [/opt/Xilinx_2/2025.2/data/ip/xpm/xpm_memory/hdl/xpm_memory.sv:3087]
WARNING: [Synth 8-6014] Unused sequential element data_width_128.prev_keep_half_reg was removed.  [/home/kokunev/data/git_root/dig/dig_board_pcie_plus_adc/project_1/project_1.gen/sources_1/bd/design_1/ip/design_1_xdma_0_0/xdma_v4_2/hdl/verilog/design_1_xdma_0_0_rx_destraddler.sv:140]
WARNING: [Synth 8-6014] Unused sequential element tx_128.req_cid_reg was removed.  [/home/kokunev/data/git_root/dig/dig_board_pcie_plus_adc/project_1/project_1.gen/sources_1/bd/design_1/ip/design_1_xdma_0_0/xdma_v4_2/hdl/verilog/design_1_xdma_0_0_dma_req.sv:500]
WARNING: [Synth 8-6014] Unused sequential element rc_128.wr_tc_reg was removed.  [/home/kokunev/data/git_root/dig/dig_board_pcie_plus_adc/project_1/project_1.gen/sources_1/bd/design_1/ip/design_1_xdma_0_0/xdma_v4_2/hdl/verilog/design_1_xdma_0_0_dma_cpl.sv:438]
WARNING: [Synth 8-6014] Unused sequential element rc_128.wr_td_reg was removed.  [/home/kokunev/data/git_root/dig/dig_board_pcie_plus_adc/project_1/project_1.gen/sources_1/bd/design_1/ip/design_1_xdma_0_0/xdma_v4_2/hdl/verilog/design_1_xdma_0_0_dma_cpl.sv:439]
WARNING: [Synth 8-6014] Unused sequential element rc_128.wr_ep_reg was removed.  [/home/kokunev/data/git_root/dig/dig_board_pcie_plus_adc/project_1/project_1.gen/sources_1/bd/design_1/ip/design_1_xdma_0_0/xdma_v4_2/hdl/verilog/design_1_xdma_0_0_dma_cpl.sv:440]
WARNING: [Synth 8-6014] Unused sequential element rc_128.wr_attr_reg was removed.  [/home/kokunev/data/git_root/dig/dig_board_pcie_plus_adc/project_1/project_1.gen/sources_1/bd/design_1/ip/design_1_xdma_0_0/xdma_v4_2/hdl/verilog/design_1_xdma_0_0_dma_cpl.sv:441]
WARNING: [Synth 8-6014] Unused sequential element rc_128.wr_rid_reg was removed.  [/home/kokunev/data/git_root/dig/dig_board_pcie_plus_adc/project_1/project_1.gen/sources_1/bd/design_1/ip/design_1_xdma_0_0/xdma_v4_2/hdl/verilog/design_1_xdma_0_0_dma_cpl.sv:443]
WARNING: [Synth 8-6014] Unused sequential element rc_128.wr_cid_reg was removed.  [/home/kokunev/data/git_root/dig/dig_board_pcie_plus_adc/project_1/project_1.gen/sources_1/bd/design_1/ip/design_1_xdma_0_0/xdma_v4_2/hdl/verilog/design_1_xdma_0_0_dma_cpl.sv:444]
WARNING: [Synth 8-6014] Unused sequential element rc_128.wr_tag_reg was removed.  [/home/kokunev/data/git_root/dig/dig_board_pcie_plus_adc/project_1/project_1.gen/sources_1/bd/design_1/ip/design_1_xdma_0_0/xdma_v4_2/hdl/verilog/design_1_xdma_0_0_dma_cpl.sv:445]
WARNING: [Synth 8-6014] Unused sequential element rc_128.wr_be_reg was removed.  [/home/kokunev/data/git_root/dig/dig_board_pcie_plus_adc/project_1/project_1.gen/sources_1/bd/design_1/ip/design_1_xdma_0_0/xdma_v4_2/hdl/verilog/design_1_xdma_0_0_dma_cpl.sv:446]
WARNING: [Synth 8-6014] Unused sequential element rc_128.wr_addr_reg was removed.  [/home/kokunev/data/git_root/dig/dig_board_pcie_plus_adc/project_1/project_1.gen/sources_1/bd/design_1/ip/design_1_xdma_0_0/xdma_v4_2/hdl/verilog/design_1_xdma_0_0_dma_cpl.sv:447]
WARNING: [Synth 8-6014] Unused sequential element rc_128.wr_byte_reg was removed.  [/home/kokunev/data/git_root/dig/dig_board_pcie_plus_adc/project_1/project_1.gen/sources_1/bd/design_1/ip/design_1_xdma_0_0/xdma_v4_2/hdl/verilog/design_1_xdma_0_0_dma_cpl.sv:448]
WARNING: [Synth 8-6014] Unused sequential element rc_128.wr_compl_status_reg was removed.  [/home/kokunev/data/git_root/dig/dig_board_pcie_plus_adc/project_1/project_1.gen/sources_1/bd/design_1/ip/design_1_xdma_0_0/xdma_v4_2/hdl/verilog/design_1_xdma_0_0_dma_cpl.sv:449]
WARNING: [Synth 8-6014] Unused sequential element rc_128.wr_data_reg was removed.  [/home/kokunev/data/git_root/dig/dig_board_pcie_plus_adc/project_1/project_1.gen/sources_1/bd/design_1/ip/design_1_xdma_0_0/xdma_v4_2/hdl/verilog/design_1_xdma_0_0_dma_cpl.sv:451]
WARNING: [Synth 8-6014] Unused sequential element wr_data_reg_reg was removed.  [/home/kokunev/data/git_root/dig/dig_board_pcie_plus_adc/project_1/project_1.gen/sources_1/bd/design_1/ip/design_1_xdma_0_0/xdma_v4_2/hdl/verilog/design_1_xdma_0_0_dma_cpl.sv:161]
WARNING: [Synth 8-6014] Unused sequential element tx_128.compl_ecrc_reg was removed.  [/home/kokunev/data/git_root/dig/dig_board_pcie_plus_adc/project_1/project_1.gen/sources_1/bd/design_1/ip/design_1_xdma_0_0/xdma_v4_2/hdl/verilog/design_1_xdma_0_0_tgt_cpl.sv:351]
WARNING: [Synth 8-6014] Unused sequential element tx_128.compl_data_reg was removed.  [/home/kokunev/data/git_root/dig/dig_board_pcie_plus_adc/project_1/project_1.gen/sources_1/bd/design_1/ip/design_1_xdma_0_0/xdma_v4_2/hdl/verilog/design_1_xdma_0_0_tgt_cpl.sv:352]
WARNING: [Synth 8-6014] Unused sequential element s_axis_tx_tlast_reg was removed.  [/home/kokunev/data/git_root/dig/dig_board_pcie_plus_adc/project_1/project_1.gen/sources_1/bd/design_1/ip/design_1_xdma_0_0/xdma_v4_2/hdl/verilog/design_1_xdma_0_0_cfg_sideband.sv:793]
INFO: [Synth 8-6014] Unused sequential element reg_tlast_reg was removed.  [/home/kokunev/data/git_root/dig/dig_board_pcie_plus_adc/project_1/project_1.gen/sources_1/bd/design_1/ip/design_1_xdma_0_0/ip_0/source/design_1_xdma_0_0_pcie2_ip_axi_basic_rx_pipeline.v:284]
INFO: [Synth 8-6014] Unused sequential element reg_tkeep_reg was removed.  [/home/kokunev/data/git_root/dig/dig_board_pcie_plus_adc/project_1/project_1.gen/sources_1/bd/design_1/ip/design_1_xdma_0_0/ip_0/source/design_1_xdma_0_0_pcie2_ip_axi_basic_rx_pipeline.v:285]
INFO: [Synth 8-6014] Unused sequential element trn_rdllp_src_rdy_d_reg was removed.  [/home/kokunev/data/git_root/dig/dig_board_pcie_plus_adc/project_1/project_1.gen/sources_1/bd/design_1/ip/design_1_xdma_0_0/ip_0/source/design_1_xdma_0_0_pcie2_ip_axi_basic_tx_thrtl_ctl.v:421]
INFO: [Synth 8-6014] Unused sequential element reg_tlast_reg was removed.  [/home/kokunev/data/git_root/dig/dig_board_pcie_plus_adc/project_1/project_1.gen/sources_1/bd/design_1/ip/design_1_xdma_0_0/ip_0/source/design_1_xdma_0_0_pcie2_ip_axi_basic_tx_thrtl_ctl.v:655]
INFO: [Synth 8-6014] Unused sequential element flush_axi_reg was removed.  [/home/kokunev/data/git_root/dig/dig_board_pcie_plus_adc/project_1/project_1.gen/sources_1/bd/design_1/ip/design_1_xdma_0_0/ip_0/source/design_1_xdma_0_0_pcie2_ip_axi_basic_tx_pipeline.v:528]
INFO: [Synth 8-6014] Unused sequential element reg_eios_detected_reg was removed.  [/home/kokunev/data/git_root/dig/dig_board_pcie_plus_adc/project_1/project_1.gen/sources_1/bd/design_1/ip/design_1_xdma_0_0/ip_0/source/design_1_xdma_0_0_pcie2_ip_gt_rx_valid_filter_7x.v:135]
INFO: [Synth 8-6014] Unused sequential element gt_rx_is_skp0_q_reg was removed.  [/home/kokunev/data/git_root/dig/dig_board_pcie_plus_adc/project_1/project_1.gen/sources_1/bd/design_1/ip/design_1_xdma_0_0/ip_0/source/design_1_xdma_0_0_pcie2_ip_gt_rx_valid_filter_7x.v:144]
INFO: [Synth 8-6014] Unused sequential element gt_rx_is_skp1_q_reg was removed.  [/home/kokunev/data/git_root/dig/dig_board_pcie_plus_adc/project_1/project_1.gen/sources_1/bd/design_1/ip/design_1_xdma_0_0/ip_0/source/design_1_xdma_0_0_pcie2_ip_gt_rx_valid_filter_7x.v:145]
INFO: [Synth 8-6014] Unused sequential element pclk_sel_slave_reg was removed.  [/home/kokunev/data/git_root/dig/dig_board_pcie_plus_adc/project_1/project_1.gen/sources_1/bd/design_1/ip/design_1_xdma_0_0/ip_0/source/design_1_xdma_0_0_pcie2_ip_pipe_clock.v:590]
INFO: [Synth 8-6014] Unused sequential element gen3_rdy_reg was removed.  [/home/kokunev/data/git_root/dig/dig_board_pcie_plus_adc/project_1/project_1.gen/sources_1/bd/design_1/ip/design_1_xdma_0_0/ip_0/source/design_1_xdma_0_0_pcie2_ip_pipe_user.v:562]
WARNING: [Synth 8-6014] Unused sequential element rxsync_fsm_disable.rxsync_done_reg was removed.  [/home/kokunev/data/git_root/dig/dig_board_pcie_plus_adc/project_1/project_1.gen/sources_1/bd/design_1/ip/design_1_xdma_0_0/ip_0/source/design_1_xdma_0_0_pcie2_ip_pipe_sync.v:613]
INFO: [Synth 8-6014] Unused sequential element pipe_lane[0].gt_rxrcvrdet_c_reg was removed.  [/home/kokunev/data/git_root/dig/dig_board_pcie_plus_adc/project_1/project_1.gen/sources_1/bd/design_1/ip/design_1_xdma_0_0/ip_0/source/design_1_xdma_0_0_pcie2_ip_pipe_wrapper.v:1660]
INFO: [Synth 8-6014] Unused sequential element pipe_lane[1].gt_rxrcvrdet_c_reg was removed.  [/home/kokunev/data/git_root/dig/dig_board_pcie_plus_adc/project_1/project_1.gen/sources_1/bd/design_1/ip/design_1_xdma_0_0/ip_0/source/design_1_xdma_0_0_pcie2_ip_pipe_wrapper.v:1660]
INFO: [Synth 8-6014] Unused sequential element pipe_lane[2].gt_rxrcvrdet_c_reg was removed.  [/home/kokunev/data/git_root/dig/dig_board_pcie_plus_adc/project_1/project_1.gen/sources_1/bd/design_1/ip/design_1_xdma_0_0/ip_0/source/design_1_xdma_0_0_pcie2_ip_pipe_wrapper.v:1660]
INFO: [Synth 8-6014] Unused sequential element pipe_lane[3].gt_rxrcvrdet_c_reg was removed.  [/home/kokunev/data/git_root/dig/dig_board_pcie_plus_adc/project_1/project_1.gen/sources_1/bd/design_1/ip/design_1_xdma_0_0/ip_0/source/design_1_xdma_0_0_pcie2_ip_pipe_wrapper.v:1660]
WARNING: [Synth 8-6014] Unused sequential element sys_rst_lock_reg_reg was removed.  [/home/kokunev/data/git_root/dig/dig_board_pcie_plus_adc/project_1/project_1.gen/sources_1/bd/design_1/ip/design_1_xdma_0_0/xdma_v4_2/hdl/verilog/design_1_xdma_0_0_core_top.sv:4090]
WARNING: [Synth 8-6014] Unused sequential element rst_load_reg was removed.  [/home/kokunev/data/git_root/dig/dig_board_pcie_plus_adc/project_1/project_1.gen/sources_1/bd/design_1/ipshared/d6c9/hdl/xdma_v4_2_vl_rfs.sv:15210]
WARNING: [Synth 8-6014] Unused sequential element evt_sts_bsy_nn1_reg was removed.  [/home/kokunev/data/git_root/dig/dig_board_pcie_plus_adc/project_1/project_1.gen/sources_1/bd/design_1/ipshared/d6c9/hdl/xdma_v4_2_vl_rfs.sv:15761]
WARNING: [Synth 8-6014] Unused sequential element cfg_mpl_nn1_reg was removed.  [/home/kokunev/data/git_root/dig/dig_board_pcie_plus_adc/project_1/project_1.gen/sources_1/bd/design_1/ipshared/d6c9/hdl/xdma_v4_2_vl_rfs.sv:15845]
WARNING: [Synth 8-6014] Unused sequential element chn_rrq_lst_nn1_reg[3] was removed.  [/home/kokunev/data/git_root/dig/dig_board_pcie_plus_adc/project_1/project_1.gen/sources_1/bd/design_1/ipshared/d6c9/hdl/xdma_v4_2_vl_rfs.sv:16182]
WARNING: [Synth 8-6014] Unused sequential element chn_rrq_lst_nn1_reg[2] was removed.  [/home/kokunev/data/git_root/dig/dig_board_pcie_plus_adc/project_1/project_1.gen/sources_1/bd/design_1/ipshared/d6c9/hdl/xdma_v4_2_vl_rfs.sv:16182]
WARNING: [Synth 8-6014] Unused sequential element chn_rrq_lst_nn1_reg[1] was removed.  [/home/kokunev/data/git_root/dig/dig_board_pcie_plus_adc/project_1/project_1.gen/sources_1/bd/design_1/ipshared/d6c9/hdl/xdma_v4_2_vl_rfs.sv:16182]
WARNING: [Synth 8-6014] Unused sequential element chn_rrq_lst_nn1_reg[0] was removed.  [/home/kokunev/data/git_root/dig/dig_board_pcie_plus_adc/project_1/project_1.gen/sources_1/bd/design_1/ipshared/d6c9/hdl/xdma_v4_2_vl_rfs.sv:16182]
WARNING: [Synth 8-6014] Unused sequential element chn_rrq_exp_nn1_reg[3] was removed.  [/home/kokunev/data/git_root/dig/dig_board_pcie_plus_adc/project_1/project_1.gen/sources_1/bd/design_1/ipshared/d6c9/hdl/xdma_v4_2_vl_rfs.sv:16193]
WARNING: [Synth 8-6014] Unused sequential element chn_rrq_exp_nn1_reg[2] was removed.  [/home/kokunev/data/git_root/dig/dig_board_pcie_plus_adc/project_1/project_1.gen/sources_1/bd/design_1/ipshared/d6c9/hdl/xdma_v4_2_vl_rfs.sv:16193]
WARNING: [Synth 8-6014] Unused sequential element chn_rrq_exp_nn1_reg[1] was removed.  [/home/kokunev/data/git_root/dig/dig_board_pcie_plus_adc/project_1/project_1.gen/sources_1/bd/design_1/ipshared/d6c9/hdl/xdma_v4_2_vl_rfs.sv:16193]
WARNING: [Synth 8-6014] Unused sequential element chn_rrq_exp_nn1_reg[0] was removed.  [/home/kokunev/data/git_root/dig/dig_board_pcie_plus_adc/project_1/project_1.gen/sources_1/bd/design_1/ipshared/d6c9/hdl/xdma_v4_2_vl_rfs.sv:16193]
WARNING: [Synth 8-6014] Unused sequential element chn_rrq_pnd_fe_nn1_reg was removed.  [/home/kokunev/data/git_root/dig/dig_board_pcie_plus_adc/project_1/project_1.gen/sources_1/bd/design_1/ipshared/d6c9/hdl/xdma_v4_2_vl_rfs.sv:16228]
WARNING: [Synth 8-6014] Unused sequential element rcp_vld_ok_nn1_reg was removed.  [/home/kokunev/data/git_root/dig/dig_board_pcie_plus_adc/project_1/project_1.gen/sources_1/bd/design_1/ipshared/d6c9/hdl/xdma_v4_2_vl_rfs.sv:16321]
WARNING: [Synth 8-6014] Unused sequential element ch_arb_req_nn1_reg was removed.  [/home/kokunev/data/git_root/dig/dig_board_pcie_plus_adc/project_1/project_1.gen/sources_1/bd/design_1/ipshared/d6c9/hdl/xdma_v4_2_vl_rfs.sv:16446]
WARNING: [Synth 8-6014] Unused sequential element chn_dsc_wr_nn1_reg was removed.  [/home/kokunev/data/git_root/dig/dig_board_pcie_plus_adc/project_1/project_1.gen/sources_1/bd/design_1/ipshared/d6c9/hdl/xdma_v4_2_vl_rfs.sv:16511]
WARNING: [Synth 8-6014] Unused sequential element chn_dsc_ep_nn1_reg was removed.  [/home/kokunev/data/git_root/dig/dig_board_pcie_plus_adc/project_1/project_1.gen/sources_1/bd/design_1/ipshared/d6c9/hdl/xdma_v4_2_vl_rfs.sv:16518]
WARNING: [Synth 8-6014] Unused sequential element chn_dsc_rq_cnt_nn1_reg[3] was removed.  [/home/kokunev/data/git_root/dig/dig_board_pcie_plus_adc/project_1/project_1.gen/sources_1/bd/design_1/ipshared/d6c9/hdl/xdma_v4_2_vl_rfs.sv:16539]
WARNING: [Synth 8-6014] Unused sequential element chn_dsc_rq_cnt_nn1_reg[2] was removed.  [/home/kokunev/data/git_root/dig/dig_board_pcie_plus_adc/project_1/project_1.gen/sources_1/bd/design_1/ipshared/d6c9/hdl/xdma_v4_2_vl_rfs.sv:16539]
WARNING: [Synth 8-6014] Unused sequential element chn_dsc_rq_cnt_nn1_reg[1] was removed.  [/home/kokunev/data/git_root/dig/dig_board_pcie_plus_adc/project_1/project_1.gen/sources_1/bd/design_1/ipshared/d6c9/hdl/xdma_v4_2_vl_rfs.sv:16539]
WARNING: [Synth 8-6014] Unused sequential element chn_dsc_rq_cnt_nn1_reg[0] was removed.  [/home/kokunev/data/git_root/dig/dig_board_pcie_plus_adc/project_1/project_1.gen/sources_1/bd/design_1/ipshared/d6c9/hdl/xdma_v4_2_vl_rfs.sv:16539]
WARNING: [Synth 8-6014] Unused sequential element chn_dsc_wr_cnt_nn1_reg[3] was removed.  [/home/kokunev/data/git_root/dig/dig_board_pcie_plus_adc/project_1/project_1.gen/sources_1/bd/design_1/ipshared/d6c9/hdl/xdma_v4_2_vl_rfs.sv:16540]
WARNING: [Synth 8-6014] Unused sequential element chn_dsc_wr_cnt_nn1_reg[2] was removed.  [/home/kokunev/data/git_root/dig/dig_board_pcie_plus_adc/project_1/project_1.gen/sources_1/bd/design_1/ipshared/d6c9/hdl/xdma_v4_2_vl_rfs.sv:16540]
WARNING: [Synth 8-6014] Unused sequential element chn_dsc_wr_cnt_nn1_reg[1] was removed.  [/home/kokunev/data/git_root/dig/dig_board_pcie_plus_adc/project_1/project_1.gen/sources_1/bd/design_1/ipshared/d6c9/hdl/xdma_v4_2_vl_rfs.sv:16540]
WARNING: [Synth 8-6014] Unused sequential element chn_dsc_wr_cnt_nn1_reg[0] was removed.  [/home/kokunev/data/git_root/dig/dig_board_pcie_plus_adc/project_1/project_1.gen/sources_1/bd/design_1/ipshared/d6c9/hdl/xdma_v4_2_vl_rfs.sv:16540]
WARNING: [Synth 8-6014] Unused sequential element chn_dsc_rd_cnt_nn1_reg[3] was removed.  [/home/kokunev/data/git_root/dig/dig_board_pcie_plus_adc/project_1/project_1.gen/sources_1/bd/design_1/ipshared/d6c9/hdl/xdma_v4_2_vl_rfs.sv:16541]
WARNING: [Synth 8-6014] Unused sequential element chn_dsc_rd_cnt_nn1_reg[2] was removed.  [/home/kokunev/data/git_root/dig/dig_board_pcie_plus_adc/project_1/project_1.gen/sources_1/bd/design_1/ipshared/d6c9/hdl/xdma_v4_2_vl_rfs.sv:16541]
WARNING: [Synth 8-6014] Unused sequential element chn_dsc_rd_cnt_nn1_reg[1] was removed.  [/home/kokunev/data/git_root/dig/dig_board_pcie_plus_adc/project_1/project_1.gen/sources_1/bd/design_1/ipshared/d6c9/hdl/xdma_v4_2_vl_rfs.sv:16541]
WARNING: [Synth 8-6014] Unused sequential element chn_dsc_rd_cnt_nn1_reg[0] was removed.  [/home/kokunev/data/git_root/dig/dig_board_pcie_plus_adc/project_1/project_1.gen/sources_1/bd/design_1/ipshared/d6c9/hdl/xdma_v4_2_vl_rfs.sv:16541]
WARNING: [Synth 8-6014] Unused sequential element dsc_fifo_rp2_nn3_reg was removed.  [/home/kokunev/data/git_root/dig/dig_board_pcie_plus_adc/project_1/project_1.gen/sources_1/bd/design_1/ipshared/d6c9/hdl/xdma_v4_2_vl_rfs.sv:16563]
WARNING: [Synth 8-6014] Unused sequential element dsc_fifo_rp2_nn4_reg was removed.  [/home/kokunev/data/git_root/dig/dig_board_pcie_plus_adc/project_1/project_1.gen/sources_1/bd/design_1/ipshared/d6c9/hdl/xdma_v4_2_vl_rfs.sv:16564]
WARNING: [Synth 8-6014] Unused sequential element dsc_acc_len_nn2_reg was removed.  [/home/kokunev/data/git_root/dig/dig_board_pcie_plus_adc/project_1/project_1.gen/sources_1/bd/design_1/ipshared/d6c9/hdl/xdma_v4_2_vl_rfs.sv:16630]
WARNING: [Synth 8-6014] Unused sequential element rrq_head_faln_nn1_reg was removed.  [/home/kokunev/data/git_root/dig/dig_board_pcie_plus_adc/project_1/project_1.gen/sources_1/bd/design_1/ipshared/d6c9/hdl/xdma_v4_2_vl_rfs.sv:16163]
WARNING: [Synth 8-6014] Unused sequential element rrq_head_laln_nn1_reg was removed.  [/home/kokunev/data/git_root/dig/dig_board_pcie_plus_adc/project_1/project_1.gen/sources_1/bd/design_1/ipshared/d6c9/hdl/xdma_v4_2_vl_rfs.sv:16164]
WARNING: [Synth 8-6014] Unused sequential element chn_rcp_laln_nn1_reg was removed.  [/home/kokunev/data/git_root/dig/dig_board_pcie_plus_adc/project_1/project_1.gen/sources_1/bd/design_1/ipshared/d6c9/hdl/xdma_v4_2_vl_rfs.sv:16516]
WARNING: [Synth 8-3936] Found unconnected internal register 'dsc_fifo_din_nn1_reg' and it is trimmed from '512' to '256' bits. [/home/kokunev/data/git_root/dig/dig_board_pcie_plus_adc/project_1/project_1.gen/sources_1/bd/design_1/ipshared/d6c9/hdl/xdma_v4_2_vl_rfs.sv:15587]
WARNING: [Synth 8-3936] Found unconnected internal register 'dsc_fifo_din_reg' and it is trimmed from '512' to '256' bits. [/home/kokunev/data/git_root/dig/dig_board_pcie_plus_adc/project_1/project_1.gen/sources_1/bd/design_1/ipshared/d6c9/hdl/xdma_v4_2_vl_rfs.sv:16393]
INFO: [Synth 8-4471] merging register 'rrq_rdy_out_nn1_reg' into 'rrq_rdy_nn1_reg' [/home/kokunev/data/git_root/dig/dig_board_pcie_plus_adc/project_1/project_1.gen/sources_1/bd/design_1/ipshared/d6c9/hdl/xdma_v4_2_vl_rfs.sv:15864]
WARNING: [Synth 8-6014] Unused sequential element rrq_rdy_out_nn1_reg was removed.  [/home/kokunev/data/git_root/dig/dig_board_pcie_plus_adc/project_1/project_1.gen/sources_1/bd/design_1/ipshared/d6c9/hdl/xdma_v4_2_vl_rfs.sv:15864]
WARNING: [Synth 8-6014] Unused sequential element dsc_ep_nn1_reg was removed.  [/home/kokunev/data/git_root/dig/dig_board_pcie_plus_adc/project_1/project_1.gen/sources_1/bd/design_1/ipshared/d6c9/hdl/xdma_v4_2_vl_rfs.sv:18874]
WARNING: [Synth 8-6014] Unused sequential element reg_cdc_nn2_reg was removed.  [/home/kokunev/data/git_root/dig/dig_board_pcie_plus_adc/project_1/project_1.gen/sources_1/bd/design_1/ipshared/d6c9/hdl/xdma_v4_2_vl_rfs.sv:19248]
WARNING: [Synth 8-6014] Unused sequential element rcp_rdy_102_reg was removed.  [/home/kokunev/data/git_root/dig/dig_board_pcie_plus_adc/project_1/project_1.gen/sources_1/bd/design_1/ipshared/d6c9/hdl/xdma_v4_2_vl_rfs.sv:19302]
WARNING: [Synth 8-6014] Unused sequential element rcp_rid_102_reg was removed.  [/home/kokunev/data/git_root/dig/dig_board_pcie_plus_adc/project_1/project_1.gen/sources_1/bd/design_1/ipshared/d6c9/hdl/xdma_v4_2_vl_rfs.sv:19304]
WARNING: [Synth 8-6014] Unused sequential element wrq_rid_vld_302_reg was removed.  [/home/kokunev/data/git_root/dig/dig_board_pcie_plus_adc/project_1/project_1.gen/sources_1/bd/design_1/ipshared/d6c9/hdl/xdma_v4_2_vl_rfs.sv:19379]
WARNING: [Synth 8-6014] Unused sequential element wrq_did_head_301_reg was removed.  [/home/kokunev/data/git_root/dig/dig_board_pcie_plus_adc/project_1/project_1.gen/sources_1/bd/design_1/ipshared/d6c9/hdl/xdma_v4_2_vl_rfs.sv:19419]
WARNING: [Synth 8-6014] Unused sequential element wrq_did_302_reg was removed.  [/home/kokunev/data/git_root/dig/dig_board_pcie_plus_adc/project_1/project_1.gen/sources_1/bd/design_1/ipshared/d6c9/hdl/xdma_v4_2_vl_rfs.sv:19602]
WARNING: [Synth 8-6014] Unused sequential element wrq_did_out_303_reg was removed.  [/home/kokunev/data/git_root/dig/dig_board_pcie_plus_adc/project_1/project_1.gen/sources_1/bd/design_1/ipshared/d6c9/hdl/xdma_v4_2_vl_rfs.sv:19603]
WARNING: [Synth 8-6014] Unused sequential element wrq_wbk_303_reg was removed.  [/home/kokunev/data/git_root/dig/dig_board_pcie_plus_adc/project_1/project_1.gen/sources_1/bd/design_1/ipshared/d6c9/hdl/xdma_v4_2_vl_rfs.sv:19605]
WARNING: [Synth 8-6014] Unused sequential element wrq_bt_rem_302_reg was removed.  [/home/kokunev/data/git_root/dig/dig_board_pcie_plus_adc/project_1/project_1.gen/sources_1/bd/design_1/ipshared/d6c9/hdl/xdma_v4_2_vl_rfs.sv:19607]
WARNING: [Synth 8-6014] Unused sequential element wrq_bt_adj_302_reg was removed.  [/home/kokunev/data/git_root/dig/dig_board_pcie_plus_adc/project_1/project_1.gen/sources_1/bd/design_1/ipshared/d6c9/hdl/xdma_v4_2_vl_rfs.sv:19608]
WARNING: [Synth 8-6014] Unused sequential element wrq_spl_fst_302_reg was removed.  [/home/kokunev/data/git_root/dig/dig_board_pcie_plus_adc/project_1/project_1.gen/sources_1/bd/design_1/ipshared/d6c9/hdl/xdma_v4_2_vl_rfs.sv:19609]
WARNING: [Synth 8-6014] Unused sequential element wrq_bt_len_303_reg was removed.  [/home/kokunev/data/git_root/dig/dig_board_pcie_plus_adc/project_1/project_1.gen/sources_1/bd/design_1/ipshared/d6c9/hdl/xdma_v4_2_vl_rfs.sv:19713]
WARNING: [Synth 8-6014] Unused sequential element wrq_bt_len_304_reg was removed.  [/home/kokunev/data/git_root/dig/dig_board_pcie_plus_adc/project_1/project_1.gen/sources_1/bd/design_1/ipshared/d6c9/hdl/xdma_v4_2_vl_rfs.sv:19714]
WARNING: [Synth 8-6014] Unused sequential element rrq_ld_902_reg was removed.  [/home/kokunev/data/git_root/dig/dig_board_pcie_plus_adc/project_1/project_1.gen/sources_1/bd/design_1/ipshared/d6c9/hdl/xdma_v4_2_vl_rfs.sv:20081]
WARNING: [Synth 8-6014] Unused sequential element rrq_did_nn1_reg was removed. 
WARNING: [Synth 8-6014] Unused sequential element dsc_ladr_nn1_reg was removed.  [/home/kokunev/data/git_root/dig/dig_board_pcie_plus_adc/project_1/project_1.gen/sources_1/bd/design_1/ipshared/d6c9/hdl/xdma_v4_2_vl_rfs.sv:20234]
WARNING: [Synth 8-6014] Unused sequential element rrq_dsc_wfba_902_reg was removed.  [/home/kokunev/data/git_root/dig/dig_board_pcie_plus_adc/project_1/project_1.gen/sources_1/bd/design_1/ipshared/d6c9/hdl/xdma_v4_2_vl_rfs.sv:20305]
WARNING: [Synth 8-6014] Unused sequential element dat_fifo_hd_nn2_reg was removed.  [/home/kokunev/data/git_root/dig/dig_board_pcie_plus_adc/project_1/project_1.gen/sources_1/bd/design_1/ipshared/d6c9/hdl/xdma_v4_2_vl_rfs.sv:20487]
INFO: [Synth 8-4471] merging register 'dat_fifo_vld_101_reg' into 'dat_fifo_ren_101_reg' [/home/kokunev/data/git_root/dig/dig_board_pcie_plus_adc/project_1/project_1.gen/sources_1/bd/design_1/ipshared/d6c9/hdl/xdma_v4_2_vl_rfs.sv:19294]
WARNING: [Synth 8-6014] Unused sequential element dat_fifo_vld_101_reg was removed.  [/home/kokunev/data/git_root/dig/dig_board_pcie_plus_adc/project_1/project_1.gen/sources_1/bd/design_1/ipshared/d6c9/hdl/xdma_v4_2_vl_rfs.sv:19294]
INFO: [Common 17-14] Message 'Synth 8-6014' appears 100 times and further instances of the messages will be disabled. Use the Tcl command set_msg_config to change the current settings.
INFO: [Synth 8-4471] merging register 'dat_fifo_vld_101_reg' into 'dat_fifo_ren_101_reg' [/home/kokunev/data/git_root/dig/dig_board_pcie_plus_adc/project_1/project_1.gen/sources_1/bd/design_1/ipshared/d6c9/hdl/xdma_v4_2_vl_rfs.sv:19294]
INFO: [Synth 8-4471] merging register 'wrq_spl_lst_303_reg' into 'wrq_eor_out_303_reg' [/home/kokunev/data/git_root/dig/dig_board_pcie_plus_adc/project_1/project_1.gen/sources_1/bd/design_1/ipshared/d6c9/hdl/xdma_v4_2_vl_rfs.sv:19716]
INFO: [Synth 8-4471] merging register 'wrq_spl_lst_303_reg' into 'wrq_eor_out_303_reg' [/home/kokunev/data/git_root/dig/dig_board_pcie_plus_adc/project_1/project_1.gen/sources_1/bd/design_1/ipshared/d6c9/hdl/xdma_v4_2_vl_rfs.sv:19716]
INFO: [Synth 8-7156] Variable shifter node is optimized using Range optimization [/home/kokunev/data/git_root/dig/dig_board_pcie_plus_adc/project_1/project_1.gen/sources_1/bd/design_1/ipshared/d6c9/hdl/xdma_v4_2_vl_rfs.sv:14028]
WARNING: [Synth 8-3936] Found unconnected internal register 'pfch_rc_tuser_reg' and it is trimmed from '75' to '32' bits. [/home/kokunev/data/git_root/dig/dig_board_pcie_plus_adc/project_1/project_1.gen/sources_1/bd/design_1/ipshared/d6c9/hdl/xdma_v4_2_vl_rfs.sv:33824]
INFO: [Synth 8-7155] Variable select node is optimized using Range optimization [/home/kokunev/data/git_root/dig/dig_board_pcie_plus_adc/project_1/project_1.gen/sources_1/bd/design_1/ipshared/d6c9/hdl/xdma_v4_2_vl_rfs.sv:34974]
WARNING: [Synth 8-3936] Found unconnected internal register 'h2c_xdma_rcp_vld_reg' and it is trimmed from '3' to '2' bits. [/home/kokunev/data/git_root/dig/dig_board_pcie_plus_adc/project_1/project_1.gen/sources_1/bd/design_1/ipshared/d6c9/hdl/xdma_v4_2_vl_rfs.sv:43326]
INFO: [Common 17-14] Message 'Synth 8-3848' appears 100 times and further instances of the messages will be disabled. Use the Tcl command set_msg_config to change the current settings.
WARNING: [Synth 8-7129] Port GT_RXDISPERR[7] in module design_1_xdma_0_0_pcie2_ip_gt_wrapper is either unconnected or has no load
WARNING: [Synth 8-7129] Port GT_RXDISPERR[6] in module design_1_xdma_0_0_pcie2_ip_gt_wrapper is either unconnected or has no load
WARNING: [Synth 8-7129] Port GT_RXDISPERR[5] in module design_1_xdma_0_0_pcie2_ip_gt_wrapper is either unconnected or has no load
WARNING: [Synth 8-7129] Port GT_RXDISPERR[4] in module design_1_xdma_0_0_pcie2_ip_gt_wrapper is either unconnected or has no load
WARNING: [Synth 8-7129] Port GT_RXNOTINTABLE[7] in module design_1_xdma_0_0_pcie2_ip_gt_wrapper is either unconnected or has no load
WARNING: [Synth 8-7129] Port GT_RXNOTINTABLE[6] in module design_1_xdma_0_0_pcie2_ip_gt_wrapper is either unconnected or has no load
WARNING: [Synth 8-7129] Port GT_RXNOTINTABLE[5] in module design_1_xdma_0_0_pcie2_ip_gt_wrapper is either unconnected or has no load
WARNING: [Synth 8-7129] Port GT_RXNOTINTABLE[4] in module design_1_xdma_0_0_pcie2_ip_gt_wrapper is either unconnected or has no load
WARNING: [Synth 8-7129] Port GT_RXCHBONDO[4] in module design_1_xdma_0_0_pcie2_ip_gt_wrapper is either unconnected or has no load
WARNING: [Synth 8-7129] Port GT_GEN3 in module design_1_xdma_0_0_pcie2_ip_gt_wrapper is either unconnected or has no load
WARNING: [Synth 8-7129] Port GT_RX_CONVERGE in module design_1_xdma_0_0_pcie2_ip_gt_wrapper is either unconnected or has no load
WARNING: [Synth 8-7129] Port GT_GTREFCLK0 in module design_1_xdma_0_0_pcie2_ip_gt_wrapper is either unconnected or has no load
WARNING: [Synth 8-7129] Port GT_CPLLPD in module design_1_xdma_0_0_pcie2_ip_gt_wrapper is either unconnected or has no load
WARNING: [Synth 8-7129] Port GT_CPLLRESET in module design_1_xdma_0_0_pcie2_ip_gt_wrapper is either unconnected or has no load
WARNING: [Synth 8-7129] Port GT_RXDFELPMRESET in module design_1_xdma_0_0_pcie2_ip_gt_wrapper is either unconnected or has no load
WARNING: [Synth 8-7129] Port GT_RXCHBONDI[4] in module design_1_xdma_0_0_pcie2_ip_gt_wrapper is either unconnected or has no load
WARNING: [Synth 8-7129] Port CLK_CLK in module design_1_xdma_0_0_pcie2_ip_pipe_clock is either unconnected or has no load
WARNING: [Synth 8-7129] Port CLK_RXOUTCLK_IN[3] in module design_1_xdma_0_0_pcie2_ip_pipe_clock is either unconnected or has no load
WARNING: [Synth 8-7129] Port CLK_RXOUTCLK_IN[2] in module design_1_xdma_0_0_pcie2_ip_pipe_clock is either unconnected or has no load
WARNING: [Synth 8-7129] Port CLK_RXOUTCLK_IN[1] in module design_1_xdma_0_0_pcie2_ip_pipe_clock is either unconnected or has no load
WARNING: [Synth 8-7129] Port CLK_RXOUTCLK_IN[0] in module design_1_xdma_0_0_pcie2_ip_pipe_clock is either unconnected or has no load
WARNING: [Synth 8-7129] Port INT_QPLLLOCK_OUT[1] in module design_1_xdma_0_0_pcie2_ip_pipe_wrapper is either unconnected or has no load
WARNING: [Synth 8-7129] Port INT_QPLLOUTCLK_OUT[1] in module design_1_xdma_0_0_pcie2_ip_pipe_wrapper is either unconnected or has no load
WARNING: [Synth 8-7129] Port INT_QPLLOUTREFCLK_OUT[1] in module design_1_xdma_0_0_pcie2_ip_pipe_wrapper is either unconnected or has no load
WARNING: [Synth 8-7129] Port QPLL_QPLLRESET[1] in module design_1_xdma_0_0_pcie2_ip_pipe_wrapper is either unconnected or has no load
WARNING: [Synth 8-7129] Port PIPE_PCLK_IN in module design_1_xdma_0_0_pcie2_ip_pipe_wrapper is either unconnected or has no load
WARNING: [Synth 8-7129] Port PIPE_RXUSRCLK_IN in module design_1_xdma_0_0_pcie2_ip_pipe_wrapper is either unconnected or has no load
WARNING: [Synth 8-7129] Port PIPE_RXOUTCLK_IN[3] in module design_1_xdma_0_0_pcie2_ip_pipe_wrapper is either unconnected or has no load
WARNING: [Synth 8-7129] Port PIPE_RXOUTCLK_IN[2] in module design_1_xdma_0_0_pcie2_ip_pipe_wrapper is either unconnected or has no load
WARNING: [Synth 8-7129] Port PIPE_RXOUTCLK_IN[1] in module design_1_xdma_0_0_pcie2_ip_pipe_wrapper is either unconnected or has no load
WARNING: [Synth 8-7129] Port PIPE_RXOUTCLK_IN[0] in module design_1_xdma_0_0_pcie2_ip_pipe_wrapper is either unconnected or has no load
WARNING: [Synth 8-7129] Port PIPE_DCLK_IN in module design_1_xdma_0_0_pcie2_ip_pipe_wrapper is either unconnected or has no load
WARNING: [Synth 8-7129] Port PIPE_USERCLK1_IN in module design_1_xdma_0_0_pcie2_ip_pipe_wrapper is either unconnected or has no load
WARNING: [Synth 8-7129] Port PIPE_USERCLK2_IN in module design_1_xdma_0_0_pcie2_ip_pipe_wrapper is either unconnected or has no load
WARNING: [Synth 8-7129] Port PIPE_OOBCLK_IN in module design_1_xdma_0_0_pcie2_ip_pipe_wrapper is either unconnected or has no load
WARNING: [Synth 8-7129] Port PIPE_MMCM_LOCK_IN in module design_1_xdma_0_0_pcie2_ip_pipe_wrapper is either unconnected or has no load
WARNING: [Synth 8-7129] Port QPLL_DRP_CRSCODE[11] in module design_1_xdma_0_0_pcie2_ip_pipe_wrapper is either unconnected or has no load
WARNING: [Synth 8-7129] Port QPLL_DRP_CRSCODE[10] in module design_1_xdma_0_0_pcie2_ip_pipe_wrapper is either unconnected or has no load
WARNING: [Synth 8-7129] Port QPLL_DRP_CRSCODE[9] in module design_1_xdma_0_0_pcie2_ip_pipe_wrapper is either unconnected or has no load
WARNING: [Synth 8-7129] Port QPLL_DRP_CRSCODE[8] in module design_1_xdma_0_0_pcie2_ip_pipe_wrapper is either unconnected or has no load
WARNING: [Synth 8-7129] Port QPLL_DRP_CRSCODE[7] in module design_1_xdma_0_0_pcie2_ip_pipe_wrapper is either unconnected or has no load
WARNING: [Synth 8-7129] Port QPLL_DRP_CRSCODE[6] in module design_1_xdma_0_0_pcie2_ip_pipe_wrapper is either unconnected or has no load
WARNING: [Synth 8-7129] Port QPLL_DRP_CRSCODE[5] in module design_1_xdma_0_0_pcie2_ip_pipe_wrapper is either unconnected or has no load
WARNING: [Synth 8-7129] Port QPLL_DRP_CRSCODE[4] in module design_1_xdma_0_0_pcie2_ip_pipe_wrapper is either unconnected or has no load
WARNING: [Synth 8-7129] Port QPLL_DRP_CRSCODE[3] in module design_1_xdma_0_0_pcie2_ip_pipe_wrapper is either unconnected or has no load
WARNING: [Synth 8-7129] Port QPLL_DRP_CRSCODE[2] in module design_1_xdma_0_0_pcie2_ip_pipe_wrapper is either unconnected or has no load
WARNING: [Synth 8-7129] Port QPLL_DRP_CRSCODE[1] in module design_1_xdma_0_0_pcie2_ip_pipe_wrapper is either unconnected or has no load
WARNING: [Synth 8-7129] Port QPLL_DRP_CRSCODE[0] in module design_1_xdma_0_0_pcie2_ip_pipe_wrapper is either unconnected or has no load
WARNING: [Synth 8-7129] Port QPLL_DRP_FSM[17] in module design_1_xdma_0_0_pcie2_ip_pipe_wrapper is either unconnected or has no load
WARNING: [Synth 8-7129] Port QPLL_DRP_FSM[16] in module design_1_xdma_0_0_pcie2_ip_pipe_wrapper is either unconnected or has no load
WARNING: [Synth 8-7129] Port QPLL_DRP_FSM[15] in module design_1_xdma_0_0_pcie2_ip_pipe_wrapper is either unconnected or has no load
WARNING: [Synth 8-7129] Port QPLL_DRP_FSM[14] in module design_1_xdma_0_0_pcie2_ip_pipe_wrapper is either unconnected or has no load
WARNING: [Synth 8-7129] Port QPLL_DRP_FSM[13] in module design_1_xdma_0_0_pcie2_ip_pipe_wrapper is either unconnected or has no load
WARNING: [Synth 8-7129] Port QPLL_DRP_FSM[12] in module design_1_xdma_0_0_pcie2_ip_pipe_wrapper is either unconnected or has no load
WARNING: [Synth 8-7129] Port QPLL_DRP_FSM[11] in module design_1_xdma_0_0_pcie2_ip_pipe_wrapper is either unconnected or has no load
WARNING: [Synth 8-7129] Port QPLL_DRP_FSM[10] in module design_1_xdma_0_0_pcie2_ip_pipe_wrapper is either unconnected or has no load
WARNING: [Synth 8-7129] Port QPLL_DRP_FSM[9] in module design_1_xdma_0_0_pcie2_ip_pipe_wrapper is either unconnected or has no load
WARNING: [Synth 8-7129] Port QPLL_DRP_FSM[8] in module design_1_xdma_0_0_pcie2_ip_pipe_wrapper is either unconnected or has no load
WARNING: [Synth 8-7129] Port QPLL_DRP_FSM[7] in module design_1_xdma_0_0_pcie2_ip_pipe_wrapper is either unconnected or has no load
WARNING: [Synth 8-7129] Port QPLL_DRP_FSM[6] in module design_1_xdma_0_0_pcie2_ip_pipe_wrapper is either unconnected or has no load
WARNING: [Synth 8-7129] Port QPLL_DRP_FSM[5] in module design_1_xdma_0_0_pcie2_ip_pipe_wrapper is either unconnected or has no load
WARNING: [Synth 8-7129] Port QPLL_DRP_FSM[4] in module design_1_xdma_0_0_pcie2_ip_pipe_wrapper is either unconnected or has no load
WARNING: [Synth 8-7129] Port QPLL_DRP_FSM[3] in module design_1_xdma_0_0_pcie2_ip_pipe_wrapper is either unconnected or has no load
WARNING: [Synth 8-7129] Port QPLL_DRP_FSM[2] in module design_1_xdma_0_0_pcie2_ip_pipe_wrapper is either unconnected or has no load
WARNING: [Synth 8-7129] Port QPLL_DRP_FSM[1] in module design_1_xdma_0_0_pcie2_ip_pipe_wrapper is either unconnected or has no load
WARNING: [Synth 8-7129] Port QPLL_DRP_FSM[0] in module design_1_xdma_0_0_pcie2_ip_pipe_wrapper is either unconnected or has no load
WARNING: [Synth 8-7129] Port QPLL_DRP_DONE[1] in module design_1_xdma_0_0_pcie2_ip_pipe_wrapper is either unconnected or has no load
WARNING: [Synth 8-7129] Port QPLL_DRP_DONE[0] in module design_1_xdma_0_0_pcie2_ip_pipe_wrapper is either unconnected or has no load
WARNING: [Synth 8-7129] Port QPLL_DRP_RESET[1] in module design_1_xdma_0_0_pcie2_ip_pipe_wrapper is either unconnected or has no load
WARNING: [Synth 8-7129] Port QPLL_DRP_RESET[0] in module design_1_xdma_0_0_pcie2_ip_pipe_wrapper is either unconnected or has no load
WARNING: [Synth 8-7129] Port QPLL_QPLLLOCK[1] in module design_1_xdma_0_0_pcie2_ip_pipe_wrapper is either unconnected or has no load
WARNING: [Synth 8-7129] Port QPLL_QPLLLOCK[0] in module design_1_xdma_0_0_pcie2_ip_pipe_wrapper is either unconnected or has no load
WARNING: [Synth 8-7129] Port QPLL_QPLLOUTCLK[1] in module design_1_xdma_0_0_pcie2_ip_pipe_wrapper is either unconnected or has no load
WARNING: [Synth 8-7129] Port QPLL_QPLLOUTCLK[0] in module design_1_xdma_0_0_pcie2_ip_pipe_wrapper is either unconnected or has no load
WARNING: [Synth 8-7129] Port QPLL_QPLLOUTREFCLK[1] in module design_1_xdma_0_0_pcie2_ip_pipe_wrapper is either unconnected or has no load
WARNING: [Synth 8-7129] Port QPLL_QPLLOUTREFCLK[0] in module design_1_xdma_0_0_pcie2_ip_pipe_wrapper is either unconnected or has no load
WARNING: [Synth 8-7129] Port PIPE_JTAG_EN in module design_1_xdma_0_0_pcie2_ip_pipe_wrapper is either unconnected or has no load
WARNING: [Synth 8-7129] Port PLM_IN_RS in module design_1_xdma_0_0_pcie2_ip_gt_rx_valid_filter_7x is either unconnected or has no load
WARNING: [Synth 8-7129] Port pipe_tx_reset in module design_1_xdma_0_0_pcie2_ip_gt_top is either unconnected or has no load
WARNING: [Synth 8-7129] Port pipe_rx4_polarity in module design_1_xdma_0_0_pcie2_ip_gt_top is either unconnected or has no load
WARNING: [Synth 8-7129] Port pipe_tx4_compliance in module design_1_xdma_0_0_pcie2_ip_gt_top is either unconnected or has no load
WARNING: [Synth 8-7129] Port pipe_tx4_char_is_k[1] in module design_1_xdma_0_0_pcie2_ip_gt_top is either unconnected or has no load
WARNING: [Synth 8-7129] Port pipe_tx4_char_is_k[0] in module design_1_xdma_0_0_pcie2_ip_gt_top is either unconnected or has no load
WARNING: [Synth 8-7129] Port pipe_tx4_data[15] in module design_1_xdma_0_0_pcie2_ip_gt_top is either unconnected or has no load
WARNING: [Synth 8-7129] Port pipe_tx4_data[14] in module design_1_xdma_0_0_pcie2_ip_gt_top is either unconnected or has no load
WARNING: [Synth 8-7129] Port pipe_tx4_data[13] in module design_1_xdma_0_0_pcie2_ip_gt_top is either unconnected or has no load
WARNING: [Synth 8-7129] Port pipe_tx4_data[12] in module design_1_xdma_0_0_pcie2_ip_gt_top is either unconnected or has no load
WARNING: [Synth 8-7129] Port pipe_tx4_data[11] in module design_1_xdma_0_0_pcie2_ip_gt_top is either unconnected or has no load
WARNING: [Synth 8-7129] Port pipe_tx4_data[10] in module design_1_xdma_0_0_pcie2_ip_gt_top is either unconnected or has no load
WARNING: [Synth 8-7129] Port pipe_tx4_data[9] in module design_1_xdma_0_0_pcie2_ip_gt_top is either unconnected or has no load
WARNING: [Synth 8-7129] Port pipe_tx4_data[8] in module design_1_xdma_0_0_pcie2_ip_gt_top is either unconnected or has no load
WARNING: [Synth 8-7129] Port pipe_tx4_data[7] in module design_1_xdma_0_0_pcie2_ip_gt_top is either unconnected or has no load
WARNING: [Synth 8-7129] Port pipe_tx4_data[6] in module design_1_xdma_0_0_pcie2_ip_gt_top is either unconnected or has no load
WARNING: [Synth 8-7129] Port pipe_tx4_data[5] in module design_1_xdma_0_0_pcie2_ip_gt_top is either unconnected or has no load
WARNING: [Synth 8-7129] Port pipe_tx4_data[4] in module design_1_xdma_0_0_pcie2_ip_gt_top is either unconnected or has no load
WARNING: [Synth 8-7129] Port pipe_tx4_data[3] in module design_1_xdma_0_0_pcie2_ip_gt_top is either unconnected or has no load
WARNING: [Synth 8-7129] Port pipe_tx4_data[2] in module design_1_xdma_0_0_pcie2_ip_gt_top is either unconnected or has no load
WARNING: [Synth 8-7129] Port pipe_tx4_data[1] in module design_1_xdma_0_0_pcie2_ip_gt_top is either unconnected or has no load
WARNING: [Synth 8-7129] Port pipe_tx4_data[0] in module design_1_xdma_0_0_pcie2_ip_gt_top is either unconnected or has no load
WARNING: [Synth 8-7129] Port pipe_tx4_elec_idle in module design_1_xdma_0_0_pcie2_ip_gt_top is either unconnected or has no load
INFO: [Common 17-14] Message 'Synth 8-7129' appears 100 times and further instances of the messages will be disabled. Use the Tcl command set_msg_config to change the current settings.
---------------------------------------------------------------------------------
Finished RTL Elaboration : Time (s): cpu = 00:00:33 ; elapsed = 00:00:46 . Memory (MB): peak = 3459.121 ; gain = 1637.570 ; free physical = 2325 ; free virtual = 44280
---------------------------------------------------------------------------------
---------------------------------------------------------------------------------
Start Handling Custom Attributes
---------------------------------------------------------------------------------
---------------------------------------------------------------------------------
Finished Handling Custom Attributes : Time (s): cpu = 00:00:33 ; elapsed = 00:00:47 . Memory (MB): peak = 3459.121 ; gain = 1637.570 ; free physical = 2330 ; free virtual = 44285
---------------------------------------------------------------------------------
---------------------------------------------------------------------------------
Finished RTL Optimization Phase 1 : Time (s): cpu = 00:00:33 ; elapsed = 00:00:47 . Memory (MB): peak = 3459.121 ; gain = 1637.570 ; free physical = 2330 ; free virtual = 44285
---------------------------------------------------------------------------------
Netlist sorting complete. Time (s): cpu = 00:00:02 ; elapsed = 00:00:02 . Memory (MB): peak = 3459.121 ; gain = 0.000 ; free physical = 2371 ; free virtual = 44312
WARNING: [Netlist 29-345] The value of SIM_DEVICE on instance 'design_1_i/xdma_0/inst/design_1_xdma_0_0_pcie2_to_pcie3_wrapper_i/pcie2_ip_i/inst/inst/gt_top_i/pipe_wrapper_i/pipe_clock_int.pipe_clock_i/pclk_i1_bufgctrl.pclk_i1' of type 'BUFGCTRL' is 'ULTRASCALE'; it is being changed to match the current FPGA architecture, '7SERIES'. For functional simulation to match hardware behavior, the value of SIM_DEVICE should be changed in the source netlist. 
INFO: [Netlist 29-17] Analyzing 1790 Unisim elements for replacement
INFO: [Netlist 29-28] Unisim Transformation completed in 0 CPU seconds
WARNING: [Netlist 29-1115] Found multi-term driver net: design_1_i/util_ds_buf_0/U0/<const0>.
WARNING: [Netlist 29-1115] Found multi-term driver net: design_1_i/pcie_reset_block_0/util_ds_buf_1/U0/<const0>.
INFO: [Project 1-570] Preparing netlist for logic optimization

Processing XDC Constraints
Initializing timing engine
Parsing XDC File [/home/kokunev/data/git_root/dig/dig_board_pcie_plus_adc/project_1/project_1.srcs/constrs_1/new/early.xdc]
Finished Parsing XDC File [/home/kokunev/data/git_root/dig/dig_board_pcie_plus_adc/project_1/project_1.srcs/constrs_1/new/early.xdc]
INFO: [Project 1-236] Implementation specific constraints were found while reading constraint file [/home/kokunev/data/git_root/dig/dig_board_pcie_plus_adc/project_1/project_1.srcs/constrs_1/new/early.xdc]. These constraints will be ignored for synthesis but will be used in implementation. Impacted constraints are listed in the file [.Xil/design_1_wrapper_propImpl.xdc].
Resolution: To avoid this warning, move constraints listed in [.Xil/design_1_wrapper_propImpl.xdc] to another XDC file and exclude this new file from synthesis with the used_in_synthesis property (File Properties dialog in GUI) and re-run elaboration/synthesis.
Parsing XDC File [/home/kokunev/data/git_root/dig/dig_board_pcie_plus_adc/project_1/project_1.srcs/sources_1/ip/adc_sample_fifo/adc_sample_fifo_2/adc_sample_fifo.xdc] for cell 'design_1_i/adc_c2h_bridge_0/inst/u_adc_sample_fifo/U0'
Finished Parsing XDC File [/home/kokunev/data/git_root/dig/dig_board_pcie_plus_adc/project_1/project_1.srcs/sources_1/ip/adc_sample_fifo/adc_sample_fifo_2/adc_sample_fifo.xdc] for cell 'design_1_i/adc_c2h_bridge_0/inst/u_adc_sample_fifo/U0'
Parsing XDC File [/home/kokunev/data/git_root/dig/dig_board_pcie_plus_adc/project_1/project_1.gen/sources_1/bd/design_1/ip/design_1_util_ds_buf_0_0/design_1_util_ds_buf_0_0_board.xdc] for cell 'design_1_i/util_ds_buf_0/U0'
Finished Parsing XDC File [/home/kokunev/data/git_root/dig/dig_board_pcie_plus_adc/project_1/project_1.gen/sources_1/bd/design_1/ip/design_1_util_ds_buf_0_0/design_1_util_ds_buf_0_0_board.xdc] for cell 'design_1_i/util_ds_buf_0/U0'
Parsing XDC File [/home/kokunev/data/git_root/dig/dig_board_pcie_plus_adc/project_1/project_1.gen/sources_1/bd/design_1/ip/design_1_xdma_0_0/ip_4/pcie2_fifo_generator_tgt_brdg.xdc] for cell 'design_1_i/xdma_0/inst/design_1_xdma_0_0_pcie2_to_pcie3_wrapper_i/design_1_xdma_0_0_axi_stream_intf_i/design_1_xdma_0_0_rx_demux_i/tgt_brdg_fifo_inst/U0'
Finished Parsing XDC File [/home/kokunev/data/git_root/dig/dig_board_pcie_plus_adc/project_1/project_1.gen/sources_1/bd/design_1/ip/design_1_xdma_0_0/ip_4/pcie2_fifo_generator_tgt_brdg.xdc] for cell 'design_1_i/xdma_0/inst/design_1_xdma_0_0_pcie2_to_pcie3_wrapper_i/design_1_xdma_0_0_axi_stream_intf_i/design_1_xdma_0_0_rx_demux_i/tgt_brdg_fifo_inst/U0'
Parsing XDC File [/home/kokunev/data/git_root/dig/dig_board_pcie_plus_adc/project_1/project_1.gen/sources_1/bd/design_1/ip/design_1_xdma_0_0/ip_3/pcie2_fifo_generator_dma_cpl.xdc] for cell 'design_1_i/xdma_0/inst/design_1_xdma_0_0_pcie2_to_pcie3_wrapper_i/design_1_xdma_0_0_axi_stream_intf_i/design_1_xdma_0_0_rx_demux_i/dma_cpl_fifo_inst/U0'
Finished Parsing XDC File [/home/kokunev/data/git_root/dig/dig_board_pcie_plus_adc/project_1/project_1.gen/sources_1/bd/design_1/ip/design_1_xdma_0_0/ip_3/pcie2_fifo_generator_dma_cpl.xdc] for cell 'design_1_i/xdma_0/inst/design_1_xdma_0_0_pcie2_to_pcie3_wrapper_i/design_1_xdma_0_0_axi_stream_intf_i/design_1_xdma_0_0_rx_demux_i/dma_cpl_fifo_inst/U0'
Parsing XDC File [/home/kokunev/data/git_root/dig/dig_board_pcie_plus_adc/project_1/project_1.gen/sources_1/bd/design_1/ip/design_1_xdma_0_0/ip_0/source/design_1_xdma_0_0_pcie2_ip-PCIE_X0Y0.xdc] for cell 'design_1_i/xdma_0/inst/design_1_xdma_0_0_pcie2_to_pcie3_wrapper_i/pcie2_ip_i/inst'
INFO: [Timing 38-2] Deriving generated clocks [/home/kokunev/data/git_root/dig/dig_board_pcie_plus_adc/project_1/project_1.gen/sources_1/bd/design_1/ip/design_1_xdma_0_0/ip_0/source/design_1_xdma_0_0_pcie2_ip-PCIE_X0Y0.xdc:139]
Finished Parsing XDC File [/home/kokunev/data/git_root/dig/dig_board_pcie_plus_adc/project_1/project_1.gen/sources_1/bd/design_1/ip/design_1_xdma_0_0/ip_0/source/design_1_xdma_0_0_pcie2_ip-PCIE_X0Y0.xdc] for cell 'design_1_i/xdma_0/inst/design_1_xdma_0_0_pcie2_to_pcie3_wrapper_i/pcie2_ip_i/inst'
INFO: [Project 1-236] Implementation specific constraints were found while reading constraint file [/home/kokunev/data/git_root/dig/dig_board_pcie_plus_adc/project_1/project_1.gen/sources_1/bd/design_1/ip/design_1_xdma_0_0/ip_0/source/design_1_xdma_0_0_pcie2_ip-PCIE_X0Y0.xdc]. These constraints will be ignored for synthesis but will be used in implementation. Impacted constraints are listed in the file [.Xil/design_1_wrapper_propImpl.xdc].
Resolution: To avoid this warning, move constraints listed in [.Xil/design_1_wrapper_propImpl.xdc] to another XDC file and exclude this new file from synthesis with the used_in_synthesis property (File Properties dialog in GUI) and re-run elaboration/synthesis.
Parsing XDC File [/home/kokunev/data/git_root/dig/dig_board_pcie_plus_adc/project_1/project_1.gen/sources_1/bd/design_1/ip/design_1_xdma_0_0/design_1_xdma_0_0_board.xdc] for cell 'design_1_i/xdma_0/inst'
Finished Parsing XDC File [/home/kokunev/data/git_root/dig/dig_board_pcie_plus_adc/project_1/project_1.gen/sources_1/bd/design_1/ip/design_1_xdma_0_0/design_1_xdma_0_0_board.xdc] for cell 'design_1_i/xdma_0/inst'
Parsing XDC File [/home/kokunev/data/git_root/dig/dig_board_pcie_plus_adc/project_1/project_1.gen/sources_1/bd/design_1/ip/design_1_xdma_0_0/source/design_1_xdma_0_0_pcie3_7vx_ip.xdc] for cell 'design_1_i/xdma_0/inst'
Finished Parsing XDC File [/home/kokunev/data/git_root/dig/dig_board_pcie_plus_adc/project_1/project_1.gen/sources_1/bd/design_1/ip/design_1_xdma_0_0/source/design_1_xdma_0_0_pcie3_7vx_ip.xdc] for cell 'design_1_i/xdma_0/inst'
INFO: [Project 1-236] Implementation specific constraints were found while reading constraint file [/home/kokunev/data/git_root/dig/dig_board_pcie_plus_adc/project_1/project_1.gen/sources_1/bd/design_1/ip/design_1_xdma_0_0/source/design_1_xdma_0_0_pcie3_7vx_ip.xdc]. These constraints will be ignored for synthesis but will be used in implementation. Impacted constraints are listed in the file [.Xil/design_1_wrapper_propImpl.xdc].
Resolution: To avoid this warning, move constraints listed in [.Xil/design_1_wrapper_propImpl.xdc] to another XDC file and exclude this new file from synthesis with the used_in_synthesis property (File Properties dialog in GUI) and re-run elaboration/synthesis.
Parsing XDC File [/home/kokunev/data/git_root/dig/dig_board_pcie_plus_adc/project_1/project_1.gen/sources_1/bd/design_1/ip/design_1_clk_wiz_0_1/design_1_clk_wiz_0_1_board.xdc] for cell 'design_1_i/clk_wiz_0/inst'
Finished Parsing XDC File [/home/kokunev/data/git_root/dig/dig_board_pcie_plus_adc/project_1/project_1.gen/sources_1/bd/design_1/ip/design_1_clk_wiz_0_1/design_1_clk_wiz_0_1_board.xdc] for cell 'design_1_i/clk_wiz_0/inst'
Parsing XDC File [/home/kokunev/data/git_root/dig/dig_board_pcie_plus_adc/project_1/project_1.gen/sources_1/bd/design_1/ip/design_1_clk_wiz_0_1/design_1_clk_wiz_0_1.xdc] for cell 'design_1_i/clk_wiz_0/inst'
Finished Parsing XDC File [/home/kokunev/data/git_root/dig/dig_board_pcie_plus_adc/project_1/project_1.gen/sources_1/bd/design_1/ip/design_1_clk_wiz_0_1/design_1_clk_wiz_0_1.xdc] for cell 'design_1_i/clk_wiz_0/inst'
INFO: [Project 1-236] Implementation specific constraints were found while reading constraint file [/home/kokunev/data/git_root/dig/dig_board_pcie_plus_adc/project_1/project_1.gen/sources_1/bd/design_1/ip/design_1_clk_wiz_0_1/design_1_clk_wiz_0_1.xdc]. These constraints will be ignored for synthesis but will be used in implementation. Impacted constraints are listed in the file [.Xil/design_1_wrapper_propImpl.xdc].
Resolution: To avoid this warning, move constraints listed in [.Xil/design_1_wrapper_propImpl.xdc] to another XDC file and exclude this new file from synthesis with the used_in_synthesis property (File Properties dialog in GUI) and re-run elaboration/synthesis.
Parsing XDC File [/home/kokunev/data/git_root/dig/dig_board_pcie_plus_adc/project_1/project_1.gen/sources_1/bd/design_1/ip/design_1_util_ds_buf_1_0/design_1_util_ds_buf_1_0_board.xdc] for cell 'design_1_i/pcie_reset_block_0/util_ds_buf_1/U0'
Finished Parsing XDC File [/home/kokunev/data/git_root/dig/dig_board_pcie_plus_adc/project_1/project_1.gen/sources_1/bd/design_1/ip/design_1_util_ds_buf_1_0/design_1_util_ds_buf_1_0_board.xdc] for cell 'design_1_i/pcie_reset_block_0/util_ds_buf_1/U0'
Parsing XDC File [/home/kokunev/data/git_root/dig/dig_board_pcie_plus_adc/project_1/project_1.gen/sources_1/bd/design_1/ip/design_1_axi_gpio_0_0/design_1_axi_gpio_0_0_board.xdc] for cell 'design_1_i/axi_gpio_0/U0'
Finished Parsing XDC File [/home/kokunev/data/git_root/dig/dig_board_pcie_plus_adc/project_1/project_1.gen/sources_1/bd/design_1/ip/design_1_axi_gpio_0_0/design_1_axi_gpio_0_0_board.xdc] for cell 'design_1_i/axi_gpio_0/U0'
Parsing XDC File [/home/kokunev/data/git_root/dig/dig_board_pcie_plus_adc/project_1/project_1.gen/sources_1/bd/design_1/ip/design_1_axi_smc_0/bd_0/ip/ip_1/bd_afc3_psr_aclk_0_board.xdc] for cell 'design_1_i/axi_smc/inst/clk_map/psr_aclk/U0'
Finished Parsing XDC File [/home/kokunev/data/git_root/dig/dig_board_pcie_plus_adc/project_1/project_1.gen/sources_1/bd/design_1/ip/design_1_axi_smc_0/bd_0/ip/ip_1/bd_afc3_psr_aclk_0_board.xdc] for cell 'design_1_i/axi_smc/inst/clk_map/psr_aclk/U0'
Parsing XDC File [/home/kokunev/data/git_root/dig/dig_board_pcie_plus_adc/project_1/project_1.gen/sources_1/bd/design_1/ip/design_1_axi_smc_0/smartconnect.xdc] for cell 'design_1_i/axi_smc/inst'
Finished Parsing XDC File [/home/kokunev/data/git_root/dig/dig_board_pcie_plus_adc/project_1/project_1.gen/sources_1/bd/design_1/ip/design_1_axi_smc_0/smartconnect.xdc] for cell 'design_1_i/axi_smc/inst'
Parsing XDC File [/home/kokunev/data/git_root/dig/dig_board_pcie_plus_adc/project_1/project_1.gen/sources_1/bd/design_1/ip/design_1_system_ila_0_0/bd_0/ip/ip_0/ila_v6_2/constraints/ila.xdc] for cell 'design_1_i/system_ila_0/inst/ila_lib/inst'
Finished Parsing XDC File [/home/kokunev/data/git_root/dig/dig_board_pcie_plus_adc/project_1/project_1.gen/sources_1/bd/design_1/ip/design_1_system_ila_0_0/bd_0/ip/ip_0/ila_v6_2/constraints/ila.xdc] for cell 'design_1_i/system_ila_0/inst/ila_lib/inst'
INFO: [Project 1-236] Implementation specific constraints were found while reading constraint file [/home/kokunev/data/git_root/dig/dig_board_pcie_plus_adc/project_1/project_1.gen/sources_1/bd/design_1/ip/design_1_system_ila_0_0/bd_0/ip/ip_0/ila_v6_2/constraints/ila.xdc]. These constraints will be ignored for synthesis but will be used in implementation. Impacted constraints are listed in the file [.Xil/design_1_wrapper_propImpl.xdc].
Resolution: To avoid this warning, move constraints listed in [.Xil/design_1_wrapper_propImpl.xdc] to another XDC file and exclude this new file from synthesis with the used_in_synthesis property (File Properties dialog in GUI) and re-run elaboration/synthesis.
Parsing XDC File [/home/kokunev/data/git_root/dig/dig_board_pcie_plus_adc/project_1/project_1.gen/sources_1/bd/design_1/ip/design_1_system_ila_1_0/bd_0/ip/ip_0/ila_v6_2/constraints/ila.xdc] for cell 'design_1_i/system_ila_1/inst/ila_lib/inst'
Finished Parsing XDC File [/home/kokunev/data/git_root/dig/dig_board_pcie_plus_adc/project_1/project_1.gen/sources_1/bd/design_1/ip/design_1_system_ila_1_0/bd_0/ip/ip_0/ila_v6_2/constraints/ila.xdc] for cell 'design_1_i/system_ila_1/inst/ila_lib/inst'
INFO: [Project 1-236] Implementation specific constraints were found while reading constraint file [/home/kokunev/data/git_root/dig/dig_board_pcie_plus_adc/project_1/project_1.gen/sources_1/bd/design_1/ip/design_1_system_ila_1_0/bd_0/ip/ip_0/ila_v6_2/constraints/ila.xdc]. These constraints will be ignored for synthesis but will be used in implementation. Impacted constraints are listed in the file [.Xil/design_1_wrapper_propImpl.xdc].
Resolution: To avoid this warning, move constraints listed in [.Xil/design_1_wrapper_propImpl.xdc] to another XDC file and exclude this new file from synthesis with the used_in_synthesis property (File Properties dialog in GUI) and re-run elaboration/synthesis.
Parsing XDC File [/home/kokunev/data/git_root/dig/dig_board_pcie_plus_adc/project_1/project_1.gen/sources_1/bd/design_1/ip/design_1_axi_iic_0_0/design_1_axi_iic_0_0_board.xdc] for cell 'design_1_i/axi_iic_0/U0'
Finished Parsing XDC File [/home/kokunev/data/git_root/dig/dig_board_pcie_plus_adc/project_1/project_1.gen/sources_1/bd/design_1/ip/design_1_axi_iic_0_0/design_1_axi_iic_0_0_board.xdc] for cell 'design_1_i/axi_iic_0/U0'
INFO: [Timing 38-2] Deriving generated clocks
Parsing XDC File [/home/kokunev/data/git_root/dig/dig_board_pcie_plus_adc/project_1/project_1.srcs/constrs_1/new/io.xdc]
Finished Parsing XDC File [/home/kokunev/data/git_root/dig/dig_board_pcie_plus_adc/project_1/project_1.srcs/constrs_1/new/io.xdc]
INFO: [Project 1-236] Implementation specific constraints were found while reading constraint file [/home/kokunev/data/git_root/dig/dig_board_pcie_plus_adc/project_1/project_1.srcs/constrs_1/new/io.xdc]. These constraints will be ignored for synthesis but will be used in implementation. Impacted constraints are listed in the file [.Xil/design_1_wrapper_propImpl.xdc].
Resolution: To avoid this warning, move constraints listed in [.Xil/design_1_wrapper_propImpl.xdc] to another XDC file and exclude this new file from synthesis with the used_in_synthesis property (File Properties dialog in GUI) and re-run elaboration/synthesis.
Parsing XDC File [/home/kokunev/data/git_root/dig/dig_board_pcie_plus_adc/project_1/project_1.runs/synth_1/dont_touch.xdc]
Finished Parsing XDC File [/home/kokunev/data/git_root/dig/dig_board_pcie_plus_adc/project_1/project_1.runs/synth_1/dont_touch.xdc]
INFO: [Project 1-236] Implementation specific constraints were found while reading constraint file [/home/kokunev/data/git_root/dig/dig_board_pcie_plus_adc/project_1/project_1.runs/synth_1/dont_touch.xdc]. These constraints will be ignored for synthesis but will be used in implementation. Impacted constraints are listed in the file [.Xil/design_1_wrapper_propImpl.xdc].
Resolution: To avoid this warning, move constraints listed in [.Xil/design_1_wrapper_propImpl.xdc] to another XDC file and exclude this new file from synthesis with the used_in_synthesis property (File Properties dialog in GUI) and re-run elaboration/synthesis.
INFO: [Timing 38-2] Deriving generated clocks
Parsing XDC File [/home/kokunev/data/git_root/dig/dig_board_pcie_plus_adc/project_1/project_1.srcs/sources_1/ip/adc_sample_fifo/adc_sample_fifo_2/adc_sample_fifo_clocks.xdc] for cell 'design_1_i/adc_c2h_bridge_0/inst/u_adc_sample_fifo/U0'
Finished Parsing XDC File [/home/kokunev/data/git_root/dig/dig_board_pcie_plus_adc/project_1/project_1.srcs/sources_1/ip/adc_sample_fifo/adc_sample_fifo_2/adc_sample_fifo_clocks.xdc] for cell 'design_1_i/adc_c2h_bridge_0/inst/u_adc_sample_fifo/U0'
Parsing XDC File [/home/kokunev/data/git_root/dig/dig_board_pcie_plus_adc/project_1/project_1.gen/sources_1/bd/design_1/ip/design_1_xdma_0_0/ip_0/source/ip_xilinx_pcie_2_1_7x_late.xdc] for cell 'design_1_i/xdma_0/inst/design_1_xdma_0_0_pcie2_to_pcie3_wrapper_i/pcie2_ip_i/inst'
Finished Parsing XDC File [/home/kokunev/data/git_root/dig/dig_board_pcie_plus_adc/project_1/project_1.gen/sources_1/bd/design_1/ip/design_1_xdma_0_0/ip_0/source/ip_xilinx_pcie_2_1_7x_late.xdc] for cell 'design_1_i/xdma_0/inst/design_1_xdma_0_0_pcie2_to_pcie3_wrapper_i/pcie2_ip_i/inst'
INFO: [Project 1-236] Implementation specific constraints were found while reading constraint file [/home/kokunev/data/git_root/dig/dig_board_pcie_plus_adc/project_1/project_1.gen/sources_1/bd/design_1/ip/design_1_xdma_0_0/ip_0/source/ip_xilinx_pcie_2_1_7x_late.xdc]. These constraints will be ignored for synthesis but will be used in implementation. Impacted constraints are listed in the file [.Xil/design_1_wrapper_propImpl.xdc].
Resolution: To avoid this warning, move constraints listed in [.Xil/design_1_wrapper_propImpl.xdc] to another XDC file and exclude this new file from synthesis with the used_in_synthesis property (File Properties dialog in GUI) and re-run elaboration/synthesis.
INFO: [Project 1-236] Implementation specific constraints were found while reading constraint file [/opt/Xilinx_2/2025.2/data/ip/xpm/xpm_cdc/tcl/xpm_cdc_array_single.tcl]. These constraints will be ignored for synthesis but will be used in implementation. Impacted constraints are listed in the file [.Xil/design_1_wrapper_propImpl.xdc].
Resolution: To avoid this warning, move constraints listed in [.Xil/design_1_wrapper_propImpl.xdc] to another XDC file and exclude this new file from synthesis with the used_in_synthesis property (File Properties dialog in GUI) and re-run elaboration/synthesis.
INFO: [Project 1-236] Implementation specific constraints were found while reading constraint file [/opt/Xilinx_2/2025.2/data/ip/xpm/xpm_cdc/tcl/xpm_cdc_gray.tcl]. These constraints will be ignored for synthesis but will be used in implementation. Impacted constraints are listed in the file [.Xil/design_1_wrapper_propImpl.xdc].
Resolution: To avoid this warning, move constraints listed in [.Xil/design_1_wrapper_propImpl.xdc] to another XDC file and exclude this new file from synthesis with the used_in_synthesis property (File Properties dialog in GUI) and re-run elaboration/synthesis.
INFO: [Project 1-236] Implementation specific constraints were found while reading constraint file [/opt/Xilinx_2/2025.2/data/ip/xpm/xpm_cdc/tcl/xpm_cdc_single.tcl]. These constraints will be ignored for synthesis but will be used in implementation. Impacted constraints are listed in the file [.Xil/design_1_wrapper_propImpl.xdc].
Resolution: To avoid this warning, move constraints listed in [.Xil/design_1_wrapper_propImpl.xdc] to another XDC file and exclude this new file from synthesis with the used_in_synthesis property (File Properties dialog in GUI) and re-run elaboration/synthesis.
INFO: [Project 1-236] Implementation specific constraints were found while reading constraint file [/opt/Xilinx_2/2025.2/data/ip/xpm/xpm_memory/tcl/xpm_memory_xdc.tcl]. These constraints will be ignored for synthesis but will be used in implementation. Impacted constraints are listed in the file [.Xil/design_1_wrapper_propImpl.xdc].
Resolution: To avoid this warning, move constraints listed in [.Xil/design_1_wrapper_propImpl.xdc] to another XDC file and exclude this new file from synthesis with the used_in_synthesis property (File Properties dialog in GUI) and re-run elaboration/synthesis.
INFO: [Project 1-1714] 79 XPM XDC files have been applied to the design.
Completed Processing XDC Constraints

Netlist sorting complete. Time (s): cpu = 00:00:00.03 ; elapsed = 00:00:00.03 . Memory (MB): peak = 3861.754 ; gain = 0.000 ; free physical = 1811 ; free virtual = 43781
INFO: [Project 1-111] Unisim Transformation Summary:
  A total of 1325 instances were transformed.
  CFGLUT5 => CFGLUT5 (SRL16E, SRLC32E): 1192 instances
  CFGLUT5 => SRLC32E: 110 instances
  FDR => FDRE: 3 instances
  FDRSE => FDRSE (FDRE, LUT4, VCC): 5 instances
  IOBUF => IOBUF (IBUF, OBUFT): 2 instances
  MUXCY_L => MUXCY: 12 instances
  SRL16 => SRL16E: 1 instance 

Constraint Validation Runtime : Time (s): cpu = 00:00:00.41 ; elapsed = 00:00:00.41 . Memory (MB): peak = 3861.789 ; gain = 0.000 ; free physical = 1808 ; free virtual = 43779
---------------------------------------------------------------------------------
Finished Constraint Validation : Time (s): cpu = 00:01:04 ; elapsed = 00:01:14 . Memory (MB): peak = 3861.789 ; gain = 2040.238 ; free physical = 1993 ; free virtual = 43955
---------------------------------------------------------------------------------
---------------------------------------------------------------------------------
Start Loading Part and Timing Information
---------------------------------------------------------------------------------
Loading part: xc7a100tfgg484-2
---------------------------------------------------------------------------------
Finished Loading Part and Timing Information : Time (s): cpu = 00:01:04 ; elapsed = 00:01:14 . Memory (MB): peak = 3869.758 ; gain = 2048.207 ; free physical = 1993 ; free virtual = 43954
---------------------------------------------------------------------------------
---------------------------------------------------------------------------------
Start Applying 'set_property' XDC Constraints
---------------------------------------------------------------------------------
---------------------------------------------------------------------------------
Finished applying 'set_property' XDC Constraints : Time (s): cpu = 00:01:04 ; elapsed = 00:01:14 . Memory (MB): peak = 3869.758 ; gain = 2048.207 ; free physical = 1977 ; free virtual = 43938
---------------------------------------------------------------------------------
---------------------------------------------------------------------------------
Start Preparing Guide Design
---------------------------------------------------------------------------------
got a mismatch reg_interface
got a mismatch iic_control
got a mismatch axi_iic_v2_1_11_upcnt_n
got a mismatch axi_iic_v2_1_11_upcnt_n
got a mismatch design_1_system_ila_1_0
got a mismatch bd_365d_0
Is not a child genome
got a mismatch bd_365d_0_ila_lib_0
got a mismatch ila_v6_2_19_ila_core__parameterized0
got a mismatch ila_v6_2_19_ila_register__parameterized0
Is not a child genome
got a mismatch ila_v6_2_19_ila_trigger__parameterized0
Is not a child genome
got a mismatch ltlib_v1_0_3_match__parameterized1
got a mismatch ltlib_v1_0_3_allx_typeA__parameterized1
Is not a child genome
got a mismatch ltlib_v1_0_3_all_typeA__parameterized2
Is not a child genome
got a mismatch ltlib_v1_0_3_match__parameterized1
got a mismatch ltlib_v1_0_3_allx_typeA__parameterized1
Is not a child genome
got a mismatch ltlib_v1_0_3_all_typeA__parameterized2
Is not a child genome
got a mismatch ltlib_v1_0_3_match__parameterized1
got a mismatch ltlib_v1_0_3_allx_typeA__parameterized1
Is not a child genome
got a mismatch ltlib_v1_0_3_all_typeA__parameterized2
Is not a child genome
got a mismatch ltlib_v1_0_3_match__parameterized1
got a mismatch ltlib_v1_0_3_allx_typeA__parameterized1
Is not a child genome
got a mismatch ltlib_v1_0_3_all_typeA__parameterized2
Is not a child genome
got a mismatch ltlib_v1_0_3_match__parameterized1
got a mismatch ltlib_v1_0_3_allx_typeA__parameterized1
Is not a child genome
got a mismatch ltlib_v1_0_3_all_typeA__parameterized2
Is not a child genome
got a mismatch ltlib_v1_0_3_match__parameterized1
got a mismatch ltlib_v1_0_3_allx_typeA__parameterized1
Is not a child genome
got a mismatch ltlib_v1_0_3_all_typeA__parameterized2
Is not a child genome
got a mismatch ltlib_v1_0_3_match__parameterized1
got a mismatch ltlib_v1_0_3_allx_typeA__parameterized1
Is not a child genome
got a mismatch ltlib_v1_0_3_all_typeA__parameterized2
Is not a child genome
got a mismatch ltlib_v1_0_3_match__parameterized1
got a mismatch ltlib_v1_0_3_allx_typeA__parameterized1
Is not a child genome
got a mismatch ltlib_v1_0_3_all_typeA__parameterized2
Is not a child genome
got a mismatch ltlib_v1_0_3_match__parameterized1
got a mismatch ltlib_v1_0_3_allx_typeA__parameterized1
Is not a child genome
got a mismatch ltlib_v1_0_3_all_typeA__parameterized2
Is not a child genome
got a mismatch ltlib_v1_0_3_match__parameterized1
got a mismatch ltlib_v1_0_3_allx_typeA__parameterized1
Is not a child genome
got a mismatch ltlib_v1_0_3_all_typeA__parameterized2
Is not a child genome
got a mismatch ltlib_v1_0_3_match__parameterized1
got a mismatch ltlib_v1_0_3_allx_typeA__parameterized1
Is not a child genome
got a mismatch ltlib_v1_0_3_all_typeA__parameterized2
Is not a child genome
got a mismatch ltlib_v1_0_3_match__parameterized1
got a mismatch ltlib_v1_0_3_allx_typeA__parameterized1
Is not a child genome
got a mismatch ltlib_v1_0_3_all_typeA__parameterized2
Is not a child genome
got a mismatch ltlib_v1_0_3_match__parameterized1
got a mismatch ltlib_v1_0_3_allx_typeA__parameterized1
Is not a child genome
got a mismatch ltlib_v1_0_3_all_typeA__parameterized2
Is not a child genome
got a mismatch ltlib_v1_0_3_match__parameterized1
got a mismatch ltlib_v1_0_3_allx_typeA__parameterized1
Is not a child genome
got a mismatch ltlib_v1_0_3_all_typeA__parameterized2
Is not a child genome
got a mismatch ltlib_v1_0_3_match__parameterized1
got a mismatch ltlib_v1_0_3_allx_typeA__parameterized1
Is not a child genome
got a mismatch ltlib_v1_0_3_all_typeA__parameterized2
Is not a child genome
got a mismatch ltlib_v1_0_3_match__parameterized1
got a mismatch ltlib_v1_0_3_allx_typeA__parameterized1
Is not a child genome
got a mismatch ltlib_v1_0_3_all_typeA__parameterized2
Is not a child genome
got a mismatch ltlib_v1_0_3_match__parameterized1
got a mismatch ltlib_v1_0_3_allx_typeA__parameterized1
Is not a child genome
got a mismatch ltlib_v1_0_3_all_typeA__parameterized2
Is not a child genome
got a mismatch ltlib_v1_0_3_match__parameterized1
got a mismatch ltlib_v1_0_3_allx_typeA__parameterized1
Is not a child genome
got a mismatch ltlib_v1_0_3_all_typeA__parameterized2
Is not a child genome
got a mismatch ltlib_v1_0_3_match__parameterized1
got a mismatch ltlib_v1_0_3_allx_typeA__parameterized1
Is not a child genome
got a mismatch ltlib_v1_0_3_all_typeA__parameterized2
Is not a child genome
got a mismatch ltlib_v1_0_3_match__parameterized1
got a mismatch ltlib_v1_0_3_allx_typeA__parameterized1
Is not a child genome
got a mismatch ltlib_v1_0_3_all_typeA__parameterized2
Is not a child genome
got a mismatch ltlib_v1_0_3_match__parameterized1
got a mismatch ltlib_v1_0_3_allx_typeA__parameterized1
Is not a child genome
got a mismatch ltlib_v1_0_3_all_typeA__parameterized2
Is not a child genome
got a mismatch ltlib_v1_0_3_match__parameterized1
got a mismatch ltlib_v1_0_3_allx_typeA__parameterized1
Is not a child genome
got a mismatch ltlib_v1_0_3_all_typeA__parameterized2
Is not a child genome
got a mismatch ltlib_v1_0_3_match__parameterized1
got a mismatch ltlib_v1_0_3_allx_typeA__parameterized1
Is not a child genome
got a mismatch ltlib_v1_0_3_all_typeA__parameterized2
Is not a child genome
got a mismatch ltlib_v1_0_3_match__parameterized1
got a mismatch ltlib_v1_0_3_allx_typeA__parameterized1
Is not a child genome
got a mismatch ltlib_v1_0_3_all_typeA__parameterized2
Is not a child genome
got a mismatch ltlib_v1_0_3_match__parameterized1
got a mismatch ltlib_v1_0_3_allx_typeA__parameterized1
Is not a child genome
got a mismatch ltlib_v1_0_3_all_typeA__parameterized2
Is not a child genome
got a mismatch ltlib_v1_0_3_match__parameterized1
got a mismatch ltlib_v1_0_3_allx_typeA__parameterized1
Is not a child genome
got a mismatch ltlib_v1_0_3_all_typeA__parameterized2
Is not a child genome
got a mismatch ltlib_v1_0_3_match__parameterized1
got a mismatch ltlib_v1_0_3_allx_typeA__parameterized1
Is not a child genome
got a mismatch ltlib_v1_0_3_all_typeA__parameterized2
Is not a child genome
got a mismatch ltlib_v1_0_3_match__parameterized1
got a mismatch ltlib_v1_0_3_allx_typeA__parameterized1
Is not a child genome
got a mismatch ltlib_v1_0_3_all_typeA__parameterized2
Is not a child genome
got a mismatch ltlib_v1_0_3_match__parameterized1
got a mismatch ltlib_v1_0_3_allx_typeA__parameterized1
Is not a child genome
got a mismatch ltlib_v1_0_3_all_typeA__parameterized2
Is not a child genome
got a mismatch ltlib_v1_0_3_match__parameterized1
got a mismatch ltlib_v1_0_3_allx_typeA__parameterized1
Is not a child genome
got a mismatch ltlib_v1_0_3_all_typeA__parameterized2
Is not a child genome
got a mismatch ltlib_v1_0_3_match__parameterized1
got a mismatch ltlib_v1_0_3_allx_typeA__parameterized1
Is not a child genome
got a mismatch ltlib_v1_0_3_all_typeA__parameterized2
Is not a child genome
got a mismatch ltlib_v1_0_3_match__parameterized1
got a mismatch ltlib_v1_0_3_allx_typeA__parameterized1
Is not a child genome
got a mismatch ltlib_v1_0_3_all_typeA__parameterized2
Is not a child genome
got a mismatch ltlib_v1_0_3_match__parameterized1
got a mismatch ltlib_v1_0_3_allx_typeA__parameterized1
Is not a child genome
got a mismatch ltlib_v1_0_3_all_typeA__parameterized2
Is not a child genome
got a mismatch ila_v6_2_19_ila_trig_match__parameterized0
Is not a child genome
got a mismatch ltlib_v1_0_3_match__parameterized2
got a mismatch ltlib_v1_0_3_allx_typeA__parameterized2
got a mismatch ltlib_v1_0_3_match__parameterized2
got a mismatch ltlib_v1_0_3_allx_typeA__parameterized2
got a mismatch ltlib_v1_0_3_match__parameterized3
Is not a child genome
got a mismatch ltlib_v1_0_3_allx_typeA__parameterized3
Is not a child genome
got a mismatch ltlib_v1_0_3_match__parameterized3
Is not a child genome
got a mismatch ltlib_v1_0_3_allx_typeA__parameterized3
Is not a child genome
got a mismatch ltlib_v1_0_3_match__parameterized3
Is not a child genome
got a mismatch ltlib_v1_0_3_allx_typeA__parameterized3
Is not a child genome
got a mismatch ltlib_v1_0_3_match__parameterized3
Is not a child genome
got a mismatch ltlib_v1_0_3_allx_typeA__parameterized3
Is not a child genome
got a mismatch ltlib_v1_0_3_match__parameterized3
Is not a child genome
got a mismatch ltlib_v1_0_3_allx_typeA__parameterized3
Is not a child genome
got a mismatch ltlib_v1_0_3_match__parameterized3
Is not a child genome
got a mismatch ltlib_v1_0_3_allx_typeA__parameterized3
Is not a child genome
got a mismatch ltlib_v1_0_3_match__parameterized3
Is not a child genome
got a mismatch ltlib_v1_0_3_allx_typeA__parameterized3
Is not a child genome
got a mismatch ltlib_v1_0_3_match__parameterized3
Is not a child genome
got a mismatch ltlib_v1_0_3_allx_typeA__parameterized3
Is not a child genome
got a mismatch ltlib_v1_0_3_match__parameterized3
Is not a child genome
got a mismatch ltlib_v1_0_3_allx_typeA__parameterized3
Is not a child genome
got a mismatch ltlib_v1_0_3_match__parameterized3
Is not a child genome
got a mismatch ltlib_v1_0_3_allx_typeA__parameterized3
Is not a child genome
got a mismatch ltlib_v1_0_3_match__parameterized3
Is not a child genome
got a mismatch ltlib_v1_0_3_allx_typeA__parameterized3
Is not a child genome
got a mismatch ltlib_v1_0_3_match__parameterized3
Is not a child genome
got a mismatch ltlib_v1_0_3_allx_typeA__parameterized3
Is not a child genome
got a mismatch ltlib_v1_0_3_match__parameterized3
Is not a child genome
got a mismatch ltlib_v1_0_3_allx_typeA__parameterized3
Is not a child genome
got a mismatch ltlib_v1_0_3_match__parameterized3
Is not a child genome
got a mismatch ltlib_v1_0_3_allx_typeA__parameterized3
Is not a child genome
got a mismatch ltlib_v1_0_3_match__parameterized3
Is not a child genome
got a mismatch ltlib_v1_0_3_allx_typeA__parameterized3
Is not a child genome
got a mismatch ltlib_v1_0_3_match__parameterized3
Is not a child genome
got a mismatch ltlib_v1_0_3_allx_typeA__parameterized3
Is not a child genome
got a mismatch ltlib_v1_0_3_match__parameterized3
Is not a child genome
got a mismatch ltlib_v1_0_3_allx_typeA__parameterized3
Is not a child genome
got a mismatch ltlib_v1_0_3_match__parameterized3
Is not a child genome
got a mismatch ltlib_v1_0_3_allx_typeA__parameterized3
Is not a child genome
got a mismatch ila_v6_2_19_ila_trace_memory__parameterized0
Is not a child genome
got a mismatch blk_mem_gen_v8_4_12__parameterized1
Is not a child genome
got a mismatch blk_mem_gen_v8_4_12_synth__parameterized1
got a mismatch blk_mem_gen_v8_4_12_blk_mem_gen_top__parameterized1
got a mismatch blk_mem_gen_v8_4_12_blk_mem_input_block__parameterized1
Is not a child genome
got a mismatch blk_mem_gen_v8_4_12_blk_mem_gen_generic_cstr__parameterized1
Is not a child genome
got a mismatch blk_mem_gen_v8_4_12_blk_mem_gen_prim_width__parameterized5
got a mismatch blk_mem_gen_v8_4_12_blk_mem_output_block__parameterized1
Is not a child genome
got a mismatch ltlib_v1_0_3_generic_memrd__parameterized0
Is not a child genome
---------------------------------------------------------------------------------
Finished Doing Graph Differ : Time (s): cpu = 00:01:09 ; elapsed = 00:01:19 . Memory (MB): peak = 3869.758 ; gain = 2048.207 ; free physical = 1899 ; free virtual = 43891
---------------------------------------------------------------------------------
---------------------------------------------------------------------------------
Finished Preparing Guide Design : Time (s): cpu = 00:01:09 ; elapsed = 00:01:19 . Memory (MB): peak = 3869.758 ; gain = 2048.207 ; free physical = 1899 ; free virtual = 43891
---------------------------------------------------------------------------------
INFO: [Synth 8-802] inferred FSM for state register 'gpregsm1.curr_fwft_state_reg' in module 'fifo_generator_v13_2_14_rd_fwft'
INFO: [Synth 8-802] inferred FSM for state register 'state_reg' in module 'slave_attachment'
INFO: [Synth 8-802] inferred FSM for state register 'state_reg' in module 'slave_attachment__parameterized0'
INFO: [Synth 8-802] inferred FSM for state register 'scl_state_reg' in module 'iic_control'
INFO: [Synth 8-802] inferred FSM for state register 'state_reg' in module 'iic_control'
INFO: [Synth 8-802] inferred FSM for state register 'gen_endpoint.w_state_reg' in module 'sc_mmu_v1_0_16_top'
INFO: [Synth 8-802] inferred FSM for state register 'gen_endpoint.r_state_reg' in module 'sc_mmu_v1_0_16_top'
INFO: [Synth 8-802] inferred FSM for state register 'state_reg' in module 'self_pcie_reset'
INFO: [Synth 8-802] inferred FSM for state register 'current_state_reg' in module 'xsdbs_v1_0_5_reg_p2s'
INFO: [Synth 8-802] inferred FSM for state register 'current_state_reg' in module 'xsdbs_v1_0_5_reg_p2s__parameterized0'
INFO: [Synth 8-802] inferred FSM for state register 'current_state_reg' in module 'xsdbs_v1_0_5_reg_p2s__parameterized1'
INFO: [Synth 8-802] inferred FSM for state register 'current_state_reg' in module 'xsdbs_v1_0_5_reg_p2s__parameterized2'
INFO: [Synth 8-802] inferred FSM for state register 'current_state_reg' in module 'xsdbs_v1_0_5_reg_p2s__parameterized3'
INFO: [Synth 8-802] inferred FSM for state register 'current_state_reg' in module 'xsdbs_v1_0_5_reg_p2s__parameterized4'
INFO: [Synth 8-802] inferred FSM for state register 'current_state_reg' in module 'xsdbs_v1_0_5_reg_p2s__parameterized5'
INFO: [Synth 8-802] inferred FSM for state register 'current_state_reg' in module 'xsdbs_v1_0_5_reg_p2s__parameterized6'
INFO: [Synth 8-802] inferred FSM for state register 'current_state_reg' in module 'xsdbs_v1_0_5_reg_p2s__parameterized7'
INFO: [Synth 8-802] inferred FSM for state register 'current_state_reg' in module 'xsdbs_v1_0_5_reg_p2s__parameterized8'
INFO: [Synth 8-802] inferred FSM for state register 'current_state_reg' in module 'xsdbs_v1_0_5_reg_p2s__parameterized9'
INFO: [Synth 8-802] inferred FSM for state register 'current_state_reg' in module 'xsdbs_v1_0_5_reg_p2s__parameterized10'
INFO: [Synth 8-802] inferred FSM for state register 'current_state_reg' in module 'xsdbs_v1_0_5_reg_p2s__parameterized11'
INFO: [Synth 8-802] inferred FSM for state register 'current_state_reg' in module 'xsdbs_v1_0_5_reg_p2s__parameterized12'
INFO: [Synth 8-802] inferred FSM for state register 'current_state_reg' in module 'xsdbs_v1_0_5_reg_p2s__parameterized13'
INFO: [Synth 8-802] inferred FSM for state register 'current_state_reg' in module 'xsdbs_v1_0_5_reg_p2s__parameterized14'
INFO: [Synth 8-802] inferred FSM for state register 'current_state_reg' in module 'xsdbs_v1_0_5_reg_p2s__parameterized15'
INFO: [Synth 8-802] inferred FSM for state register 'current_state_reg' in module 'xsdbs_v1_0_5_reg_p2s__parameterized16'
INFO: [Synth 8-802] inferred FSM for state register 'current_state_reg' in module 'xsdbs_v1_0_5_reg_p2s__parameterized17'
INFO: [Synth 8-802] inferred FSM for state register 'current_state_reg' in module 'xsdbs_v1_0_5_reg_p2s__parameterized18'
INFO: [Synth 8-802] inferred FSM for state register 'current_state_reg' in module 'xsdbs_v1_0_5_reg_p2s__parameterized19'
INFO: [Synth 8-802] inferred FSM for state register 'current_state_reg' in module 'xsdbs_v1_0_5_reg_p2s__parameterized20'
INFO: [Synth 8-802] inferred FSM for state register 'current_state_reg' in module 'xsdbs_v1_0_5_reg_p2s__parameterized21'
INFO: [Synth 8-802] inferred FSM for state register 'current_state_reg' in module 'xsdbs_v1_0_5_reg_p2s__parameterized22'
INFO: [Synth 8-802] inferred FSM for state register 'current_state_reg' in module 'xsdbs_v1_0_5_reg_p2s__parameterized23'
INFO: [Synth 8-802] inferred FSM for state register 'current_state_reg' in module 'xsdbs_v1_0_5_reg_p2s__parameterized24'
INFO: [Synth 8-802] inferred FSM for state register 'current_state_reg' in module 'xsdbs_v1_0_5_reg_p2s__parameterized25'
INFO: [Synth 8-802] inferred FSM for state register 'current_state_reg' in module 'xsdbs_v1_0_5_reg_p2s__parameterized26'
INFO: [Synth 8-802] inferred FSM for state register 'current_state_reg' in module 'xsdbs_v1_0_5_reg_p2s__parameterized27'
INFO: [Synth 8-802] inferred FSM for state register 'current_state_reg' in module 'xsdbs_v1_0_5_reg_p2s__parameterized28'
INFO: [Synth 8-802] inferred FSM for state register 'current_state_reg' in module 'xsdbs_v1_0_5_reg_p2s__parameterized29'
INFO: [Synth 8-802] inferred FSM for state register 'current_state_reg' in module 'xsdbs_v1_0_5_reg_p2s__parameterized30'
INFO: [Synth 8-802] inferred FSM for state register 'current_state_reg' in module 'xsdbs_v1_0_5_reg_p2s__parameterized31'
INFO: [Synth 8-802] inferred FSM for state register 'current_state_reg' in module 'xsdbs_v1_0_5_reg_p2s__parameterized32'
INFO: [Synth 8-802] inferred FSM for state register 'current_state_reg' in module 'xsdbs_v1_0_5_reg_p2s__parameterized33'
INFO: [Synth 8-802] inferred FSM for state register 'current_state_reg' in module 'xsdbs_v1_0_5_reg_p2s__parameterized34'
INFO: [Synth 8-802] inferred FSM for state register 'current_state_reg' in module 'xsdbs_v1_0_5_reg_p2s__parameterized35'
INFO: [Synth 8-802] inferred FSM for state register 'current_state_reg' in module 'xsdbs_v1_0_5_reg_p2s__parameterized36'
INFO: [Synth 8-802] inferred FSM for state register 'current_state_reg' in module 'xsdbs_v1_0_5_reg_p2s__parameterized37'
INFO: [Synth 8-802] inferred FSM for state register 'current_state_reg' in module 'xsdbs_v1_0_5_reg_p2s__parameterized38'
INFO: [Synth 8-802] inferred FSM for state register 'current_state_reg' in module 'ltlib_v1_0_3_generic_memrd'
INFO: [Synth 8-802] inferred FSM for state register 'current_state_reg' in module 'xsdbs_v1_0_5_reg_p2s__parameterized39'
INFO: [Synth 8-802] inferred FSM for state register 'current_state_reg' in module 'xsdbs_v1_0_5_reg_p2s__parameterized40'
INFO: [Synth 8-802] inferred FSM for state register 'current_state_reg' in module 'xsdbs_v1_0_5_reg_p2s__parameterized41'
INFO: [Synth 8-802] inferred FSM for state register 'current_state_reg' in module 'xsdbs_v1_0_5_reg_p2s__parameterized42'
INFO: [Synth 8-802] inferred FSM for state register 'current_state_reg' in module 'xsdbs_v1_0_5_reg_p2s__parameterized43'
INFO: [Synth 8-802] inferred FSM for state register 'current_state_reg' in module 'xsdbs_v1_0_5_reg_p2s__parameterized44'
INFO: [Synth 8-802] inferred FSM for state register 'current_state_reg' in module 'xsdbs_v1_0_5_reg_p2s__parameterized45'
INFO: [Synth 8-802] inferred FSM for state register 'current_state_reg' in module 'xsdbs_v1_0_5_reg_p2s__parameterized46'
INFO: [Synth 8-802] inferred FSM for state register 'current_state_reg' in module 'xsdbs_v1_0_5_reg_p2s__parameterized47'
INFO: [Synth 8-802] inferred FSM for state register 'current_state_reg' in module 'xsdbs_v1_0_5_reg_p2s__parameterized48'
INFO: [Synth 8-802] inferred FSM for state register 'current_state_reg' in module 'xsdbs_v1_0_5_reg_p2s__parameterized49'
INFO: [Synth 8-802] inferred FSM for state register 'current_state_reg' in module 'xsdbs_v1_0_5_reg_p2s__parameterized50'
INFO: [Synth 8-802] inferred FSM for state register 'current_state_reg' in module 'xsdbs_v1_0_5_reg_p2s__parameterized51'
INFO: [Synth 8-802] inferred FSM for state register 'current_state_reg' in module 'xsdbs_v1_0_5_reg_p2s__parameterized52'
INFO: [Synth 8-802] inferred FSM for state register 'current_state_reg' in module 'xsdbs_v1_0_5_reg_p2s__parameterized53'
INFO: [Synth 8-802] inferred FSM for state register 'current_state_reg' in module 'xsdbs_v1_0_5_reg_p2s__parameterized54'
INFO: [Synth 8-802] inferred FSM for state register 'current_state_reg' in module 'xsdbs_v1_0_5_reg_p2s__parameterized55'
INFO: [Synth 8-802] inferred FSM for state register 'current_state_reg' in module 'xsdbs_v1_0_5_reg_p2s__parameterized56'
INFO: [Synth 8-802] inferred FSM for state register 'current_state_reg' in module 'xsdbs_v1_0_5_reg_p2s__parameterized57'
INFO: [Synth 8-802] inferred FSM for state register 'current_state_reg' in module 'xsdbs_v1_0_5_reg_p2s__parameterized58'
INFO: [Synth 8-802] inferred FSM for state register 'current_state_reg' in module 'xsdbs_v1_0_5_reg_p2s__parameterized59'
INFO: [Synth 8-802] inferred FSM for state register 'current_state_reg' in module 'xsdbs_v1_0_5_reg_p2s__parameterized60'
INFO: [Synth 8-802] inferred FSM for state register 'current_state_reg' in module 'xsdbs_v1_0_5_reg_p2s__parameterized61'
INFO: [Synth 8-802] inferred FSM for state register 'current_state_reg' in module 'xsdbs_v1_0_5_reg_p2s__parameterized62'
INFO: [Synth 8-802] inferred FSM for state register 'current_state_reg' in module 'xsdbs_v1_0_5_reg_p2s__parameterized63'
INFO: [Synth 8-802] inferred FSM for state register 'current_state_reg' in module 'xsdbs_v1_0_5_reg_p2s__parameterized64'
INFO: [Synth 8-802] inferred FSM for state register 'current_state_reg' in module 'xsdbs_v1_0_5_reg_p2s__parameterized65'
INFO: [Synth 8-802] inferred FSM for state register 'current_state_reg' in module 'xsdbs_v1_0_5_reg_p2s__parameterized66'
INFO: [Synth 8-802] inferred FSM for state register 'current_state_reg' in module 'xsdbs_v1_0_5_reg_p2s__parameterized67'
INFO: [Synth 8-802] inferred FSM for state register 'current_state_reg' in module 'xsdbs_v1_0_5_reg_p2s__parameterized68'
INFO: [Synth 8-802] inferred FSM for state register 'current_state_reg' in module 'xsdbs_v1_0_5_reg_p2s__parameterized69'
INFO: [Synth 8-802] inferred FSM for state register 'current_state_reg' in module 'xsdbs_v1_0_5_reg_p2s__parameterized70'
INFO: [Synth 8-802] inferred FSM for state register 'current_state_reg' in module 'xsdbs_v1_0_5_reg_p2s__parameterized71'
INFO: [Synth 8-802] inferred FSM for state register 'current_state_reg' in module 'xsdbs_v1_0_5_reg_p2s__parameterized72'
INFO: [Synth 8-802] inferred FSM for state register 'current_state_reg' in module 'ltlib_v1_0_3_generic_memrd__parameterized0'
INFO: [Synth 8-802] inferred FSM for state register 'mst_sm_cur_100_reg' in module 'xdma_v4_2_2_dma_axist_mst'
INFO: [Synth 8-802] inferred FSM for state register 'memreqsm_cs_reg' in module 'xdma_v4_2_2_axi_str_masterbr_wrrd_br_v'
INFO: [Synth 8-802] inferred FSM for state register 'cpldtlpSm_cs_reg' in module 'xdma_v4_2_2_axi_str_masterbr_rdtlp_br_v'
INFO: [Synth 8-802] inferred FSM for state register 'wrlitesm_cs_reg' in module 'xdma_v4_2_2_axi_mm_master_wr_br_v'
INFO: [Synth 8-802] inferred FSM for state register 'wrdatasm_cs_reg' in module 'xdma_v4_2_2_axi_mm_master_wr_br_v'
INFO: [Synth 8-802] inferred FSM for state register 'rdliteSM_cs_reg' in module 'xdma_v4_2_2_axi_mm_master_rd_br_v'
INFO: [Synth 8-802] inferred FSM for state register 'tar_sm_mr_cur_reg' in module 'xdma_v4_2_2_vul_tar'
INFO: [Synth 8-802] inferred FSM for state register 'msix_init_state_reg' in module 'xdma_v4_2_2_udma_msix'
INFO: [Synth 8-802] inferred FSM for state register 'intr_issue_state_reg' in module 'xdma_v4_2_2_pcie_userapp_tgt_intr_ctrl'
INFO: [Synth 8-802] inferred FSM for state register 'clk_sm_cur_reg' in module 'xdma_v4_2_2_vul_irq'
INFO: [Synth 8-802] inferred FSM for state register 'gpregsm1.curr_fwft_state_reg' in module 'fifo_generator_v13_2_14_rd_fwft__parameterized0'
INFO: [Synth 8-802] inferred FSM for state register 'data_width_128.state_reg' in module 'design_1_xdma_0_0_rx_destraddler'
INFO: [Synth 8-802] inferred FSM for state register 'transfer_SM_reg' in module 'design_1_xdma_0_0_tx_mux'
INFO: [Synth 8-802] inferred FSM for state register 'tx_128.state_reg' in module 'design_1_xdma_0_0_dma_req'
INFO: [Synth 8-802] inferred FSM for state register 'rc_128.state_reg' in module 'design_1_xdma_0_0_dma_cpl'
INFO: [Synth 8-802] inferred FSM for state register 'tx_128.state_reg' in module 'design_1_xdma_0_0_tgt_req'
INFO: [Common 17-14] Message 'Synth 8-802' appears 100 times and further instances of the messages will be disabled. Use the Tcl command set_msg_config to change the current settings.
INFO: [Synth 8-6159] Found Keep on FSM register 'gpregsm1.curr_fwft_state_reg' in module 'fifo_generator_v13_2_14_rd_fwft', re-encoding will not be performed
---------------------------------------------------------------------------------------------------
                   State |                     New Encoding |                Previous Encoding 
---------------------------------------------------------------------------------------------------
                 invalid |                               00 |                               00
            stage1_valid |                               10 |                               10
       both_stages_valid |                               11 |                               11
            stage2_valid |                               01 |                               01
---------------------------------------------------------------------------------------------------
---------------------------------------------------------------------------------------------------
                   State |                     New Encoding |                Previous Encoding 
---------------------------------------------------------------------------------------------------
                 iSTATE2 |                             0001 |                               00
                  iSTATE |                             0010 |                               01
                 iSTATE0 |                             0100 |                               10
                 iSTATE1 |                             1000 |                               11
---------------------------------------------------------------------------------------------------
INFO: [Synth 8-3354] encoded FSM with state register 'state_reg' using encoding 'one-hot' in module 'slave_attachment'
---------------------------------------------------------------------------------------------------
                   State |                     New Encoding |                Previous Encoding 
---------------------------------------------------------------------------------------------------
                 iSTATE2 |                             0001 |                               00
                  iSTATE |                             0010 |                               01
                 iSTATE0 |                             0100 |                               10
                 iSTATE1 |                             1000 |                               11
---------------------------------------------------------------------------------------------------
INFO: [Synth 8-3354] encoded FSM with state register 'state_reg' using encoding 'one-hot' in module 'slave_attachment__parameterized0'
---------------------------------------------------------------------------------------------------
                   State |                     New Encoding |                Previous Encoding 
---------------------------------------------------------------------------------------------------
                    idle |                              000 |                              000
                  header |                              101 |                              001
              ack_header |                              110 |                              010
                rcv_data |                              100 |                              011
                ack_data |                              011 |                              100
               xmit_data |                              010 |                              101
                wait_ack |                              001 |                              110
---------------------------------------------------------------------------------------------------
INFO: [Synth 8-3354] encoded FSM with state register 'state_reg' using encoding 'sequential' in module 'iic_control'
---------------------------------------------------------------------------------------------------
                   State |                     New Encoding |                Previous Encoding 
---------------------------------------------------------------------------------------------------
                scl_idle |                       0000000001 |                             0000
              start_wait |                       0000000010 |                             0001
                   start |                       0000000100 |                             0010
              start_edge |                       0000001000 |                             0011
            scl_low_edge |                       0000010000 |                             0100
                 scl_low |                       0000100000 |                             0101
           scl_high_edge |                       0001000000 |                             0110
                scl_high |                       0010000000 |                             0111
               stop_edge |                       0100000000 |                             1000
               stop_wait |                       1000000000 |                             1001
---------------------------------------------------------------------------------------------------
INFO: [Synth 8-3354] encoded FSM with state register 'scl_state_reg' using encoding 'one-hot' in module 'iic_control'
---------------------------------------------------------------------------------------------------
                   State |                     New Encoding |                Previous Encoding 
---------------------------------------------------------------------------------------------------
                  iSTATE |                               00 | 00000000000000000000000000000000
*
                 W_STALL |                               01 | 00000000000000000000000000000001
               W_PENDING |                               10 | 00000000000000000000000000000010
                W_DECERR |                               11 | 00000000000000000000000000000011
---------------------------------------------------------------------------------------------------
INFO: [Synth 8-3354] encoded FSM with state register 'gen_endpoint.w_state_reg' using encoding 'sequential' in module 'sc_mmu_v1_0_16_top'
---------------------------------------------------------------------------------------------------
                   State |                     New Encoding |                Previous Encoding 
---------------------------------------------------------------------------------------------------
                  iSTATE |                               00 | 00000000000000000000000000000000
*
                 R_STALL |                               01 | 00000000000000000000000000000001
               R_PENDING |                               10 | 00000000000000000000000000000010
                R_DECERR |                               11 | 00000000000000000000000000000011
---------------------------------------------------------------------------------------------------
INFO: [Synth 8-3354] encoded FSM with state register 'gen_endpoint.r_state_reg' using encoding 'sequential' in module 'sc_mmu_v1_0_16_top'
---------------------------------------------------------------------------------------------------
                   State |                     New Encoding |                Previous Encoding 
---------------------------------------------------------------------------------------------------
                 ST_IDLE |                               00 |                               00
                 ST_SAVE |                               01 |                               01
                ST_START |                               10 |                               10
                 ST_DONE |                               11 |                               11
---------------------------------------------------------------------------------------------------
INFO: [Synth 8-3354] encoded FSM with state register 'state_reg' using encoding 'User encoding' in module 'self_pcie_reset'
WARNING: [Synth 8-13157] FSM with state register 'state_reg' is not having reset. This may cause incorrect behavior. User should consider using FSM_SAFE_STATE attribute on the register
---------------------------------------------------------------------------------------------------
                   State |                     New Encoding |                Previous Encoding 
---------------------------------------------------------------------------------------------------
                    IDLE |                             0001 |                             0001
                     REG |                             0010 |                             0010
                     P2S |                             0100 |                             0100
                     S2P |                             1000 |                             1000
---------------------------------------------------------------------------------------------------
INFO: [Synth 8-3354] encoded FSM with state register 'current_state_reg' using encoding 'one-hot' in module 'xsdbs_v1_0_5_reg_p2s'
---------------------------------------------------------------------------------------------------
                   State |                     New Encoding |                Previous Encoding 
---------------------------------------------------------------------------------------------------
                    IDLE |                             0001 |                             0001
                     REG |                             0010 |                             0010
                     P2S |                             0100 |                             0100
                     S2P |                             1000 |                             1000
---------------------------------------------------------------------------------------------------
INFO: [Synth 8-3354] encoded FSM with state register 'current_state_reg' using encoding 'one-hot' in module 'xsdbs_v1_0_5_reg_p2s__parameterized0'
---------------------------------------------------------------------------------------------------
                   State |                     New Encoding |                Previous Encoding 
---------------------------------------------------------------------------------------------------
                    IDLE |                             0001 |                             0001
                     REG |                             0010 |                             0010
                     P2S |                             0100 |                             0100
                     S2P |                             1000 |                             1000
---------------------------------------------------------------------------------------------------
INFO: [Synth 8-3354] encoded FSM with state register 'current_state_reg' using encoding 'one-hot' in module 'xsdbs_v1_0_5_reg_p2s__parameterized1'
---------------------------------------------------------------------------------------------------
                   State |                     New Encoding |                Previous Encoding 
---------------------------------------------------------------------------------------------------
                    IDLE |                             0001 |                             0001
                     REG |                             0010 |                             0010
                     P2S |                             0100 |                             0100
                     S2P |                             1000 |                             1000
---------------------------------------------------------------------------------------------------
INFO: [Synth 8-3354] encoded FSM with state register 'current_state_reg' using encoding 'one-hot' in module 'xsdbs_v1_0_5_reg_p2s__parameterized2'
---------------------------------------------------------------------------------------------------
                   State |                     New Encoding |                Previous Encoding 
---------------------------------------------------------------------------------------------------
                    IDLE |                             0001 |                             0001
                     REG |                             0010 |                             0010
                     P2S |                             0100 |                             0100
                     S2P |                             1000 |                             1000
---------------------------------------------------------------------------------------------------
INFO: [Synth 8-3354] encoded FSM with state register 'current_state_reg' using encoding 'one-hot' in module 'xsdbs_v1_0_5_reg_p2s__parameterized3'
---------------------------------------------------------------------------------------------------
                   State |                     New Encoding |                Previous Encoding 
---------------------------------------------------------------------------------------------------
                    IDLE |                             0001 |                             0001
                     REG |                             0010 |                             0010
                     P2S |                             0100 |                             0100
                     S2P |                             1000 |                             1000
---------------------------------------------------------------------------------------------------
INFO: [Synth 8-3354] encoded FSM with state register 'current_state_reg' using encoding 'one-hot' in module 'xsdbs_v1_0_5_reg_p2s__parameterized4'
---------------------------------------------------------------------------------------------------
                   State |                     New Encoding |                Previous Encoding 
---------------------------------------------------------------------------------------------------
                    IDLE |                             0001 |                             0001
                     REG |                             0010 |                             0010
                     P2S |                             0100 |                             0100
                     S2P |                             1000 |                             1000
---------------------------------------------------------------------------------------------------
INFO: [Synth 8-3354] encoded FSM with state register 'current_state_reg' using encoding 'one-hot' in module 'xsdbs_v1_0_5_reg_p2s__parameterized5'
---------------------------------------------------------------------------------------------------
                   State |                     New Encoding |                Previous Encoding 
---------------------------------------------------------------------------------------------------
                    IDLE |                             0001 |                             0001
                     REG |                             0010 |                             0010
                     P2S |                             0100 |                             0100
                     S2P |                             1000 |                             1000
---------------------------------------------------------------------------------------------------
INFO: [Synth 8-3354] encoded FSM with state register 'current_state_reg' using encoding 'one-hot' in module 'xsdbs_v1_0_5_reg_p2s__parameterized6'
---------------------------------------------------------------------------------------------------
                   State |                     New Encoding |                Previous Encoding 
---------------------------------------------------------------------------------------------------
                    IDLE |                             0001 |                             0001
                     REG |                             0010 |                             0010
                     P2S |                             0100 |                             0100
                     S2P |                             1000 |                             1000
---------------------------------------------------------------------------------------------------
INFO: [Synth 8-3354] encoded FSM with state register 'current_state_reg' using encoding 'one-hot' in module 'xsdbs_v1_0_5_reg_p2s__parameterized7'
---------------------------------------------------------------------------------------------------
                   State |                     New Encoding |                Previous Encoding 
---------------------------------------------------------------------------------------------------
                    IDLE |                             0001 |                             0001
                     REG |                             0010 |                             0010
                     P2S |                             0100 |                             0100
                     S2P |                             1000 |                             1000
---------------------------------------------------------------------------------------------------
INFO: [Synth 8-3354] encoded FSM with state register 'current_state_reg' using encoding 'one-hot' in module 'xsdbs_v1_0_5_reg_p2s__parameterized8'
---------------------------------------------------------------------------------------------------
                   State |                     New Encoding |                Previous Encoding 
---------------------------------------------------------------------------------------------------
                    IDLE |                             0001 |                             0001
                     REG |                             0010 |                             0010
                     P2S |                             0100 |                             0100
                     S2P |                             1000 |                             1000
---------------------------------------------------------------------------------------------------
INFO: [Synth 8-3354] encoded FSM with state register 'current_state_reg' using encoding 'one-hot' in module 'xsdbs_v1_0_5_reg_p2s__parameterized9'
---------------------------------------------------------------------------------------------------
                   State |                     New Encoding |                Previous Encoding 
---------------------------------------------------------------------------------------------------
                    IDLE |                             0001 |                             0001
                     REG |                             0010 |                             0010
                     P2S |                             0100 |                             0100
                     S2P |                             1000 |                             1000
---------------------------------------------------------------------------------------------------
INFO: [Synth 8-3354] encoded FSM with state register 'current_state_reg' using encoding 'one-hot' in module 'xsdbs_v1_0_5_reg_p2s__parameterized10'
---------------------------------------------------------------------------------------------------
                   State |                     New Encoding |                Previous Encoding 
---------------------------------------------------------------------------------------------------
                    IDLE |                             0001 |                             0001
                     REG |                             0010 |                             0010
                     P2S |                             0100 |                             0100
                     S2P |                             1000 |                             1000
---------------------------------------------------------------------------------------------------
INFO: [Synth 8-3354] encoded FSM with state register 'current_state_reg' using encoding 'one-hot' in module 'xsdbs_v1_0_5_reg_p2s__parameterized11'
---------------------------------------------------------------------------------------------------
                   State |                     New Encoding |                Previous Encoding 
---------------------------------------------------------------------------------------------------
                    IDLE |                             0001 |                             0001
                     REG |                             0010 |                             0010
                     P2S |                             0100 |                             0100
                     S2P |                             1000 |                             1000
---------------------------------------------------------------------------------------------------
INFO: [Synth 8-3354] encoded FSM with state register 'current_state_reg' using encoding 'one-hot' in module 'xsdbs_v1_0_5_reg_p2s__parameterized12'
---------------------------------------------------------------------------------------------------
                   State |                     New Encoding |                Previous Encoding 
---------------------------------------------------------------------------------------------------
                    IDLE |                             0001 |                             0001
                     REG |                             0010 |                             0010
                     P2S |                             0100 |                             0100
                     S2P |                             1000 |                             1000
---------------------------------------------------------------------------------------------------
INFO: [Synth 8-3354] encoded FSM with state register 'current_state_reg' using encoding 'one-hot' in module 'xsdbs_v1_0_5_reg_p2s__parameterized13'
---------------------------------------------------------------------------------------------------
                   State |                     New Encoding |                Previous Encoding 
---------------------------------------------------------------------------------------------------
                    IDLE |                             0001 |                             0001
                     REG |                             0010 |                             0010
                     P2S |                             0100 |                             0100
                     S2P |                             1000 |                             1000
---------------------------------------------------------------------------------------------------
INFO: [Synth 8-3354] encoded FSM with state register 'current_state_reg' using encoding 'one-hot' in module 'xsdbs_v1_0_5_reg_p2s__parameterized14'
---------------------------------------------------------------------------------------------------
                   State |                     New Encoding |                Previous Encoding 
---------------------------------------------------------------------------------------------------
                    IDLE |                             0001 |                             0001
                     REG |                             0010 |                             0010
                     P2S |                             0100 |                             0100
                     S2P |                             1000 |                             1000
---------------------------------------------------------------------------------------------------
INFO: [Synth 8-3354] encoded FSM with state register 'current_state_reg' using encoding 'one-hot' in module 'xsdbs_v1_0_5_reg_p2s__parameterized15'
---------------------------------------------------------------------------------------------------
                   State |                     New Encoding |                Previous Encoding 
---------------------------------------------------------------------------------------------------
                    IDLE |                             0001 |                             0001
                     REG |                             0010 |                             0010
                     P2S |                             0100 |                             0100
                     S2P |                             1000 |                             1000
---------------------------------------------------------------------------------------------------
INFO: [Synth 8-3354] encoded FSM with state register 'current_state_reg' using encoding 'one-hot' in module 'xsdbs_v1_0_5_reg_p2s__parameterized16'
---------------------------------------------------------------------------------------------------
                   State |                     New Encoding |                Previous Encoding 
---------------------------------------------------------------------------------------------------
                    IDLE |                             0001 |                             0001
                     REG |                             0010 |                             0010
                     P2S |                             0100 |                             0100
                     S2P |                             1000 |                             1000
---------------------------------------------------------------------------------------------------
INFO: [Synth 8-3354] encoded FSM with state register 'current_state_reg' using encoding 'one-hot' in module 'xsdbs_v1_0_5_reg_p2s__parameterized17'
---------------------------------------------------------------------------------------------------
                   State |                     New Encoding |                Previous Encoding 
---------------------------------------------------------------------------------------------------
                    IDLE |                             0001 |                             0001
                     REG |                             0010 |                             0010
                     P2S |                             0100 |                             0100
                     S2P |                             1000 |                             1000
---------------------------------------------------------------------------------------------------
INFO: [Synth 8-3354] encoded FSM with state register 'current_state_reg' using encoding 'one-hot' in module 'xsdbs_v1_0_5_reg_p2s__parameterized18'
---------------------------------------------------------------------------------------------------
                   State |                     New Encoding |                Previous Encoding 
---------------------------------------------------------------------------------------------------
                    IDLE |                             0001 |                             0001
                     REG |                             0010 |                             0010
                     P2S |                             0100 |                             0100
                     S2P |                             1000 |                             1000
---------------------------------------------------------------------------------------------------
INFO: [Synth 8-3354] encoded FSM with state register 'current_state_reg' using encoding 'one-hot' in module 'xsdbs_v1_0_5_reg_p2s__parameterized19'
---------------------------------------------------------------------------------------------------
                   State |                     New Encoding |                Previous Encoding 
---------------------------------------------------------------------------------------------------
                    IDLE |                             0001 |                             0001
                     REG |                             0010 |                             0010
                     P2S |                             0100 |                             0100
                     S2P |                             1000 |                             1000
---------------------------------------------------------------------------------------------------
INFO: [Synth 8-3354] encoded FSM with state register 'current_state_reg' using encoding 'one-hot' in module 'xsdbs_v1_0_5_reg_p2s__parameterized20'
---------------------------------------------------------------------------------------------------
                   State |                     New Encoding |                Previous Encoding 
---------------------------------------------------------------------------------------------------
                    IDLE |                             0001 |                             0001
                     REG |                             0010 |                             0010
                     P2S |                             0100 |                             0100
                     S2P |                             1000 |                             1000
---------------------------------------------------------------------------------------------------
INFO: [Synth 8-3354] encoded FSM with state register 'current_state_reg' using encoding 'one-hot' in module 'xsdbs_v1_0_5_reg_p2s__parameterized21'
---------------------------------------------------------------------------------------------------
                   State |                     New Encoding |                Previous Encoding 
---------------------------------------------------------------------------------------------------
                    IDLE |                             0001 |                             0001
                     REG |                             0010 |                             0010
                     P2S |                             0100 |                             0100
                     S2P |                             1000 |                             1000
---------------------------------------------------------------------------------------------------
INFO: [Synth 8-3354] encoded FSM with state register 'current_state_reg' using encoding 'one-hot' in module 'xsdbs_v1_0_5_reg_p2s__parameterized22'
---------------------------------------------------------------------------------------------------
                   State |                     New Encoding |                Previous Encoding 
---------------------------------------------------------------------------------------------------
                    IDLE |                             0001 |                             0001
                     REG |                             0010 |                             0010
                     P2S |                             0100 |                             0100
                     S2P |                             1000 |                             1000
---------------------------------------------------------------------------------------------------
INFO: [Synth 8-3354] encoded FSM with state register 'current_state_reg' using encoding 'one-hot' in module 'xsdbs_v1_0_5_reg_p2s__parameterized23'
---------------------------------------------------------------------------------------------------
                   State |                     New Encoding |                Previous Encoding 
---------------------------------------------------------------------------------------------------
                    IDLE |                             0001 |                             0001
                     REG |                             0010 |                             0010
                     P2S |                             0100 |                             0100
                     S2P |                             1000 |                             1000
---------------------------------------------------------------------------------------------------
INFO: [Synth 8-3354] encoded FSM with state register 'current_state_reg' using encoding 'one-hot' in module 'xsdbs_v1_0_5_reg_p2s__parameterized24'
---------------------------------------------------------------------------------------------------
                   State |                     New Encoding |                Previous Encoding 
---------------------------------------------------------------------------------------------------
                    IDLE |                             0001 |                             0001
                     REG |                             0010 |                             0010
                     P2S |                             0100 |                             0100
                     S2P |                             1000 |                             1000
---------------------------------------------------------------------------------------------------
INFO: [Synth 8-3354] encoded FSM with state register 'current_state_reg' using encoding 'one-hot' in module 'xsdbs_v1_0_5_reg_p2s__parameterized25'
---------------------------------------------------------------------------------------------------
                   State |                     New Encoding |                Previous Encoding 
---------------------------------------------------------------------------------------------------
                    IDLE |                             0001 |                             0001
                     REG |                             0010 |                             0010
                     P2S |                             0100 |                             0100
                     S2P |                             1000 |                             1000
---------------------------------------------------------------------------------------------------
INFO: [Synth 8-3354] encoded FSM with state register 'current_state_reg' using encoding 'one-hot' in module 'xsdbs_v1_0_5_reg_p2s__parameterized26'
---------------------------------------------------------------------------------------------------
                   State |                     New Encoding |                Previous Encoding 
---------------------------------------------------------------------------------------------------
                    IDLE |                             0001 |                             0001
                     REG |                             0010 |                             0010
                     P2S |                             0100 |                             0100
                     S2P |                             1000 |                             1000
---------------------------------------------------------------------------------------------------
INFO: [Synth 8-3354] encoded FSM with state register 'current_state_reg' using encoding 'one-hot' in module 'xsdbs_v1_0_5_reg_p2s__parameterized27'
---------------------------------------------------------------------------------------------------
                   State |                     New Encoding |                Previous Encoding 
---------------------------------------------------------------------------------------------------
                    IDLE |                             0001 |                             0001
                     REG |                             0010 |                             0010
                     P2S |                             0100 |                             0100
                     S2P |                             1000 |                             1000
---------------------------------------------------------------------------------------------------
INFO: [Synth 8-3354] encoded FSM with state register 'current_state_reg' using encoding 'one-hot' in module 'xsdbs_v1_0_5_reg_p2s__parameterized28'
---------------------------------------------------------------------------------------------------
                   State |                     New Encoding |                Previous Encoding 
---------------------------------------------------------------------------------------------------
                    IDLE |                             0001 |                             0001
                     REG |                             0010 |                             0010
                     P2S |                             0100 |                             0100
                     S2P |                             1000 |                             1000
---------------------------------------------------------------------------------------------------
INFO: [Synth 8-3354] encoded FSM with state register 'current_state_reg' using encoding 'one-hot' in module 'xsdbs_v1_0_5_reg_p2s__parameterized29'
---------------------------------------------------------------------------------------------------
                   State |                     New Encoding |                Previous Encoding 
---------------------------------------------------------------------------------------------------
                    IDLE |                             0001 |                             0001
                     REG |                             0010 |                             0010
                     P2S |                             0100 |                             0100
                     S2P |                             1000 |                             1000
---------------------------------------------------------------------------------------------------
INFO: [Synth 8-3354] encoded FSM with state register 'current_state_reg' using encoding 'one-hot' in module 'xsdbs_v1_0_5_reg_p2s__parameterized30'
---------------------------------------------------------------------------------------------------
                   State |                     New Encoding |                Previous Encoding 
---------------------------------------------------------------------------------------------------
                    IDLE |                             0001 |                             0001
                     REG |                             0010 |                             0010
                     P2S |                             0100 |                             0100
                     S2P |                             1000 |                             1000
---------------------------------------------------------------------------------------------------
INFO: [Synth 8-3354] encoded FSM with state register 'current_state_reg' using encoding 'one-hot' in module 'xsdbs_v1_0_5_reg_p2s__parameterized31'
---------------------------------------------------------------------------------------------------
                   State |                     New Encoding |                Previous Encoding 
---------------------------------------------------------------------------------------------------
                    IDLE |                             0001 |                             0001
                     REG |                             0010 |                             0010
                     P2S |                             0100 |                             0100
                     S2P |                             1000 |                             1000
---------------------------------------------------------------------------------------------------
INFO: [Synth 8-3354] encoded FSM with state register 'current_state_reg' using encoding 'one-hot' in module 'xsdbs_v1_0_5_reg_p2s__parameterized32'
---------------------------------------------------------------------------------------------------
                   State |                     New Encoding |                Previous Encoding 
---------------------------------------------------------------------------------------------------
                    IDLE |                             0001 |                             0001
                     REG |                             0010 |                             0010
                     P2S |                             0100 |                             0100
                     S2P |                             1000 |                             1000
---------------------------------------------------------------------------------------------------
INFO: [Synth 8-3354] encoded FSM with state register 'current_state_reg' using encoding 'one-hot' in module 'xsdbs_v1_0_5_reg_p2s__parameterized33'
---------------------------------------------------------------------------------------------------
                   State |                     New Encoding |                Previous Encoding 
---------------------------------------------------------------------------------------------------
                    IDLE |                             0001 |                             0001
                     REG |                             0010 |                             0010
                     P2S |                             0100 |                             0100
                     S2P |                             1000 |                             1000
---------------------------------------------------------------------------------------------------
INFO: [Synth 8-3354] encoded FSM with state register 'current_state_reg' using encoding 'one-hot' in module 'xsdbs_v1_0_5_reg_p2s__parameterized34'
---------------------------------------------------------------------------------------------------
                   State |                     New Encoding |                Previous Encoding 
---------------------------------------------------------------------------------------------------
                    IDLE |                             0001 |                             0001
                     REG |                             0010 |                             0010
                     P2S |                             0100 |                             0100
                     S2P |                             1000 |                             1000
---------------------------------------------------------------------------------------------------
INFO: [Synth 8-3354] encoded FSM with state register 'current_state_reg' using encoding 'one-hot' in module 'xsdbs_v1_0_5_reg_p2s__parameterized35'
---------------------------------------------------------------------------------------------------
                   State |                     New Encoding |                Previous Encoding 
---------------------------------------------------------------------------------------------------
                    IDLE |                             0001 |                             0001
                     REG |                             0010 |                             0010
                     P2S |                             0100 |                             0100
                     S2P |                             1000 |                             1000
---------------------------------------------------------------------------------------------------
INFO: [Synth 8-3354] encoded FSM with state register 'current_state_reg' using encoding 'one-hot' in module 'xsdbs_v1_0_5_reg_p2s__parameterized36'
---------------------------------------------------------------------------------------------------
                   State |                     New Encoding |                Previous Encoding 
---------------------------------------------------------------------------------------------------
                    IDLE |                             0001 |                             0001
                     REG |                             0010 |                             0010
                     P2S |                             0100 |                             0100
                     S2P |                             1000 |                             1000
---------------------------------------------------------------------------------------------------
INFO: [Synth 8-3354] encoded FSM with state register 'current_state_reg' using encoding 'one-hot' in module 'xsdbs_v1_0_5_reg_p2s__parameterized37'
---------------------------------------------------------------------------------------------------
                   State |                     New Encoding |                Previous Encoding 
---------------------------------------------------------------------------------------------------
                    IDLE |                             0001 |                             0001
                     REG |                             0010 |                             0010
                     P2S |                             0100 |                             0100
                     S2P |                             1000 |                             1000
---------------------------------------------------------------------------------------------------
INFO: [Synth 8-3354] encoded FSM with state register 'current_state_reg' using encoding 'one-hot' in module 'xsdbs_v1_0_5_reg_p2s__parameterized38'
---------------------------------------------------------------------------------------------------
                   State |                     New Encoding |                Previous Encoding 
---------------------------------------------------------------------------------------------------
              RESET_ADDR |                          0000001 |                          0000001
            REQUEST_READ |                          0000010 |                          0000010
           WAIT_READ_ACK |                          0000100 |                          0000100
             OUTPUT_DATA |                          0001000 |                          0001000
                    IDLE |                          0010000 |                          0010000
         INCREMENT_BLOCK |                          0100000 |                          0100000
       INCREMENT_ADDRESS |                          1000000 |                          1000000
---------------------------------------------------------------------------------------------------
INFO: [Synth 8-3354] encoded FSM with state register 'current_state_reg' using encoding 'one-hot' in module 'ltlib_v1_0_3_generic_memrd'
---------------------------------------------------------------------------------------------------
                   State |                     New Encoding |                Previous Encoding 
---------------------------------------------------------------------------------------------------
                    IDLE |                             0001 |                             0001
                     REG |                             0010 |                             0010
                     P2S |                             0100 |                             0100
                     S2P |                             1000 |                             1000
---------------------------------------------------------------------------------------------------
INFO: [Synth 8-3354] encoded FSM with state register 'current_state_reg' using encoding 'one-hot' in module 'xsdbs_v1_0_5_reg_p2s__parameterized39'
---------------------------------------------------------------------------------------------------
                   State |                     New Encoding |                Previous Encoding 
---------------------------------------------------------------------------------------------------
                    IDLE |                             0001 |                             0001
                     REG |                             0010 |                             0010
                     P2S |                             0100 |                             0100
                     S2P |                             1000 |                             1000
---------------------------------------------------------------------------------------------------
INFO: [Synth 8-3354] encoded FSM with state register 'current_state_reg' using encoding 'one-hot' in module 'xsdbs_v1_0_5_reg_p2s__parameterized40'
---------------------------------------------------------------------------------------------------
                   State |                     New Encoding |                Previous Encoding 
---------------------------------------------------------------------------------------------------
                    IDLE |                             0001 |                             0001
                     REG |                             0010 |                             0010
                     P2S |                             0100 |                             0100
                     S2P |                             1000 |                             1000
---------------------------------------------------------------------------------------------------
INFO: [Synth 8-3354] encoded FSM with state register 'current_state_reg' using encoding 'one-hot' in module 'xsdbs_v1_0_5_reg_p2s__parameterized41'
---------------------------------------------------------------------------------------------------
                   State |                     New Encoding |                Previous Encoding 
---------------------------------------------------------------------------------------------------
                    IDLE |                             0001 |                             0001
                     REG |                             0010 |                             0010
                     P2S |                             0100 |                             0100
                     S2P |                             1000 |                             1000
---------------------------------------------------------------------------------------------------
INFO: [Synth 8-3354] encoded FSM with state register 'current_state_reg' using encoding 'one-hot' in module 'xsdbs_v1_0_5_reg_p2s__parameterized42'
---------------------------------------------------------------------------------------------------
                   State |                     New Encoding |                Previous Encoding 
---------------------------------------------------------------------------------------------------
                    IDLE |                             0001 |                             0001
                     REG |                             0010 |                             0010
                     P2S |                             0100 |                             0100
                     S2P |                             1000 |                             1000
---------------------------------------------------------------------------------------------------
INFO: [Synth 8-3354] encoded FSM with state register 'current_state_reg' using encoding 'one-hot' in module 'xsdbs_v1_0_5_reg_p2s__parameterized43'
---------------------------------------------------------------------------------------------------
                   State |                     New Encoding |                Previous Encoding 
---------------------------------------------------------------------------------------------------
                    IDLE |                             0001 |                             0001
                     REG |                             0010 |                             0010
                     P2S |                             0100 |                             0100
                     S2P |                             1000 |                             1000
---------------------------------------------------------------------------------------------------
INFO: [Synth 8-3354] encoded FSM with state register 'current_state_reg' using encoding 'one-hot' in module 'xsdbs_v1_0_5_reg_p2s__parameterized44'
---------------------------------------------------------------------------------------------------
                   State |                     New Encoding |                Previous Encoding 
---------------------------------------------------------------------------------------------------
                    IDLE |                             0001 |                             0001
                     REG |                             0010 |                             0010
                     P2S |                             0100 |                             0100
                     S2P |                             1000 |                             1000
---------------------------------------------------------------------------------------------------
INFO: [Synth 8-3354] encoded FSM with state register 'current_state_reg' using encoding 'one-hot' in module 'xsdbs_v1_0_5_reg_p2s__parameterized45'
---------------------------------------------------------------------------------------------------
                   State |                     New Encoding |                Previous Encoding 
---------------------------------------------------------------------------------------------------
                    IDLE |                             0001 |                             0001
                     REG |                             0010 |                             0010
                     P2S |                             0100 |                             0100
                     S2P |                             1000 |                             1000
---------------------------------------------------------------------------------------------------
INFO: [Synth 8-3354] encoded FSM with state register 'current_state_reg' using encoding 'one-hot' in module 'xsdbs_v1_0_5_reg_p2s__parameterized46'
---------------------------------------------------------------------------------------------------
                   State |                     New Encoding |                Previous Encoding 
---------------------------------------------------------------------------------------------------
                    IDLE |                             0001 |                             0001
                     REG |                             0010 |                             0010
                     P2S |                             0100 |                             0100
                     S2P |                             1000 |                             1000
---------------------------------------------------------------------------------------------------
INFO: [Synth 8-3354] encoded FSM with state register 'current_state_reg' using encoding 'one-hot' in module 'xsdbs_v1_0_5_reg_p2s__parameterized47'
---------------------------------------------------------------------------------------------------
                   State |                     New Encoding |                Previous Encoding 
---------------------------------------------------------------------------------------------------
                    IDLE |                             0001 |                             0001
                     REG |                             0010 |                             0010
                     P2S |                             0100 |                             0100
                     S2P |                             1000 |                             1000
---------------------------------------------------------------------------------------------------
INFO: [Synth 8-3354] encoded FSM with state register 'current_state_reg' using encoding 'one-hot' in module 'xsdbs_v1_0_5_reg_p2s__parameterized48'
---------------------------------------------------------------------------------------------------
                   State |                     New Encoding |                Previous Encoding 
---------------------------------------------------------------------------------------------------
                    IDLE |                             0001 |                             0001
                     REG |                             0010 |                             0010
                     P2S |                             0100 |                             0100
                     S2P |                             1000 |                             1000
---------------------------------------------------------------------------------------------------
INFO: [Synth 8-3354] encoded FSM with state register 'current_state_reg' using encoding 'one-hot' in module 'xsdbs_v1_0_5_reg_p2s__parameterized49'
---------------------------------------------------------------------------------------------------
                   State |                     New Encoding |                Previous Encoding 
---------------------------------------------------------------------------------------------------
                    IDLE |                             0001 |                             0001
                     REG |                             0010 |                             0010
                     P2S |                             0100 |                             0100
                     S2P |                             1000 |                             1000
---------------------------------------------------------------------------------------------------
INFO: [Synth 8-3354] encoded FSM with state register 'current_state_reg' using encoding 'one-hot' in module 'xsdbs_v1_0_5_reg_p2s__parameterized50'
---------------------------------------------------------------------------------------------------
                   State |                     New Encoding |                Previous Encoding 
---------------------------------------------------------------------------------------------------
                    IDLE |                             0001 |                             0001
                     REG |                             0010 |                             0010
                     P2S |                             0100 |                             0100
                     S2P |                             1000 |                             1000
---------------------------------------------------------------------------------------------------
INFO: [Synth 8-3354] encoded FSM with state register 'current_state_reg' using encoding 'one-hot' in module 'xsdbs_v1_0_5_reg_p2s__parameterized51'
---------------------------------------------------------------------------------------------------
                   State |                     New Encoding |                Previous Encoding 
---------------------------------------------------------------------------------------------------
                    IDLE |                             0001 |                             0001
                     REG |                             0010 |                             0010
                     P2S |                             0100 |                             0100
                     S2P |                             1000 |                             1000
---------------------------------------------------------------------------------------------------
INFO: [Synth 8-3354] encoded FSM with state register 'current_state_reg' using encoding 'one-hot' in module 'xsdbs_v1_0_5_reg_p2s__parameterized52'
---------------------------------------------------------------------------------------------------
                   State |                     New Encoding |                Previous Encoding 
---------------------------------------------------------------------------------------------------
                    IDLE |                             0001 |                             0001
                     REG |                             0010 |                             0010
                     P2S |                             0100 |                             0100
                     S2P |                             1000 |                             1000
---------------------------------------------------------------------------------------------------
INFO: [Synth 8-3354] encoded FSM with state register 'current_state_reg' using encoding 'one-hot' in module 'xsdbs_v1_0_5_reg_p2s__parameterized53'
---------------------------------------------------------------------------------------------------
                   State |                     New Encoding |                Previous Encoding 
---------------------------------------------------------------------------------------------------
                    IDLE |                             0001 |                             0001
                     REG |                             0010 |                             0010
                     P2S |                             0100 |                             0100
                     S2P |                             1000 |                             1000
---------------------------------------------------------------------------------------------------
INFO: [Synth 8-3354] encoded FSM with state register 'current_state_reg' using encoding 'one-hot' in module 'xsdbs_v1_0_5_reg_p2s__parameterized54'
---------------------------------------------------------------------------------------------------
                   State |                     New Encoding |                Previous Encoding 
---------------------------------------------------------------------------------------------------
                    IDLE |                             0001 |                             0001
                     REG |                             0010 |                             0010
                     P2S |                             0100 |                             0100
                     S2P |                             1000 |                             1000
---------------------------------------------------------------------------------------------------
INFO: [Synth 8-3354] encoded FSM with state register 'current_state_reg' using encoding 'one-hot' in module 'xsdbs_v1_0_5_reg_p2s__parameterized55'
---------------------------------------------------------------------------------------------------
                   State |                     New Encoding |                Previous Encoding 
---------------------------------------------------------------------------------------------------
                    IDLE |                             0001 |                             0001
                     REG |                             0010 |                             0010
                     P2S |                             0100 |                             0100
                     S2P |                             1000 |                             1000
---------------------------------------------------------------------------------------------------
INFO: [Synth 8-3354] encoded FSM with state register 'current_state_reg' using encoding 'one-hot' in module 'xsdbs_v1_0_5_reg_p2s__parameterized56'
---------------------------------------------------------------------------------------------------
                   State |                     New Encoding |                Previous Encoding 
---------------------------------------------------------------------------------------------------
                    IDLE |                             0001 |                             0001
                     REG |                             0010 |                             0010
                     P2S |                             0100 |                             0100
                     S2P |                             1000 |                             1000
---------------------------------------------------------------------------------------------------
INFO: [Synth 8-3354] encoded FSM with state register 'current_state_reg' using encoding 'one-hot' in module 'xsdbs_v1_0_5_reg_p2s__parameterized57'
---------------------------------------------------------------------------------------------------
                   State |                     New Encoding |                Previous Encoding 
---------------------------------------------------------------------------------------------------
                    IDLE |                             0001 |                             0001
                     REG |                             0010 |                             0010
                     P2S |                             0100 |                             0100
                     S2P |                             1000 |                             1000
---------------------------------------------------------------------------------------------------
INFO: [Synth 8-3354] encoded FSM with state register 'current_state_reg' using encoding 'one-hot' in module 'xsdbs_v1_0_5_reg_p2s__parameterized58'
---------------------------------------------------------------------------------------------------
                   State |                     New Encoding |                Previous Encoding 
---------------------------------------------------------------------------------------------------
                    IDLE |                             0001 |                             0001
                     REG |                             0010 |                             0010
                     P2S |                             0100 |                             0100
                     S2P |                             1000 |                             1000
---------------------------------------------------------------------------------------------------
INFO: [Synth 8-3354] encoded FSM with state register 'current_state_reg' using encoding 'one-hot' in module 'xsdbs_v1_0_5_reg_p2s__parameterized59'
---------------------------------------------------------------------------------------------------
                   State |                     New Encoding |                Previous Encoding 
---------------------------------------------------------------------------------------------------
                    IDLE |                             0001 |                             0001
                     REG |                             0010 |                             0010
                     P2S |                             0100 |                             0100
                     S2P |                             1000 |                             1000
---------------------------------------------------------------------------------------------------
INFO: [Synth 8-3354] encoded FSM with state register 'current_state_reg' using encoding 'one-hot' in module 'xsdbs_v1_0_5_reg_p2s__parameterized60'
---------------------------------------------------------------------------------------------------
                   State |                     New Encoding |                Previous Encoding 
---------------------------------------------------------------------------------------------------
                    IDLE |                             0001 |                             0001
                     REG |                             0010 |                             0010
                     P2S |                             0100 |                             0100
                     S2P |                             1000 |                             1000
---------------------------------------------------------------------------------------------------
INFO: [Synth 8-3354] encoded FSM with state register 'current_state_reg' using encoding 'one-hot' in module 'xsdbs_v1_0_5_reg_p2s__parameterized61'
---------------------------------------------------------------------------------------------------
                   State |                     New Encoding |                Previous Encoding 
---------------------------------------------------------------------------------------------------
                    IDLE |                             0001 |                             0001
                     REG |                             0010 |                             0010
                     P2S |                             0100 |                             0100
                     S2P |                             1000 |                             1000
---------------------------------------------------------------------------------------------------
INFO: [Synth 8-3354] encoded FSM with state register 'current_state_reg' using encoding 'one-hot' in module 'xsdbs_v1_0_5_reg_p2s__parameterized62'
---------------------------------------------------------------------------------------------------
                   State |                     New Encoding |                Previous Encoding 
---------------------------------------------------------------------------------------------------
                    IDLE |                             0001 |                             0001
                     REG |                             0010 |                             0010
                     P2S |                             0100 |                             0100
                     S2P |                             1000 |                             1000
---------------------------------------------------------------------------------------------------
INFO: [Synth 8-3354] encoded FSM with state register 'current_state_reg' using encoding 'one-hot' in module 'xsdbs_v1_0_5_reg_p2s__parameterized63'
---------------------------------------------------------------------------------------------------
                   State |                     New Encoding |                Previous Encoding 
---------------------------------------------------------------------------------------------------
                    IDLE |                             0001 |                             0001
                     REG |                             0010 |                             0010
                     P2S |                             0100 |                             0100
                     S2P |                             1000 |                             1000
---------------------------------------------------------------------------------------------------
INFO: [Synth 8-3354] encoded FSM with state register 'current_state_reg' using encoding 'one-hot' in module 'xsdbs_v1_0_5_reg_p2s__parameterized64'
---------------------------------------------------------------------------------------------------
                   State |                     New Encoding |                Previous Encoding 
---------------------------------------------------------------------------------------------------
                    IDLE |                             0001 |                             0001
                     REG |                             0010 |                             0010
                     P2S |                             0100 |                             0100
                     S2P |                             1000 |                             1000
---------------------------------------------------------------------------------------------------
INFO: [Synth 8-3354] encoded FSM with state register 'current_state_reg' using encoding 'one-hot' in module 'xsdbs_v1_0_5_reg_p2s__parameterized65'
---------------------------------------------------------------------------------------------------
                   State |                     New Encoding |                Previous Encoding 
---------------------------------------------------------------------------------------------------
                    IDLE |                             0001 |                             0001
                     REG |                             0010 |                             0010
                     P2S |                             0100 |                             0100
                     S2P |                             1000 |                             1000
---------------------------------------------------------------------------------------------------
INFO: [Synth 8-3354] encoded FSM with state register 'current_state_reg' using encoding 'one-hot' in module 'xsdbs_v1_0_5_reg_p2s__parameterized66'
---------------------------------------------------------------------------------------------------
                   State |                     New Encoding |                Previous Encoding 
---------------------------------------------------------------------------------------------------
                    IDLE |                             0001 |                             0001
                     REG |                             0010 |                             0010
                     P2S |                             0100 |                             0100
                     S2P |                             1000 |                             1000
---------------------------------------------------------------------------------------------------
INFO: [Synth 8-3354] encoded FSM with state register 'current_state_reg' using encoding 'one-hot' in module 'xsdbs_v1_0_5_reg_p2s__parameterized67'
---------------------------------------------------------------------------------------------------
                   State |                     New Encoding |                Previous Encoding 
---------------------------------------------------------------------------------------------------
                    IDLE |                             0001 |                             0001
                     REG |                             0010 |                             0010
                     P2S |                             0100 |                             0100
                     S2P |                             1000 |                             1000
---------------------------------------------------------------------------------------------------
INFO: [Synth 8-3354] encoded FSM with state register 'current_state_reg' using encoding 'one-hot' in module 'xsdbs_v1_0_5_reg_p2s__parameterized68'
---------------------------------------------------------------------------------------------------
                   State |                     New Encoding |                Previous Encoding 
---------------------------------------------------------------------------------------------------
                    IDLE |                             0001 |                             0001
                     REG |                             0010 |                             0010
                     P2S |                             0100 |                             0100
                     S2P |                             1000 |                             1000
---------------------------------------------------------------------------------------------------
INFO: [Synth 8-3354] encoded FSM with state register 'current_state_reg' using encoding 'one-hot' in module 'xsdbs_v1_0_5_reg_p2s__parameterized69'
---------------------------------------------------------------------------------------------------
                   State |                     New Encoding |                Previous Encoding 
---------------------------------------------------------------------------------------------------
                    IDLE |                             0001 |                             0001
                     REG |                             0010 |                             0010
                     P2S |                             0100 |                             0100
                     S2P |                             1000 |                             1000
---------------------------------------------------------------------------------------------------
INFO: [Synth 8-3354] encoded FSM with state register 'current_state_reg' using encoding 'one-hot' in module 'xsdbs_v1_0_5_reg_p2s__parameterized70'
---------------------------------------------------------------------------------------------------
                   State |                     New Encoding |                Previous Encoding 
---------------------------------------------------------------------------------------------------
                    IDLE |                             0001 |                             0001
                     REG |                             0010 |                             0010
                     P2S |                             0100 |                             0100
                     S2P |                             1000 |                             1000
---------------------------------------------------------------------------------------------------
INFO: [Synth 8-3354] encoded FSM with state register 'current_state_reg' using encoding 'one-hot' in module 'xsdbs_v1_0_5_reg_p2s__parameterized71'
---------------------------------------------------------------------------------------------------
                   State |                     New Encoding |                Previous Encoding 
---------------------------------------------------------------------------------------------------
                    IDLE |                             0001 |                             0001
                     REG |                             0010 |                             0010
                     P2S |                             0100 |                             0100
                     S2P |                             1000 |                             1000
---------------------------------------------------------------------------------------------------
INFO: [Synth 8-3354] encoded FSM with state register 'current_state_reg' using encoding 'one-hot' in module 'xsdbs_v1_0_5_reg_p2s__parameterized72'
---------------------------------------------------------------------------------------------------
                   State |                     New Encoding |                Previous Encoding 
---------------------------------------------------------------------------------------------------
              RESET_ADDR |                          0000001 |                          0000001
            REQUEST_READ |                          0000010 |                          0000010
           WAIT_READ_ACK |                          0000100 |                          0000100
             OUTPUT_DATA |                          0001000 |                          0001000
                    IDLE |                          0010000 |                          0010000
         INCREMENT_BLOCK |                          0100000 |                          0100000
       INCREMENT_ADDRESS |                          1000000 |                          1000000
---------------------------------------------------------------------------------------------------
INFO: [Synth 8-3354] encoded FSM with state register 'current_state_reg' using encoding 'one-hot' in module 'ltlib_v1_0_3_generic_memrd__parameterized0'
---------------------------------------------------------------------------------------------------
                   State |                     New Encoding |                Previous Encoding 
---------------------------------------------------------------------------------------------------
             mst_sm_idle |                               00 |                               00
             mst_sm_wait |                               01 |                               01
              mst_sm_run |                               10 |                               10
---------------------------------------------------------------------------------------------------
INFO: [Synth 8-3354] encoded FSM with state register 'mst_sm_cur_100_reg' using encoding 'sequential' in module 'xdma_v4_2_2_dma_axist_mst'
---------------------------------------------------------------------------------------------------
                   State |                     New Encoding |                Previous Encoding 
---------------------------------------------------------------------------------------------------
               WRRD_IDLE |                              000 |                              000
             WRRD_MEMREQ |                              001 |                              001
          WRRD_MEMREQ2ND |                              010 |                              010
          WRRD_MEMWRDATA |                              011 |                              100
           WRRD_MEMRDREQ |                              100 |                              011
---------------------------------------------------------------------------------------------------
INFO: [Synth 8-3354] encoded FSM with state register 'memreqsm_cs_reg' using encoding 'sequential' in module 'xdma_v4_2_2_axi_str_masterbr_wrrd_br_v'
---------------------------------------------------------------------------------------------------
                   State |                     New Encoding |                Previous Encoding 
---------------------------------------------------------------------------------------------------
              MCPL_START |                               00 |                               00
          MCPL_CRTDATBT1 |                               01 |                               01
          MCPL_CRTDATBT2 |                               10 |                               10
           MCPL_DATAXFER |                               11 |                               11
---------------------------------------------------------------------------------------------------
INFO: [Synth 8-3354] encoded FSM with state register 'cpldtlpSm_cs_reg' using encoding 'sequential' in module 'xdma_v4_2_2_axi_str_masterbr_rdtlp_br_v'
---------------------------------------------------------------------------------------------------
                   State |                     New Encoding |                Previous Encoding 
---------------------------------------------------------------------------------------------------
           WDATASM_START |                               00 |                               00
            WDATASM_IDLE |                               01 |                               01
        WDATASM_DATAXFER |                               10 |                               10
---------------------------------------------------------------------------------------------------
INFO: [Synth 8-3354] encoded FSM with state register 'wrdatasm_cs_reg' using encoding 'sequential' in module 'xdma_v4_2_2_axi_mm_master_wr_br_v'
---------------------------------------------------------------------------------------------------
                   State |                     New Encoding |                Previous Encoding 
---------------------------------------------------------------------------------------------------
           WRLITESM_IDLE |                               00 |                               00
    WRLITESM_PCIETLPINFO |                               01 |                               01
         WRLITESM_WRDATA |                               10 |                               10
         WRLITESM_WAITWR |                               11 |                               11
---------------------------------------------------------------------------------------------------
INFO: [Synth 8-3354] encoded FSM with state register 'wrlitesm_cs_reg' using encoding 'sequential' in module 'xdma_v4_2_2_axi_mm_master_wr_br_v'
---------------------------------------------------------------------------------------------------
                   State |                     New Encoding |                Previous Encoding 
---------------------------------------------------------------------------------------------------
             RDLITE_IDLE |                               00 |                               00
      RDLITE_PCIETLPINFO |                               01 |                               01
        RDLITE_WAITRDCPL |                               10 |                               10
---------------------------------------------------------------------------------------------------
INFO: [Synth 8-3354] encoded FSM with state register 'rdliteSM_cs_reg' using encoding 'sequential' in module 'xdma_v4_2_2_axi_mm_master_rd_br_v'
---------------------------------------------------------------------------------------------------
                   State |                     New Encoding |                Previous Encoding 
---------------------------------------------------------------------------------------------------
              sm_mr_idle |                             0001 |                             0001
                sm_mr_ld |                             0010 |                             0010
              sm_mr_wait |                             0100 |                             0100
               sm_mr_cpl |                             1000 |                             1000
---------------------------------------------------------------------------------------------------
INFO: [Synth 8-3354] encoded FSM with state register 'tar_sm_mr_cur_reg' using encoding 'one-hot' in module 'xdma_v4_2_2_vul_tar'
---------------------------------------------------------------------------------------------------
                   State |                     New Encoding |                Previous Encoding 
---------------------------------------------------------------------------------------------------
        S_INTR_ISSUE_RST |                        000000001 |                             0000
       S_INTR_ISSUE_IDLE |                        000000010 |                             0001
      S_INTR_ISSUE_ADDRL |                        000000100 |                             0010
      S_INTR_ISSUE_ADDRH |                        000001000 |                             0011
       S_INTR_ISSUE_DATA |                        000010000 |                             0100
     S_INTR_ISSUE_VECCON |                        000100000 |                             0101
        S_INTR_ISSUE_VLD |                        001000000 |                             0110
       S_INTR_ISSUE_SEND |                        010000000 |                             0111
       S_INTR_ISSUE_WAIT |                        100000000 |                             1001
---------------------------------------------------------------------------------------------------
INFO: [Synth 8-3354] encoded FSM with state register 'intr_issue_state_reg' using encoding 'one-hot' in module 'xdma_v4_2_2_pcie_userapp_tgt_intr_ctrl'
---------------------------------------------------------------------------------------------------
                   State |                     New Encoding |                Previous Encoding 
---------------------------------------------------------------------------------------------------
                 sm_idle |                              000 | 00000000000000000000000000000000
                  sm_arb |                              001 | 00000000000000000000000000000001
                  sm_vec |                              010 | 00000000000000000000000000000010
              sm_irq_set |                              011 | 00000000000000000000000000000011
                  sm_irq |                              100 | 00000000000000000000000000000100
              sm_irq_clr |                              101 | 00000000000000000000000000000101
---------------------------------------------------------------------------------------------------
INFO: [Synth 8-3354] encoded FSM with state register 'clk_sm_cur_reg' using encoding 'sequential' in module 'xdma_v4_2_2_vul_irq'
INFO: [Synth 8-6159] Found Keep on FSM register 'gpregsm1.curr_fwft_state_reg' in module 'fifo_generator_v13_2_14_rd_fwft__parameterized0', re-encoding will not be performed
---------------------------------------------------------------------------------------------------
                   State |                     New Encoding |                Previous Encoding 
---------------------------------------------------------------------------------------------------
                 invalid |                               00 |                               00
            stage1_valid |                               10 |                               10
       both_stages_valid |                               11 |                               11
            stage2_valid |                               01 |                               01
---------------------------------------------------------------------------------------------------
---------------------------------------------------------------------------------------------------
                   State |                     New Encoding |                Previous Encoding 
---------------------------------------------------------------------------------------------------
           NORMAL_PACKET |                               00 |                               00
        STRADDLED_PACKET |                               01 |                               01
            THROTTLE_TLP |                               10 |                               10
---------------------------------------------------------------------------------------------------
INFO: [Synth 8-3354] encoded FSM with state register 'data_width_128.state_reg' using encoding 'sequential' in module 'design_1_xdma_0_0_rx_destraddler'
---------------------------------------------------------------------------------------------------
                   State |                     New Encoding |                Previous Encoding 
---------------------------------------------------------------------------------------------------
                 SM_IDLE |                               00 |                               00
                  SM_TGT |                               01 |                               10
                 SM_MSIX |                               10 |                               11
                  SM_REQ |                               11 |                               01
---------------------------------------------------------------------------------------------------
INFO: [Synth 8-3354] encoded FSM with state register 'transfer_SM_reg' using encoding 'sequential' in module 'design_1_xdma_0_0_tx_mux'
---------------------------------------------------------------------------------------------------
                   State |                     New Encoding |                Previous Encoding 
---------------------------------------------------------------------------------------------------
                 TX_IDLE |                            00001 |                              000
                 TX_DATA |                            00010 |                              010
               TX_DATA_N |                            00100 |                              011
                  TX_NEW |                            01000 |                              101
                 TX_WAIT |                            10000 |                              100
---------------------------------------------------------------------------------------------------
INFO: [Synth 8-3354] encoded FSM with state register 'tx_128.state_reg' using encoding 'one-hot' in module 'design_1_xdma_0_0_dma_req'
---------------------------------------------------------------------------------------------------
                   State |                     New Encoding |                Previous Encoding 
---------------------------------------------------------------------------------------------------
                 RX_IDLE |                                0 |                              000
                 RX_DATA |                                1 |                              010
---------------------------------------------------------------------------------------------------
INFO: [Synth 8-3354] encoded FSM with state register 'rc_128.state_reg' using encoding 'sequential' in module 'design_1_xdma_0_0_dma_cpl'
---------------------------------------------------------------------------------------------------
                   State |                     New Encoding |                Previous Encoding 
---------------------------------------------------------------------------------------------------
                 RX_IDLE |                                0 |                              000
                  RX_DW2 |                                1 |                              010
---------------------------------------------------------------------------------------------------
INFO: [Synth 8-3354] encoded FSM with state register 'tx_128.state_reg' using encoding 'sequential' in module 'design_1_xdma_0_0_tgt_req'
---------------------------------------------------------------------------------------------------
                   State |                     New Encoding |                Previous Encoding 
---------------------------------------------------------------------------------------------------
                 TX_IDLE |                               00 |                              000
              TX_DW0_DW1 |                               01 |                              001
                 TX_WAIT |                               10 |                              011
---------------------------------------------------------------------------------------------------
INFO: [Synth 8-3354] encoded FSM with state register 'tx_128.state_reg' using encoding 'sequential' in module 'design_1_xdma_0_0_tgt_cpl'
---------------------------------------------------------------------------------------------------
                   State |                     New Encoding |                Previous Encoding 
---------------------------------------------------------------------------------------------------
            EIOS_DET_IDL |                            00001 |                            00001
        EIOS_DET_NO_STR0 |                            00010 |                            00010
           EIOS_DET_STR0 |                            00100 |                            00100
           EIOS_DET_STR1 |                            01000 |                            01000
           EIOS_DET_DONE |                            10000 |                            10000
---------------------------------------------------------------------------------------------------
INFO: [Synth 8-3354] encoded FSM with state register 'reg_state_eios_det_reg' using encoding 'one-hot' in module 'design_1_xdma_0_0_pcie2_ip_gt_rx_valid_filter_7x'
---------------------------------------------------------------------------------------------------
                   State |                     New Encoding |                Previous Encoding 
---------------------------------------------------------------------------------------------------
            FSM_CFG_WAIT |                  000000000000001 |                            00001
            FSM_PLLRESET |                  001000000000000 |                            00010
       FSM_DRP_X16_START |                  000001000000000 |                            00011
        FSM_DRP_X16_DONE |                  000010000000000 |                            00100
             FSM_PLLLOCK |                  000000100000000 |                            00101
             FSM_GTRESET |                  000000001000000 |                            00110
    FSM_RXPMARESETDONE_1 |                  000000000000100 |                            00111
    FSM_RXPMARESETDONE_2 |                  000000000001000 |                            01000
       FSM_DRP_X20_START |                  000000000010000 |                            01001
        FSM_DRP_X20_DONE |                  000000000100000 |                            01010
           FSM_MMCM_LOCK |                  100000000000000 |                            01011
           FSM_RESETDONE |                  010000000000000 |                            01100
        FSM_TXSYNC_START |                  000100000000000 |                            01101
         FSM_TXSYNC_DONE |                  000000010000000 |                            01110
                FSM_IDLE |                  000000000000010 |                            00000
---------------------------------------------------------------------------------------------------
INFO: [Synth 8-3354] encoded FSM with state register 'fsm_reg' using encoding 'one-hot' in module 'design_1_xdma_0_0_pcie2_ip_gtp_pipe_reset'
INFO: [Common 17-14] Message 'Synth 8-3354' appears 100 times and further instances of the messages will be disabled. Use the Tcl command set_msg_config to change the current settings.
---------------------------------------------------------------------------------------------------
                   State |                     New Encoding |                Previous Encoding 
---------------------------------------------------------------------------------------------------
           FSM_WAIT_LOCK |                         00000001 |                             0010
           FSM_MMCM_LOCK |                         00000010 |                             0011
       FSM_DRP_START_NOM |                         00000100 |                             0100
        FSM_DRP_DONE_NOM |                         00001000 |                             0101
            FSM_QPLLLOCK |                         00010000 |                             0110
        FSM_QPLL_PDRESET |                         00100000 |                             1011
             FSM_QPLL_PD |                         01000000 |                             1100
                FSM_IDLE |                         10000000 |                             0001
---------------------------------------------------------------------------------------------------
---------------------------------------------------------------------------------------------------
                   State |                     New Encoding |                Previous Encoding 
---------------------------------------------------------------------------------------------------
                FSM_IDLE |                    0000000010000 |                             0000
         FSM_TXDATA_WAIT |                    0000100000000 |                             0001
            FSM_PCLK_SEL |                    0000000001000 |                             0010
       FSM_DRP_X16_START |                    0000000000001 |                             0011
        FSM_DRP_X16_DONE |                    0000000000010 |                             0100
            FSM_RATE_SEL |                    0000000000100 |                             0101
      FSM_RXPMARESETDONE |                    1000000000000 |                             0110
       FSM_DRP_X20_START |                    0001000000000 |                             0111
        FSM_DRP_X20_DONE |                    0010000000000 |                             1000
           FSM_RATE_DONE |                    0100000000000 |                             1001
        FSM_TXSYNC_START |                    0000010000000 |                             1010
         FSM_TXSYNC_DONE |                    0000001000000 |                             1011
                FSM_DONE |                    0000000100000 |                             1100
---------------------------------------------------------------------------------------------------
---------------------------------------------------------------------------------------------------
                   State |                     New Encoding |                Previous Encoding 
---------------------------------------------------------------------------------------------------
                  iSTATE |                            00001 |                             0000
*
                FSM_IDLE |                            00010 |                             0001
              FSM_PRESET |                            00100 |                             0010
            FSM_CONVERGE |                            01000 |                             0100
     FSM_NEW_TXCOEFF_REQ |                            10000 |                             1000
---------------------------------------------------------------------------------------------------
---------------------------------------------------------------------------------------------------
                   State |                     New Encoding |                Previous Encoding 
---------------------------------------------------------------------------------------------------
                  iSTATE |                              000 |                           000000
*
           FSM_TXEQ_IDLE |                              001 |                           000001
         FSM_TXEQ_PRESET |                              010 |                           000010
        FSM_TXEQ_TXCOEFF |                              011 |                           000100
          FSM_TXEQ_REMAP |                              100 |                           001000
          FSM_TXEQ_QUERY |                              101 |                           010000
           FSM_TXEQ_DONE |                              110 |                           100000
---------------------------------------------------------------------------------------------------
---------------------------------------------------------------------------------------------------
                   State |                     New Encoding |                Previous Encoding 
---------------------------------------------------------------------------------------------------
                  iSTATE |                          0000001 |                           000000
*
           FSM_RXEQ_IDLE |                          0000010 |                           000001
         FSM_RXEQ_PRESET |                          0000100 |                           000010
        FSM_RXEQ_TXCOEFF |                          0001000 |                           000100
             FSM_RXEQ_LF |                          0010000 |                           001000
FSM_RXEQ_NEW_TXCOEFF_REQ |                          0100000 |                           010000
           FSM_RXEQ_DONE |                          1000000 |                           100000
---------------------------------------------------------------------------------------------------
---------------------------------------------------------------------------------------------------
                   State |                     New Encoding |                Previous Encoding 
---------------------------------------------------------------------------------------------------
                FSM_IDLE |                        000000001 |                        000000001
                FSM_LOAD |                        000000010 |                        000000010
                FSM_READ |                        000000100 |                        000000100
                FSM_RRDY |                        000001000 |                        000001000
               FSM_WRITE |                        000010000 |                        000010000
                FSM_WRDY |                        000100000 |                        000100000
                FSM_DONE |                        001000000 |                        001000000
           FSM_QPLLRESET |                        010000000 |                        010000000
            FSM_QPLLLOCK |                        100000000 |                        100000000
---------------------------------------------------------------------------------------------------
---------------------------------------------------------------------------------------------------
                   State |                     New Encoding |                Previous Encoding 
---------------------------------------------------------------------------------------------------
                FSM_IDLE |                             0010 |                               00
           FSM_RESETOVRD |                             1000 |                               01
          FSM_RESET_INIT |                             0100 |                               10
               FSM_RESET |                             0001 |                               11
---------------------------------------------------------------------------------------------------
---------------------------------------------------------------------------------------------------
                   State |                     New Encoding |                Previous Encoding 
---------------------------------------------------------------------------------------------------
                  iSTATE |                          0000001 |                           000000
*
         FSM_TXSYNC_IDLE |                          0000010 |                           000001
           FSM_MMCM_LOCK |                          0000100 |                           000010
        FSM_TXSYNC_START |                          0001000 |                           000100
        FSM_TXPHINITDONE |                          0010000 |                           001000
        FSM_TXSYNC_DONE1 |                          0100000 |                           010000
        FSM_TXSYNC_DONE2 |                          1000000 |                           100000
---------------------------------------------------------------------------------------------------
---------------------------------------------------------------------------------
Finished RTL Optimization Phase 2 : Time (s): cpu = 00:01:19 ; elapsed = 00:01:30 . Memory (MB): peak = 3869.758 ; gain = 2048.207 ; free physical = 1916 ; free virtual = 43902
---------------------------------------------------------------------------------


Incremental Synthesis Report Summary:

1. Incremental synthesis run: no

   Reason for not running incremental synthesis : Port sizes have changed


INFO: [Synth 8-7130] Flow is switching to default flow due to incremental criteria not met. If you would like to alter this behaviour and have the flow terminate instead, please set the following parameter config_implementation {autoIncr.Synth.RejectBehavior Terminate}
---------------------------------------------------------------------------------
Start RTL Component Statistics 
---------------------------------------------------------------------------------
---------------------------------------------------------------------------------
Finished RTL Component Statistics 
---------------------------------------------------------------------------------
---------------------------------------------------------------------------------
Start Part Resource Summary
---------------------------------------------------------------------------------
Part Resources:
DSPs: 240 (col length:80)
BRAMs: 270 (col length: RAMB18 80 RAMB36 40)
---------------------------------------------------------------------------------
Finished Part Resource Summary
---------------------------------------------------------------------------------
---------------------------------------------------------------------------------
Start Cross Boundary and Area Optimization
---------------------------------------------------------------------------------
INFO: [Common 17-14] Message 'Synth 8-7129' appears 100 times and further instances of the messages will be disabled. Use the Tcl command set_msg_config to change the current settings.
INFO: [Synth 8-3886] merging instance 'gen_rdwr_loop[0].gen_rdwr_eng.RDWR_INST/cfg_mrs_msk_nn1_reg[26]' (FD) to 'gen_rdwr_loop[0].gen_rdwr_eng.RDWR_INST/cfg_mrs_msk_nn1_reg[25]'
INFO: [Synth 8-3886] merging instance 'gen_rdwr_loop[0].gen_rdwr_eng.RDWR_INST/cfg_mrs_msk_nn1_reg[25]' (FD) to 'gen_rdwr_loop[0].gen_rdwr_eng.RDWR_INST/cfg_mrs_msk_nn1_reg[24]'
INFO: [Synth 8-3886] merging instance 'gen_rdwr_loop[0].gen_rdwr_eng.RDWR_INST/cfg_mrs_msk_nn1_reg[24]' (FD) to 'gen_rdwr_loop[0].gen_rdwr_eng.RDWR_INST/cfg_mrs_msk_nn1_reg[23]'
INFO: [Synth 8-3886] merging instance 'gen_rdwr_loop[0].gen_rdwr_eng.RDWR_INST/cfg_mrs_msk_nn1_reg[23]' (FD) to 'gen_rdwr_loop[0].gen_rdwr_eng.RDWR_INST/cfg_mrs_msk_nn1_reg[22]'
INFO: [Synth 8-3886] merging instance 'gen_rdwr_loop[0].gen_rdwr_eng.RDWR_INST/cfg_mrs_msk_nn1_reg[22]' (FD) to 'gen_rdwr_loop[0].gen_rdwr_eng.RDWR_INST/cfg_mrs_msk_nn1_reg[21]'
INFO: [Synth 8-3886] merging instance 'gen_rdwr_loop[0].gen_rdwr_eng.RDWR_INST/cfg_mrs_msk_nn1_reg[21]' (FD) to 'gen_rdwr_loop[0].gen_rdwr_eng.RDWR_INST/cfg_mrs_msk_nn1_reg[20]'
INFO: [Synth 8-3886] merging instance 'gen_rdwr_loop[0].gen_rdwr_eng.RDWR_INST/cfg_mrs_msk_nn1_reg[20]' (FD) to 'gen_rdwr_loop[0].gen_rdwr_eng.RDWR_INST/cfg_mrs_msk_nn1_reg[19]'
INFO: [Synth 8-3886] merging instance 'gen_rdwr_loop[0].gen_rdwr_eng.RDWR_INST/cfg_mrs_msk_nn1_reg[19]' (FD) to 'gen_rdwr_loop[0].gen_rdwr_eng.RDWR_INST/cfg_mrs_msk_nn1_reg[18]'
INFO: [Synth 8-3886] merging instance 'gen_rdwr_loop[0].gen_rdwr_eng.RDWR_INST/cfg_mrs_msk_nn1_reg[18]' (FD) to 'gen_rdwr_loop[0].gen_rdwr_eng.RDWR_INST/cfg_mrs_msk_nn1_reg[17]'
INFO: [Synth 8-3886] merging instance 'gen_rdwr_loop[0].gen_rdwr_eng.RDWR_INST/cfg_mrs_msk_nn1_reg[17]' (FD) to 'gen_rdwr_loop[0].gen_rdwr_eng.RDWR_INST/cfg_mrs_msk_nn1_reg[16]'
INFO: [Synth 8-3886] merging instance 'gen_rdwr_loop[0].gen_rdwr_eng.RDWR_INST/cfg_mrs_msk_nn1_reg[16]' (FD) to 'gen_rdwr_loop[0].gen_rdwr_eng.RDWR_INST/cfg_mrs_msk_nn1_reg[15]'
INFO: [Synth 8-3886] merging instance 'gen_rdwr_loop[0].gen_rdwr_eng.RDWR_INST/cfg_mrs_msk_nn1_reg[6]' (FD) to 'gen_rdwr_loop[0].gen_rdwr_eng.RDWR_INST/cfg_mrs_msk_nn1_reg[0]'
INFO: [Synth 8-3886] merging instance 'gen_rdwr_loop[0].gen_rdwr_eng.RDWR_INST/cfg_mrs_msk_nn1_reg[5]' (FD) to 'gen_rdwr_loop[0].gen_rdwr_eng.RDWR_INST/cfg_mrs_msk_nn1_reg[0]'
INFO: [Synth 8-3886] merging instance 'gen_rdwr_loop[0].gen_rdwr_eng.RDWR_INST/cfg_mrs_msk_nn1_reg[0]' (FD) to 'gen_rdwr_loop[0].gen_rdwr_eng.RDWR_INST/cfg_mrs_msk_nn1_reg[1]'
INFO: [Synth 8-3886] merging instance 'gen_rdwr_loop[0].gen_rdwr_eng.RDWR_INST/cfg_mrs_msk_nn1_reg[1]' (FD) to 'gen_rdwr_loop[0].gen_rdwr_eng.RDWR_INST/cfg_mrs_msk_nn1_reg[2]'
INFO: [Synth 8-3886] merging instance 'gen_rdwr_loop[0].gen_rdwr_eng.RDWR_INST/cfg_mrs_msk_nn1_reg[2]' (FD) to 'gen_rdwr_loop[0].gen_rdwr_eng.RDWR_INST/cfg_mrs_msk_nn1_reg[3]'
INFO: [Synth 8-3886] merging instance 'gen_rdwr_loop[0].gen_rdwr_eng.RDWR_INST/cfg_mrs_msk_nn1_reg[3]' (FD) to 'gen_rdwr_loop[0].gen_rdwr_eng.RDWR_INST/cfg_mrs_msk_nn1_reg[4]'
INFO: [Synth 8-3886] merging instance 'gen_rdwr_loop[0].gen_rdwr_eng.RDWR_INST/cfg_mrs_msk_nn1_reg[4]' (FD) to 'gen_rdwr_loop[0].gen_rdwr_eng.RDWR_INST/cfg_mpl_msk_nn1_reg[0]'
INFO: [Synth 8-3886] merging instance 'gen_rdwr_loop[1].gen_rdwr_eng.RDWR_INST/cfg_mrs_msk_nn1_reg[26]' (FD) to 'gen_rdwr_loop[1].gen_rdwr_eng.RDWR_INST/cfg_mrs_msk_nn1_reg[25]'
INFO: [Synth 8-3886] merging instance 'gen_rdwr_loop[1].gen_rdwr_eng.RDWR_INST/cfg_mrs_msk_nn1_reg[25]' (FD) to 'gen_rdwr_loop[1].gen_rdwr_eng.RDWR_INST/cfg_mrs_msk_nn1_reg[24]'
INFO: [Synth 8-3886] merging instance 'gen_rdwr_loop[1].gen_rdwr_eng.RDWR_INST/cfg_mrs_msk_nn1_reg[24]' (FD) to 'gen_rdwr_loop[1].gen_rdwr_eng.RDWR_INST/cfg_mrs_msk_nn1_reg[23]'
INFO: [Synth 8-3886] merging instance 'gen_rdwr_loop[1].gen_rdwr_eng.RDWR_INST/cfg_mrs_msk_nn1_reg[23]' (FD) to 'gen_rdwr_loop[1].gen_rdwr_eng.RDWR_INST/cfg_mrs_msk_nn1_reg[22]'
INFO: [Synth 8-3886] merging instance 'gen_rdwr_loop[1].gen_rdwr_eng.RDWR_INST/cfg_mrs_msk_nn1_reg[22]' (FD) to 'gen_rdwr_loop[1].gen_rdwr_eng.RDWR_INST/cfg_mrs_msk_nn1_reg[21]'
INFO: [Synth 8-3886] merging instance 'gen_rdwr_loop[1].gen_rdwr_eng.RDWR_INST/cfg_mrs_msk_nn1_reg[21]' (FD) to 'gen_rdwr_loop[1].gen_rdwr_eng.RDWR_INST/cfg_mrs_msk_nn1_reg[20]'
INFO: [Synth 8-3886] merging instance 'gen_rdwr_loop[1].gen_rdwr_eng.RDWR_INST/cfg_mrs_msk_nn1_reg[20]' (FD) to 'gen_rdwr_loop[1].gen_rdwr_eng.RDWR_INST/cfg_mrs_msk_nn1_reg[19]'
INFO: [Synth 8-3886] merging instance 'gen_rdwr_loop[1].gen_rdwr_eng.RDWR_INST/cfg_mrs_msk_nn1_reg[19]' (FD) to 'gen_rdwr_loop[1].gen_rdwr_eng.RDWR_INST/cfg_mrs_msk_nn1_reg[18]'
INFO: [Synth 8-3886] merging instance 'gen_rdwr_loop[1].gen_rdwr_eng.RDWR_INST/cfg_mrs_msk_nn1_reg[18]' (FD) to 'gen_rdwr_loop[1].gen_rdwr_eng.RDWR_INST/cfg_mrs_msk_nn1_reg[17]'
INFO: [Synth 8-3886] merging instance 'gen_rdwr_loop[1].gen_rdwr_eng.RDWR_INST/cfg_mrs_msk_nn1_reg[17]' (FD) to 'gen_rdwr_loop[1].gen_rdwr_eng.RDWR_INST/cfg_mrs_msk_nn1_reg[16]'
INFO: [Synth 8-3886] merging instance 'gen_rdwr_loop[1].gen_rdwr_eng.RDWR_INST/cfg_mrs_msk_nn1_reg[16]' (FD) to 'gen_rdwr_loop[1].gen_rdwr_eng.RDWR_INST/cfg_mrs_msk_nn1_reg[15]'
INFO: [Synth 8-3886] merging instance 'gen_rdwr_loop[1].gen_rdwr_eng.RDWR_INST/cfg_mrs_msk_nn1_reg[6]' (FD) to 'gen_rdwr_loop[1].gen_rdwr_eng.RDWR_INST/cfg_mrs_msk_nn1_reg[0]'
INFO: [Synth 8-3886] merging instance 'gen_rdwr_loop[1].gen_rdwr_eng.RDWR_INST/cfg_mrs_msk_nn1_reg[5]' (FD) to 'gen_rdwr_loop[1].gen_rdwr_eng.RDWR_INST/cfg_mrs_msk_nn1_reg[0]'
INFO: [Synth 8-3886] merging instance 'gen_rdwr_loop[1].gen_rdwr_eng.RDWR_INST/cfg_mrs_msk_nn1_reg[0]' (FD) to 'gen_rdwr_loop[1].gen_rdwr_eng.RDWR_INST/cfg_mrs_msk_nn1_reg[1]'
INFO: [Synth 8-3886] merging instance 'gen_rdwr_loop[1].gen_rdwr_eng.RDWR_INST/cfg_mrs_msk_nn1_reg[1]' (FD) to 'gen_rdwr_loop[1].gen_rdwr_eng.RDWR_INST/cfg_mrs_msk_nn1_reg[2]'
INFO: [Synth 8-3886] merging instance 'gen_rdwr_loop[1].gen_rdwr_eng.RDWR_INST/cfg_mrs_msk_nn1_reg[2]' (FD) to 'gen_rdwr_loop[1].gen_rdwr_eng.RDWR_INST/cfg_mrs_msk_nn1_reg[3]'
INFO: [Synth 8-3886] merging instance 'gen_rdwr_loop[1].gen_rdwr_eng.RDWR_INST/cfg_mrs_msk_nn1_reg[3]' (FD) to 'gen_rdwr_loop[1].gen_rdwr_eng.RDWR_INST/cfg_mrs_msk_nn1_reg[4]'
INFO: [Synth 8-3886] merging instance 'gen_rdwr_loop[1].gen_rdwr_eng.RDWR_INST/cfg_mrs_msk_nn1_reg[4]' (FD) to 'gen_rdwr_loop[1].gen_rdwr_eng.RDWR_INST/cfg_mpl_msk_nn1_reg[0]'
INFO: [Synth 8-3886] merging instance 'gen_rdwr_loop[0].gen_rdwr_eng.RDWR_INST/rcp_errc_101_reg[0]' (FD) to 'gen_rdwr_loop[0].gen_rdwr_eng.RDWR_INST/dat_fifo_dbe_nn1_reg'
INFO: [Synth 8-3886] merging instance 'gen_rdwr_loop[0].gen_rdwr_eng.RDWR_INST/rcp_errc_101_reg[1]' (FD) to 'gen_rdwr_loop[0].gen_rdwr_eng.RDWR_INST/dat_fifo_dbe_nn1_reg'
INFO: [Synth 8-3886] merging instance 'gen_rdwr_loop[0].gen_rdwr_eng.RDWR_INST/rcp_errc_101_reg[2]' (FD) to 'gen_rdwr_loop[0].gen_rdwr_eng.RDWR_INST/dat_fifo_dbe_nn1_reg'
INFO: [Synth 8-3886] merging instance 'gen_rdwr_loop[0].gen_rdwr_eng.RDWR_INST/rcp_errc_101_reg[3]' (FD) to 'gen_rdwr_loop[0].gen_rdwr_eng.RDWR_INST/dat_fifo_dbe_nn1_reg'
INFO: [Synth 8-3886] merging instance 'gen_rdwr_loop[1].gen_rdwr_eng.RDWR_INST/rcp_errc_101_reg[0]' (FD) to 'gen_rdwr_loop[1].gen_rdwr_eng.RDWR_INST/dat_fifo_dbe_nn1_reg'
INFO: [Synth 8-3886] merging instance 'gen_rdwr_loop[1].gen_rdwr_eng.RDWR_INST/rcp_errc_101_reg[1]' (FD) to 'gen_rdwr_loop[1].gen_rdwr_eng.RDWR_INST/dat_fifo_dbe_nn1_reg'
INFO: [Synth 8-3886] merging instance 'gen_rdwr_loop[1].gen_rdwr_eng.RDWR_INST/rcp_errc_101_reg[2]' (FD) to 'gen_rdwr_loop[1].gen_rdwr_eng.RDWR_INST/dat_fifo_dbe_nn1_reg'
INFO: [Synth 8-3886] merging instance 'gen_rdwr_loop[1].gen_rdwr_eng.RDWR_INST/rcp_errc_101_reg[3]' (FD) to 'gen_rdwr_loop[1].gen_rdwr_eng.RDWR_INST/dat_fifo_dbe_nn1_reg'
INFO: [Synth 8-3886] merging instance 'gen_rdwr_loop[0].gen_rdwr_eng.RDWR_INST/wrq_rid_301_reg_rep[0]' (FDRE) to 'gen_rdwr_loop[0].gen_rdwr_eng.RDWR_INST/wrq_rid_301_reg[0]'
INFO: [Synth 8-3886] merging instance 'gen_rdwr_loop[0].gen_rdwr_eng.RDWR_INST/wrq_rid_301_reg_rep[1]' (FDRE) to 'gen_rdwr_loop[0].gen_rdwr_eng.RDWR_INST/wrq_rid_301_reg[1]'
INFO: [Synth 8-3886] merging instance 'gen_rdwr_loop[0].gen_rdwr_eng.RDWR_INST/wrq_rid_301_reg_rep[2]' (FDRE) to 'gen_rdwr_loop[0].gen_rdwr_eng.RDWR_INST/wrq_rid_301_reg[2]'
INFO: [Synth 8-3886] merging instance 'gen_rdwr_loop[0].gen_rdwr_eng.RDWR_INST/wrq_rid_301_reg_rep[3]' (FDRE) to 'gen_rdwr_loop[0].gen_rdwr_eng.RDWR_INST/wrq_rid_301_reg[3]'
INFO: [Synth 8-3886] merging instance 'gen_rdwr_loop[0].gen_rdwr_eng.RDWR_INST/cfg_mpl_msk_nn1_reg[0]' (FD) to 'gen_rdwr_loop[0].gen_rdwr_eng.RDWR_INST/cfg_mpl_msk_nn1_reg[1]'
INFO: [Synth 8-3886] merging instance 'gen_rdwr_loop[0].gen_rdwr_eng.RDWR_INST/cfg_mpl_msk_nn1_reg[1]' (FD) to 'gen_rdwr_loop[0].gen_rdwr_eng.RDWR_INST/cfg_mpl_msk_nn1_reg[2]'
INFO: [Synth 8-3886] merging instance 'gen_rdwr_loop[0].gen_rdwr_eng.RDWR_INST/cfg_mpl_msk_nn1_reg[2]' (FD) to 'gen_rdwr_loop[0].gen_rdwr_eng.RDWR_INST/cfg_mpl_msk_nn1_reg[3]'
INFO: [Synth 8-3886] merging instance 'gen_rdwr_loop[0].gen_rdwr_eng.RDWR_INST/cfg_mpl_msk_nn1_reg[3]' (FD) to 'gen_rdwr_loop[0].gen_rdwr_eng.RDWR_INST/cfg_mpl_msk_nn1_reg[4]'
INFO: [Synth 8-3886] merging instance 'gen_rdwr_loop[0].gen_rdwr_eng.RDWR_INST/cfg_mpl_msk_nn1_reg[4]' (FD) to 'gen_rdwr_loop[0].gen_rdwr_eng.RDWR_INST/cfg_mpl_msk_nn1_reg[5]'
INFO: [Synth 8-3886] merging instance 'gen_rdwr_loop[0].gen_rdwr_eng.RDWR_INST/cfg_mpl_msk_nn1_reg[5]' (FD) to 'gen_rdwr_loop[0].gen_rdwr_eng.RDWR_INST/cfg_mpl_msk_nn1_reg[6]'
INFO: [Synth 8-3333] propagating constant 1 across sequential element (\gen_rdwr_loop[0].gen_rdwr_eng.RDWR_INST /\cfg_mpl_msk_nn1_reg[6] )
INFO: [Synth 8-3886] merging instance 'gen_rdwr_loop[1].gen_rdwr_eng.RDWR_INST/wrq_rid_301_reg_rep[0]' (FDRE) to 'gen_rdwr_loop[1].gen_rdwr_eng.RDWR_INST/wrq_rid_301_reg[0]'
INFO: [Synth 8-3886] merging instance 'gen_rdwr_loop[1].gen_rdwr_eng.RDWR_INST/wrq_rid_301_reg_rep[1]' (FDRE) to 'gen_rdwr_loop[1].gen_rdwr_eng.RDWR_INST/wrq_rid_301_reg[1]'
INFO: [Synth 8-3886] merging instance 'gen_rdwr_loop[1].gen_rdwr_eng.RDWR_INST/wrq_rid_301_reg_rep[2]' (FDRE) to 'gen_rdwr_loop[1].gen_rdwr_eng.RDWR_INST/wrq_rid_301_reg[2]'
INFO: [Synth 8-3886] merging instance 'gen_rdwr_loop[1].gen_rdwr_eng.RDWR_INST/wrq_rid_301_reg_rep[3]' (FDRE) to 'gen_rdwr_loop[1].gen_rdwr_eng.RDWR_INST/wrq_rid_301_reg[3]'
INFO: [Synth 8-3886] merging instance 'gen_rdwr_loop[1].gen_rdwr_eng.RDWR_INST/cfg_mpl_msk_nn1_reg[0]' (FD) to 'gen_rdwr_loop[1].gen_rdwr_eng.RDWR_INST/cfg_mpl_msk_nn1_reg[1]'
INFO: [Synth 8-3886] merging instance 'gen_rdwr_loop[1].gen_rdwr_eng.RDWR_INST/cfg_mpl_msk_nn1_reg[1]' (FD) to 'gen_rdwr_loop[1].gen_rdwr_eng.RDWR_INST/cfg_mpl_msk_nn1_reg[2]'
INFO: [Synth 8-3886] merging instance 'gen_rdwr_loop[1].gen_rdwr_eng.RDWR_INST/cfg_mpl_msk_nn1_reg[2]' (FD) to 'gen_rdwr_loop[1].gen_rdwr_eng.RDWR_INST/cfg_mpl_msk_nn1_reg[3]'
INFO: [Synth 8-3886] merging instance 'gen_rdwr_loop[1].gen_rdwr_eng.RDWR_INST/cfg_mpl_msk_nn1_reg[3]' (FD) to 'gen_rdwr_loop[1].gen_rdwr_eng.RDWR_INST/cfg_mpl_msk_nn1_reg[4]'
INFO: [Synth 8-3886] merging instance 'gen_rdwr_loop[1].gen_rdwr_eng.RDWR_INST/cfg_mpl_msk_nn1_reg[4]' (FD) to 'gen_rdwr_loop[1].gen_rdwr_eng.RDWR_INST/cfg_mpl_msk_nn1_reg[5]'
INFO: [Synth 8-3886] merging instance 'gen_rdwr_loop[1].gen_rdwr_eng.RDWR_INST/cfg_mpl_msk_nn1_reg[5]' (FD) to 'gen_rdwr_loop[1].gen_rdwr_eng.RDWR_INST/cfg_mpl_msk_nn1_reg[6]'
INFO: [Synth 8-3333] propagating constant 1 across sequential element (\gen_rdwr_loop[1].gen_rdwr_eng.RDWR_INST /\cfg_mpl_msk_nn1_reg[6] )
INFO: [Synth 8-3886] merging instance 'gen_rdwr_loop[0].gen_rdwr_eng.RDWR_INST/cfg_mrs_nn1_reg[0]' (FD) to 'gen_rdwr_loop[0].gen_rdwr_eng.RDWR_INST/dat_fifo_dbe_nn1_reg'
INFO: [Synth 8-3886] merging instance 'gen_rdwr_loop[0].gen_rdwr_eng.RDWR_INST/cfg_mrs_nn1_reg[1]' (FD) to 'gen_rdwr_loop[0].gen_rdwr_eng.RDWR_INST/dat_fifo_dbe_nn1_reg'
INFO: [Synth 8-3886] merging instance 'gen_rdwr_loop[0].gen_rdwr_eng.RDWR_INST/cfg_mrs_nn1_reg[2]' (FD) to 'gen_rdwr_loop[0].gen_rdwr_eng.RDWR_INST/dat_fifo_dbe_nn1_reg'
INFO: [Synth 8-3886] merging instance 'gen_rdwr_loop[0].gen_rdwr_eng.RDWR_INST/cfg_mrs_nn1_reg[3]' (FD) to 'gen_rdwr_loop[0].gen_rdwr_eng.RDWR_INST/dat_fifo_dbe_nn1_reg'
INFO: [Synth 8-3886] merging instance 'gen_rdwr_loop[0].gen_rdwr_eng.RDWR_INST/cfg_mrs_nn1_reg[27]' (FD) to 'gen_rdwr_loop[0].gen_rdwr_eng.RDWR_INST/dat_fifo_dbe_nn1_reg'
INFO: [Synth 8-3886] merging instance 'gen_rdwr_loop[0].gen_rdwr_eng.RDWR_INST/cfg_mrs_nn1_reg[26]' (FD) to 'gen_rdwr_loop[0].gen_rdwr_eng.RDWR_INST/dat_fifo_dbe_nn1_reg'
INFO: [Synth 8-3886] merging instance 'gen_rdwr_loop[0].gen_rdwr_eng.RDWR_INST/cfg_mrs_nn1_reg[25]' (FD) to 'gen_rdwr_loop[0].gen_rdwr_eng.RDWR_INST/dat_fifo_dbe_nn1_reg'
INFO: [Synth 8-3886] merging instance 'gen_rdwr_loop[0].gen_rdwr_eng.RDWR_INST/cfg_mrs_nn1_reg[24]' (FD) to 'gen_rdwr_loop[0].gen_rdwr_eng.RDWR_INST/dat_fifo_dbe_nn1_reg'
INFO: [Synth 8-3886] merging instance 'gen_rdwr_loop[0].gen_rdwr_eng.RDWR_INST/cfg_mrs_nn1_reg[23]' (FD) to 'gen_rdwr_loop[0].gen_rdwr_eng.RDWR_INST/dat_fifo_dbe_nn1_reg'
INFO: [Synth 8-3886] merging instance 'gen_rdwr_loop[0].gen_rdwr_eng.RDWR_INST/cfg_mrs_nn1_reg[22]' (FD) to 'gen_rdwr_loop[0].gen_rdwr_eng.RDWR_INST/dat_fifo_dbe_nn1_reg'
INFO: [Synth 8-3886] merging instance 'gen_rdwr_loop[0].gen_rdwr_eng.RDWR_INST/cfg_mrs_nn1_reg[21]' (FD) to 'gen_rdwr_loop[0].gen_rdwr_eng.RDWR_INST/dat_fifo_dbe_nn1_reg'
INFO: [Synth 8-3886] merging instance 'gen_rdwr_loop[0].gen_rdwr_eng.RDWR_INST/cfg_mrs_nn1_reg[20]' (FD) to 'gen_rdwr_loop[0].gen_rdwr_eng.RDWR_INST/dat_fifo_dbe_nn1_reg'
INFO: [Synth 8-3886] merging instance 'gen_rdwr_loop[0].gen_rdwr_eng.RDWR_INST/cfg_mrs_nn1_reg[19]' (FD) to 'gen_rdwr_loop[0].gen_rdwr_eng.RDWR_INST/dat_fifo_dbe_nn1_reg'
INFO: [Synth 8-3886] merging instance 'gen_rdwr_loop[0].gen_rdwr_eng.RDWR_INST/cfg_mrs_nn1_reg[18]' (FD) to 'gen_rdwr_loop[0].gen_rdwr_eng.RDWR_INST/dat_fifo_dbe_nn1_reg'
INFO: [Synth 8-3886] merging instance 'gen_rdwr_loop[0].gen_rdwr_eng.RDWR_INST/cfg_mrs_nn1_reg[17]' (FD) to 'gen_rdwr_loop[0].gen_rdwr_eng.RDWR_INST/dat_fifo_dbe_nn1_reg'
INFO: [Synth 8-3886] merging instance 'gen_rdwr_loop[0].gen_rdwr_eng.RDWR_INST/cfg_mrs_nn1_reg[16]' (FD) to 'gen_rdwr_loop[0].gen_rdwr_eng.RDWR_INST/dat_fifo_dbe_nn1_reg'
INFO: [Synth 8-3886] merging instance 'gen_rdwr_loop[0].gen_rdwr_eng.RDWR_INST/cfg_mrs_nn1_reg[15]' (FD) to 'gen_rdwr_loop[0].gen_rdwr_eng.RDWR_INST/dat_fifo_dbe_nn1_reg'
INFO: [Synth 8-3886] merging instance 'gen_rdwr_loop[0].gen_rdwr_eng.RDWR_INST/cfg_mrs_nn1_reg[6]' (FD) to 'gen_rdwr_loop[0].gen_rdwr_eng.RDWR_INST/dat_fifo_dbe_nn1_reg'
INFO: [Synth 8-3886] merging instance 'gen_rdwr_loop[0].gen_rdwr_eng.RDWR_INST/cfg_mrs_nn1_reg[4]' (FD) to 'gen_rdwr_loop[0].gen_rdwr_eng.RDWR_INST/dat_fifo_dbe_nn1_reg'
INFO: [Synth 8-3886] merging instance 'gen_rdwr_loop[0].gen_rdwr_eng.RDWR_INST/cfg_mrs_nn1_reg[5]' (FD) to 'gen_rdwr_loop[0].gen_rdwr_eng.RDWR_INST/dat_fifo_dbe_nn1_reg'
INFO: [Synth 8-3886] merging instance 'gen_rdwr_loop[1].gen_rdwr_eng.RDWR_INST/cfg_mrs_nn1_reg[0]' (FD) to 'gen_rdwr_loop[1].gen_rdwr_eng.RDWR_INST/dat_fifo_dbe_nn1_reg'
INFO: [Synth 8-3886] merging instance 'gen_rdwr_loop[1].gen_rdwr_eng.RDWR_INST/cfg_mrs_nn1_reg[1]' (FD) to 'gen_rdwr_loop[1].gen_rdwr_eng.RDWR_INST/dat_fifo_dbe_nn1_reg'
INFO: [Synth 8-3886] merging instance 'gen_rdwr_loop[1].gen_rdwr_eng.RDWR_INST/cfg_mrs_nn1_reg[2]' (FD) to 'gen_rdwr_loop[1].gen_rdwr_eng.RDWR_INST/dat_fifo_dbe_nn1_reg'
INFO: [Synth 8-3886] merging instance 'gen_rdwr_loop[1].gen_rdwr_eng.RDWR_INST/cfg_mrs_nn1_reg[3]' (FD) to 'gen_rdwr_loop[1].gen_rdwr_eng.RDWR_INST/dat_fifo_dbe_nn1_reg'
INFO: [Synth 8-3886] merging instance 'gen_rdwr_loop[1].gen_rdwr_eng.RDWR_INST/cfg_mrs_nn1_reg[27]' (FD) to 'gen_rdwr_loop[1].gen_rdwr_eng.RDWR_INST/dat_fifo_dbe_nn1_reg'
INFO: [Synth 8-3886] merging instance 'gen_rdwr_loop[1].gen_rdwr_eng.RDWR_INST/cfg_mrs_nn1_reg[26]' (FD) to 'gen_rdwr_loop[1].gen_rdwr_eng.RDWR_INST/dat_fifo_dbe_nn1_reg'
INFO: [Synth 8-3886] merging instance 'gen_rdwr_loop[1].gen_rdwr_eng.RDWR_INST/cfg_mrs_nn1_reg[25]' (FD) to 'gen_rdwr_loop[1].gen_rdwr_eng.RDWR_INST/dat_fifo_dbe_nn1_reg'
INFO: [Synth 8-3886] merging instance 'gen_rdwr_loop[1].gen_rdwr_eng.RDWR_INST/cfg_mrs_nn1_reg[24]' (FD) to 'gen_rdwr_loop[1].gen_rdwr_eng.RDWR_INST/dat_fifo_dbe_nn1_reg'
INFO: [Synth 8-3886] merging instance 'gen_rdwr_loop[1].gen_rdwr_eng.RDWR_INST/cfg_mrs_nn1_reg[23]' (FD) to 'gen_rdwr_loop[1].gen_rdwr_eng.RDWR_INST/dat_fifo_dbe_nn1_reg'
INFO: [Synth 8-3886] merging instance 'gen_rdwr_loop[1].gen_rdwr_eng.RDWR_INST/cfg_mrs_nn1_reg[22]' (FD) to 'gen_rdwr_loop[1].gen_rdwr_eng.RDWR_INST/dat_fifo_dbe_nn1_reg'
INFO: [Synth 8-3886] merging instance 'gen_rdwr_loop[1].gen_rdwr_eng.RDWR_INST/cfg_mrs_nn1_reg[21]' (FD) to 'gen_rdwr_loop[1].gen_rdwr_eng.RDWR_INST/dat_fifo_dbe_nn1_reg'
INFO: [Synth 8-3886] merging instance 'gen_rdwr_loop[1].gen_rdwr_eng.RDWR_INST/cfg_mrs_nn1_reg[20]' (FD) to 'gen_rdwr_loop[1].gen_rdwr_eng.RDWR_INST/dat_fifo_dbe_nn1_reg'
INFO: [Synth 8-3886] merging instance 'gen_rdwr_loop[1].gen_rdwr_eng.RDWR_INST/cfg_mrs_nn1_reg[19]' (FD) to 'gen_rdwr_loop[1].gen_rdwr_eng.RDWR_INST/dat_fifo_dbe_nn1_reg'
INFO: [Synth 8-3886] merging instance 'gen_rdwr_loop[1].gen_rdwr_eng.RDWR_INST/cfg_mrs_nn1_reg[18]' (FD) to 'gen_rdwr_loop[1].gen_rdwr_eng.RDWR_INST/dat_fifo_dbe_nn1_reg'
INFO: [Synth 8-3886] merging instance 'gen_rdwr_loop[1].gen_rdwr_eng.RDWR_INST/cfg_mrs_nn1_reg[17]' (FD) to 'gen_rdwr_loop[1].gen_rdwr_eng.RDWR_INST/dat_fifo_dbe_nn1_reg'
INFO: [Synth 8-3886] merging instance 'gen_rdwr_loop[1].gen_rdwr_eng.RDWR_INST/cfg_mrs_nn1_reg[16]' (FD) to 'gen_rdwr_loop[1].gen_rdwr_eng.RDWR_INST/dat_fifo_dbe_nn1_reg'
INFO: [Common 17-14] Message 'Synth 8-3886' appears 100 times and further instances of the messages will be disabled. Use the Tcl command set_msg_config to change the current settings.
INFO: [Common 17-14] Message 'Synth 8-3886' appears 100 times and further instances of the messages will be disabled. Use the Tcl command set_msg_config to change the current settings.
INFO: [Synth 8-3333] propagating constant 0 across sequential element (\gen_rdwr_loop[0].gen_rdwr_eng.RDWR_INST /evt_mrs_mm_nn1_reg)
INFO: [Synth 8-3333] propagating constant 0 across sequential element (\gen_rdwr_loop[1].gen_rdwr_eng.RDWR_INST /evt_mrs_mm_nn1_reg)
INFO: [Synth 8-3333] propagating constant 0 across sequential element (\gen_rdwr_loop[0].gen_rdwr_eng.RDWR_INST /dat_fifo_dbe_nn1_reg)
INFO: [Synth 8-3333] propagating constant 0 across sequential element (\gen_rdwr_loop[1].gen_rdwr_eng.RDWR_INST /dat_fifo_dbe_nn1_reg)
INFO: [Synth 8-3333] propagating constant 0 across sequential element (\gen_rdwr_loop[0].gen_rdwr_eng.RDWR_INST /\reg_umsk_nn1_reg[31] )
INFO: [Synth 8-3333] propagating constant 0 across sequential element (\gen_rdwr_loop[1].gen_rdwr_eng.RDWR_INST /\reg_umsk_nn1_reg[31] )
INFO: [Synth 8-7067] Removed DRAM instance gen_rdwr_loop[1].gen_rdwr_eng.RDWR_INST/RRQ_FIFO/i_0/MemArray_reg_0_3_120_120 from module xdma_v4_2_2_GenericFIFOHead__parameterized0__1 due to constant propagation
INFO: [Synth 8-7067] Removed DRAM instance gen_rdwr_loop[1].gen_rdwr_eng.RDWR_INST/RRQ_FIFO/i_0/MemArray_reg_0_3_0_5 from module xdma_v4_2_2_GenericFIFOHead__parameterized0__1 due to constant propagation
INFO: [Synth 8-7067] Removed DRAM instance gen_rdwr_loop[0].gen_rdwr_eng.RDWR_INST/RRQ_FIFO/i_0/MemArray_reg_0_3_120_120 from module xdma_v4_2_2_GenericFIFOHead__parameterized0__2 due to constant propagation
INFO: [Synth 8-7067] Removed DRAM instance gen_rdwr_loop[0].gen_rdwr_eng.RDWR_INST/RRQ_FIFO/i_0/MemArray_reg_0_3_0_5 from module xdma_v4_2_2_GenericFIFOHead__parameterized0__2 due to constant propagation
INFO: [Synth 8-3333] propagating constant 0 across sequential element (cfg_dbe_all_reg)
INFO: [Synth 8-3333] propagating constant 0 across sequential element (\gen_rdwr_loop[0].gen_rdwr_eng.RDWR_INST /WRQ_FIFO/\Head_reg[45] )
INFO: [Synth 8-3333] propagating constant 0 across sequential element (\gen_rdwr_loop[1].gen_rdwr_eng.RDWR_INST /WRQ_FIFO/\Head_reg[45] )
INFO: [Synth 8-3333] propagating constant 0 across sequential element (\gen_rdwr_loop[0].gen_rdwr_eng.RDWR_INST /RRQ_FIFO/\Head_reg[120] )
INFO: [Synth 8-3333] propagating constant 0 across sequential element (\gen_rdwr_loop[1].gen_rdwr_eng.RDWR_INST /RRQ_FIFO/\Head_reg[120] )
INFO: [Synth 8-7067] Removed DRAM instance gen_rdwr_loop[1].gen_rdwr_eng.RDWR_INST/RRQ_FIFO/i_0/MemArray_reg_0_3_0_5 from module xdma_v4_2_2_GenericFIFOHead__parameterized0__1 due to constant propagation
INFO: [Synth 8-3333] propagating constant 0 across sequential element (\gen_rdwr_loop[0].gen_rdwr_eng.RDWR_INST /\rrq_dsc_bt_adj_902_reg[1] )
INFO: [Synth 8-3333] propagating constant 0 across sequential element (\gen_rdwr_loop[1].gen_rdwr_eng.RDWR_INST /\rrq_dsc_bt_adj_902_reg[1] )
INFO: [Common 17-14] Message 'Synth 8-3886' appears 100 times and further instances of the messages will be disabled. Use the Tcl command set_msg_config to change the current settings.
INFO: [Synth 8-3333] propagating constant 1 across sequential element (\gen_rdwr_loop[0].gen_rdwr_eng.RDWR_INST /\cfg_mpl_msk_nn1_reg[6] )
INFO: [Synth 8-3333] propagating constant 1 across sequential element (\gen_rdwr_loop[1].gen_rdwr_eng.RDWR_INST /\cfg_mpl_msk_nn1_reg[6] )
INFO: [Synth 8-3333] propagating constant 0 across sequential element (\gen_rdwr_loop[0].gen_rdwr_eng.RDWR_INST /wrq_unx_dat_303_reg)
INFO: [Synth 8-3333] propagating constant 0 across sequential element (\gen_rdwr_loop[1].gen_rdwr_eng.RDWR_INST /wrq_unx_dat_303_reg)
INFO: [Synth 8-3333] propagating constant 0 across sequential element (\gen_rdwr_loop[0].gen_rdwr_eng.RDWR_INST /dat_fifo_dbe_nn1_reg)
INFO: [Synth 8-3333] propagating constant 0 across sequential element (\gen_rdwr_loop[1].gen_rdwr_eng.RDWR_INST /dat_fifo_dbe_nn1_reg)
INFO: [Synth 8-3333] propagating constant 0 across sequential element (\gen_rdwr_loop[0].gen_rdwr_eng.RDWR_INST /\reg_umsk_nn1_reg[31] )
INFO: [Synth 8-3333] propagating constant 0 across sequential element (\gen_rdwr_loop[1].gen_rdwr_eng.RDWR_INST /\reg_umsk_nn1_reg[31] )
INFO: [Synth 8-7067] Removed DRAM instance gen_rdwr_loop[1].gen_rdwr_eng.RDWR_INST/RRQ_FIFO/i_0/MemArray_reg_0_3_120_120 from module xdma_v4_2_2_GenericFIFOHead__parameterized0__3 due to constant propagation
INFO: [Synth 8-7067] Removed DRAM instance gen_rdwr_loop[1].gen_rdwr_eng.RDWR_INST/RRQ_FIFO/i_0/MemArray_reg_0_3_36_41 from module xdma_v4_2_2_GenericFIFOHead__parameterized0__3 due to constant propagation
INFO: [Synth 8-7067] Removed DRAM instance gen_rdwr_loop[1].gen_rdwr_eng.RDWR_INST/RRQ_FIFO/i_0/MemArray_reg_0_3_0_5 from module xdma_v4_2_2_GenericFIFOHead__parameterized0__3 due to constant propagation
INFO: [Synth 8-7067] Removed DRAM instance gen_rdwr_loop[0].gen_rdwr_eng.RDWR_INST/RRQ_FIFO/i_0/MemArray_reg_0_3_120_120 from module xdma_v4_2_2_GenericFIFOHead__parameterized0__4 due to constant propagation
INFO: [Synth 8-7067] Removed DRAM instance gen_rdwr_loop[0].gen_rdwr_eng.RDWR_INST/RRQ_FIFO/i_0/MemArray_reg_0_3_36_41 from module xdma_v4_2_2_GenericFIFOHead__parameterized0__4 due to constant propagation
INFO: [Synth 8-7067] Removed DRAM instance gen_rdwr_loop[0].gen_rdwr_eng.RDWR_INST/RRQ_FIFO/i_0/MemArray_reg_0_3_0_5 from module xdma_v4_2_2_GenericFIFOHead__parameterized0__4 due to constant propagation
INFO: [Synth 8-7067] Removed DRAM instance gen_rdwr_loop[1].gen_rdwr_eng.RDWR_INST/WRQ_FIFO/i_0/MemArray_reg_0_3_30_35 from module xdma_v4_2_2_GenericFIFOHead__parameterized2__3 due to constant propagation
INFO: [Synth 8-7067] Removed DRAM instance gen_rdwr_loop[1].gen_rdwr_eng.RDWR_INST/WRQ_FIFO/i_0/MemArray_reg_0_3_24_29 from module xdma_v4_2_2_GenericFIFOHead__parameterized2__3 due to constant propagation
INFO: [Synth 8-7067] Removed DRAM instance gen_rdwr_loop[0].gen_rdwr_eng.RDWR_INST/WRQ_FIFO/i_0/MemArray_reg_0_3_30_35 from module xdma_v4_2_2_GenericFIFOHead__parameterized2 due to constant propagation
INFO: [Synth 8-7067] Removed DRAM instance gen_rdwr_loop[0].gen_rdwr_eng.RDWR_INST/WRQ_FIFO/i_0/MemArray_reg_0_3_24_29 from module xdma_v4_2_2_GenericFIFOHead__parameterized2 due to constant propagation
INFO: [Synth 8-3333] propagating constant 0 across sequential element (\gen_rdwr_loop[0].gen_rdwr_eng.RDWR_INST /wrq_unx_dat_304_reg)
INFO: [Synth 8-3333] propagating constant 0 across sequential element (\gen_rdwr_loop[1].gen_rdwr_eng.RDWR_INST /wrq_unx_dat_304_reg)
INFO: [Synth 8-3333] propagating constant 0 across sequential element (cfg_dbe_all_reg)
INFO: [Synth 8-3333] propagating constant 0 across sequential element (\gen_rdwr_loop[0].gen_rdwr_eng.RDWR_INST /WRQ_FIFO/\Head_reg[45] )
INFO: [Synth 8-3333] propagating constant 0 across sequential element (\gen_rdwr_loop[1].gen_rdwr_eng.RDWR_INST /WRQ_FIFO/\Head_reg[45] )
INFO: [Synth 8-3333] propagating constant 0 across sequential element (\gen_rdwr_loop[0].gen_rdwr_eng.RDWR_INST /RRQ_FIFO/\Head_reg[120] )
INFO: [Synth 8-3333] propagating constant 0 across sequential element (\gen_rdwr_loop[1].gen_rdwr_eng.RDWR_INST /RRQ_FIFO/\Head_reg[120] )
INFO: [Synth 8-7067] Removed DRAM instance gen_rdwr_loop[1].gen_rdwr_eng.RDWR_INST/RRQ_FIFO/i_0/MemArray_reg_0_3_36_41 from module xdma_v4_2_2_GenericFIFOHead__parameterized0__3 due to constant propagation
INFO: [Synth 8-4471] merging register 'ch_arb_ch_nn1_reg[1:0]' into 'ch_arb_ch_nn1_reg[1:0]' [/home/kokunev/data/git_root/dig/dig_board_pcie_plus_adc/project_1/project_1.gen/sources_1/bd/design_1/ipshared/d6c9/hdl/xdma_v4_2_vl_rfs.sv:16448]
INFO: [Synth 8-3333] propagating constant 0 across sequential element (\dsc_eng.DSC /\cfg_mrs_nn1_reg[6] )
INFO: [Synth 8-3333] propagating constant 0 across sequential element (\dsc_eng.DSC /\rrq_head_adr_nn1_reg[4] )
INFO: [Synth 8-3333] propagating constant 0 across sequential element (\dsc_eng.DSC /\dsc_fifo_entry_size_reg[511] )
INFO: [Synth 8-3333] propagating constant 0 across sequential element (\dsc_eng.DSC /\dsc_fifo_entry_size_reg[510] )
INFO: [Synth 8-3333] propagating constant 0 across sequential element (\dsc_eng.DSC /\dsc_fifo_entry_size_reg[509] )
INFO: [Synth 8-3333] propagating constant 0 across sequential element (\dsc_eng.DSC /\dsc_fifo_entry_size_reg[508] )
INFO: [Synth 8-3333] propagating constant 0 across sequential element (\dsc_eng.DSC /\dsc_fifo_entry_size_reg[507] )
INFO: [Synth 8-3333] propagating constant 0 across sequential element (\dsc_eng.DSC /\dsc_fifo_entry_size_reg[506] )
INFO: [Synth 8-3333] propagating constant 0 across sequential element (\dsc_eng.DSC /\dsc_fifo_entry_size_reg[505] )
INFO: [Synth 8-3333] propagating constant 0 across sequential element (\dsc_eng.DSC /\dsc_fifo_entry_size_reg[504] )
INFO: [Synth 8-3333] propagating constant 0 across sequential element (\dsc_eng.DSC /\dsc_fifo_entry_size_reg[503] )
INFO: [Synth 8-3333] propagating constant 0 across sequential element (\dsc_eng.DSC /\dsc_fifo_entry_size_reg[502] )
INFO: [Synth 8-3333] propagating constant 0 across sequential element (\dsc_eng.DSC /\dsc_fifo_entry_size_reg[501] )
INFO: [Synth 8-3333] propagating constant 0 across sequential element (\dsc_eng.DSC /\dsc_fifo_entry_size_reg[500] )
INFO: [Synth 8-3333] propagating constant 0 across sequential element (\dsc_eng.DSC /\dsc_fifo_entry_size_reg[499] )
INFO: [Synth 8-3333] propagating constant 0 across sequential element (\dsc_eng.DSC /\dsc_fifo_entry_size_reg[498] )
INFO: [Synth 8-3333] propagating constant 0 across sequential element (\dsc_eng.DSC /\dsc_fifo_entry_size_reg[497] )
INFO: [Synth 8-3333] propagating constant 0 across sequential element (\dsc_eng.DSC /\dsc_fifo_entry_size_reg[496] )
INFO: [Synth 8-3333] propagating constant 0 across sequential element (\dsc_eng.DSC /\dsc_fifo_entry_size_reg[495] )
INFO: [Synth 8-3333] propagating constant 0 across sequential element (\dsc_eng.DSC /\dsc_fifo_entry_size_reg[494] )
INFO: [Synth 8-3333] propagating constant 0 across sequential element (\dsc_eng.DSC /\dsc_fifo_entry_size_reg[493] )
INFO: [Synth 8-3333] propagating constant 0 across sequential element (\dsc_eng.DSC /\dsc_fifo_entry_size_reg[492] )
INFO: [Synth 8-3333] propagating constant 0 across sequential element (\dsc_eng.DSC /\dsc_fifo_entry_size_reg[491] )
INFO: [Synth 8-3333] propagating constant 0 across sequential element (\dsc_eng.DSC /\dsc_fifo_entry_size_reg[490] )
INFO: [Synth 8-3333] propagating constant 0 across sequential element (\dsc_eng.DSC /\dsc_fifo_entry_size_reg[489] )
INFO: [Synth 8-3333] propagating constant 0 across sequential element (\dsc_eng.DSC /\dsc_fifo_entry_size_reg[488] )
INFO: [Synth 8-3333] propagating constant 0 across sequential element (\dsc_eng.DSC /\dsc_fifo_entry_size_reg[487] )
INFO: [Synth 8-3333] propagating constant 0 across sequential element (\dsc_eng.DSC /\dsc_fifo_entry_size_reg[486] )
INFO: [Synth 8-3333] propagating constant 0 across sequential element (\dsc_eng.DSC /\dsc_fifo_entry_size_reg[485] )
INFO: [Synth 8-3333] propagating constant 0 across sequential element (\dsc_eng.DSC /\dsc_fifo_entry_size_reg[484] )
INFO: [Synth 8-3333] propagating constant 0 across sequential element (\dsc_eng.DSC /\dsc_fifo_entry_size_reg[483] )
INFO: [Synth 8-3333] propagating constant 0 across sequential element (\dsc_eng.DSC /\dsc_fifo_entry_size_reg[482] )
INFO: [Synth 8-3333] propagating constant 0 across sequential element (\dsc_eng.DSC /\dsc_fifo_entry_size_reg[481] )
INFO: [Synth 8-3333] propagating constant 0 across sequential element (\dsc_eng.DSC /\dsc_fifo_entry_size_reg[480] )
INFO: [Synth 8-3333] propagating constant 0 across sequential element (\dsc_eng.DSC /\dsc_fifo_entry_size_reg[479] )
INFO: [Synth 8-3333] propagating constant 0 across sequential element (\dsc_eng.DSC /\dsc_fifo_entry_size_reg[478] )
INFO: [Synth 8-3333] propagating constant 0 across sequential element (\dsc_eng.DSC /\dsc_fifo_entry_size_reg[477] )
INFO: [Synth 8-3333] propagating constant 0 across sequential element (\dsc_eng.DSC /\dsc_fifo_entry_size_reg[476] )
INFO: [Synth 8-3333] propagating constant 0 across sequential element (\dsc_eng.DSC /\dsc_fifo_entry_size_reg[475] )
INFO: [Synth 8-3333] propagating constant 0 across sequential element (\dsc_eng.DSC /\dsc_fifo_entry_size_reg[474] )
INFO: [Synth 8-3333] propagating constant 0 across sequential element (\dsc_eng.DSC /\dsc_fifo_entry_size_reg[473] )
INFO: [Synth 8-3333] propagating constant 0 across sequential element (\dsc_eng.DSC /\dsc_fifo_entry_size_reg[472] )
INFO: [Synth 8-3333] propagating constant 0 across sequential element (\dsc_eng.DSC /\dsc_fifo_entry_size_reg[471] )
INFO: [Synth 8-3333] propagating constant 0 across sequential element (\dsc_eng.DSC /\dsc_fifo_entry_size_reg[470] )
INFO: [Synth 8-3333] propagating constant 0 across sequential element (\dsc_eng.DSC /\dsc_fifo_entry_size_reg[469] )
INFO: [Synth 8-3333] propagating constant 0 across sequential element (\dsc_eng.DSC /\dsc_fifo_entry_size_reg[468] )
INFO: [Synth 8-3333] propagating constant 0 across sequential element (\dsc_eng.DSC /\dsc_fifo_entry_size_reg[467] )
INFO: [Synth 8-3333] propagating constant 0 across sequential element (\dsc_eng.DSC /\dsc_fifo_entry_size_reg[466] )
INFO: [Synth 8-3333] propagating constant 0 across sequential element (\dsc_eng.DSC /\dsc_fifo_entry_size_reg[465] )
INFO: [Synth 8-3333] propagating constant 0 across sequential element (\dsc_eng.DSC /\dsc_fifo_entry_size_reg[464] )
INFO: [Synth 8-3333] propagating constant 0 across sequential element (\dsc_eng.DSC /\dsc_fifo_entry_size_reg[463] )
INFO: [Synth 8-3333] propagating constant 0 across sequential element (\dsc_eng.DSC /\dsc_fifo_entry_size_reg[462] )
INFO: [Synth 8-3333] propagating constant 0 across sequential element (\dsc_eng.DSC /\dsc_fifo_entry_size_reg[461] )
INFO: [Synth 8-3333] propagating constant 0 across sequential element (\dsc_eng.DSC /\dsc_fifo_entry_size_reg[460] )
INFO: [Synth 8-3333] propagating constant 0 across sequential element (\dsc_eng.DSC /\dsc_fifo_entry_size_reg[459] )
INFO: [Synth 8-3333] propagating constant 0 across sequential element (\dsc_eng.DSC /\dsc_fifo_entry_size_reg[458] )
INFO: [Synth 8-3333] propagating constant 0 across sequential element (\dsc_eng.DSC /\dsc_fifo_entry_size_reg[457] )
INFO: [Synth 8-3333] propagating constant 0 across sequential element (\dsc_eng.DSC /\dsc_fifo_entry_size_reg[456] )
INFO: [Synth 8-3333] propagating constant 0 across sequential element (\dsc_eng.DSC /\dsc_fifo_entry_size_reg[455] )
INFO: [Common 17-14] Message 'Synth 8-3333' appears 100 times and further instances of the messages will be disabled. Use the Tcl command set_msg_config to change the current settings.
INFO: [Synth 8-7067] Removed DRAM instance dsc_eng.DSC/RRQ_FIFO/i_0/MemArray_reg_0_3_120_120 from module xdma_v4_2_2_GenericFIFOHead__parameterized0 due to constant propagation
INFO: [Synth 8-7067] Removed DRAM instance dsc_eng.DSC/RRQ_FIFO/i_0/MemArray_reg_0_3_54_59 from module xdma_v4_2_2_GenericFIFOHead__parameterized0 due to constant propagation
INFO: [Synth 8-7067] Removed DRAM instance dsc_eng.DSC/RRQ_FIFO/i_0/MemArray_reg_0_3_48_53 from module xdma_v4_2_2_GenericFIFOHead__parameterized0 due to constant propagation
INFO: [Synth 8-7067] Removed DRAM instance dsc_eng.DSC/RRQ_FIFO/i_0/MemArray_reg_0_3_36_41 from module xdma_v4_2_2_GenericFIFOHead__parameterized0 due to constant propagation
INFO: [Synth 8-7067] Removed DRAM instance dsc_eng.DSC/RRQ_FIFO/i_0/MemArray_reg_0_3_0_5 from module xdma_v4_2_2_GenericFIFOHead__parameterized0 due to constant propagation
INFO: [Synth 8-7067] Removed DRAM instance dsc_eng.DSC/RRQ_FIFO/i_0/MemArray_reg_0_3_54_59 from module xdma_v4_2_2_GenericFIFOHead__parameterized0 due to constant propagation
INFO: [Common 17-14] Message 'Synth 8-7129' appears 100 times and further instances of the messages will be disabled. Use the Tcl command set_msg_config to change the current settings.
INFO: [Synth 8-3333] propagating constant 0 across sequential element (dma_pcie_rq/RQ_FIFO/\WrPtr_reg[0] )
INFO: [Synth 8-3333] propagating constant 0 across sequential element (dma_pcie_rq/\rreq_head_info_ff_reg[1][tag][7] )
INFO: [Synth 8-3333] propagating constant 0 across sequential element (dma_pcie_rq/\wtlp_hdr_500_reg[71] )
INFO: [Synth 8-3333] propagating constant 1 across sequential element (dma_pcie_rq/\wpl_hdr_lstrb_ff_reg[0] )
INFO: [Synth 8-3333] propagating constant 0 across sequential element (dma_pcie_rq/\wpl_hdr_adr_ff_reg[1] )
INFO: [Synth 8-3333] propagating constant 0 across sequential element (dma_pcie_rq/\pcie_rq_seq_ret_wr_ff_reg[0] )
INFO: [Synth 8-3333] propagating constant 0 across sequential element (dma_pcie_rq/\RcbAvail_new_ff_reg[4] )
INFO: [Common 17-14] Message 'Synth 8-3886' appears 100 times and further instances of the messages will be disabled. Use the Tcl command set_msg_config to change the current settings.
INFO: [Synth 8-3333] propagating constant 0 across sequential element (dma_pcie_rq/\m_axis_rq_thead_d_ff_reg[0][127] )
INFO: [Synth 8-3333] propagating constant 0 across sequential element (dma_pcie_rq/\rreq_head_info_ff_reg[1][slv] )
INFO: [Synth 8-3333] propagating constant 0 across sequential element (dma_pcie_rq/cancel_txn_ff_reg)
INFO: [Synth 8-3333] propagating constant 1 across sequential element (dma_pcie_rq/\nph_sel_ff_reg[2] )
INFO: [Common 17-14] Message 'Synth 8-3333' appears 100 times and further instances of the messages will be disabled. Use the Tcl command set_msg_config to change the current settings.
INFO: [Synth 8-5544] ROM "p_1_out0" won't be mapped to Block RAM because address size (2) smaller than threshold (5)
INFO: [Common 17-14] Message 'Synth 8-7129' appears 100 times and further instances of the messages will be disabled. Use the Tcl command set_msg_config to change the current settings.
INFO: [Synth 8-5544] ROM "cplLenMid" won't be mapped to Block RAM because address size (3) smaller than threshold (5)
INFO: [Synth 8-5544] ROM "addrmask" won't be mapped to Block RAM because address size (3) smaller than threshold (5)
INFO: [Synth 8-5544] ROM "p_0_in" won't be mapped to Block RAM because address size (2) smaller than threshold (5)
INFO: [Synth 8-5544] ROM "p_0_in" won't be mapped to Block RAM because address size (2) smaller than threshold (5)
INFO: [Common 17-14] Message 'Synth 8-7129' appears 100 times and further instances of the messages will be disabled. Use the Tcl command set_msg_config to change the current settings.
INFO: [Synth 8-12589] Found 58 bits of RAM  (axi4mm_bridge_top_inst/\axi4mm_axi_mm_master_top_inst/axi4mm_axi_mm_master_wr_inst /i_42) with no load. RAM width may be reduced from 64 to 6 
INFO: [Common 17-14] Message 'Synth 8-3886' appears 100 times and further instances of the messages will be disabled. Use the Tcl command set_msg_config to change the current settings.
INFO: [Synth 8-7067] Removed DRAM instance axi4mm_bridge_top_inst/axi4mm_axi_mm_master_top_inst/axi4mm_axi_mm_master_wr_inst/i_12/i_0/m_axi_funcq_reg_0_7_6_7 from module extram__20 due to constant propagation
INFO: [Synth 8-7067] Removed DRAM instance axi4mm_bridge_top_inst/axi4mm_axi_mm_master_top_inst/axi4mm_axi_mm_master_wr_inst/i_12/i_0/m_axi_funcq_reg_0_7_0_5 from module extram__20 due to constant propagation
INFO: [Synth 8-7067] Removed DRAM instance axi4mm_bridge_top_inst/axi4mm_axi_mm_master_top_inst/axi4mm_axi_mm_master_rd/i_3/m_axi_funcq_reg_0_1_6_7 from module xdma_v4_2_2_axi_mm_master_rd_br_v due to constant propagation
INFO: [Synth 8-7067] Removed DRAM instance axi4mm_bridge_top_inst/axi4mm_axi_mm_master_top_inst/axi4mm_axi_mm_master_rd/i_3/m_axi_funcq_reg_0_1_0_5 from module xdma_v4_2_2_axi_mm_master_rd_br_v due to constant propagation
INFO: [Synth 8-7067] Removed DRAM instance axi4mm_bridge_top_inst/axi4mm_axi_mm_master_top_inst/axi4mm_axi_str_masterbr_rdtlp_inst/__23/i_/axi4mm_axi_mm_master_top_inst/axi4mm_axi_str_masterbr_rdtlp_inst/rdtlpfuncq_reg_0_7_6_7 from module xdma_v4_2_2_axi4mm_bridge_top due to constant propagation
INFO: [Synth 8-7067] Removed DRAM instance axi4mm_bridge_top_inst/axi4mm_axi_mm_master_top_inst/axi4mm_axi_str_masterbr_rdtlp_inst/__23/i_/axi4mm_axi_mm_master_top_inst/axi4mm_axi_str_masterbr_rdtlp_inst/rdtlpfuncq_reg_0_7_0_5 from module xdma_v4_2_2_axi4mm_bridge_top due to constant propagation
INFO: [Synth 8-7067] Removed DRAM instance axi4mm_bridge_top_inst/axi4mm_axi_mm_master_top_inst/axi4mm_axi_mm_master_wr_inst/i_12/i_0/m_axi_funcq_reg_0_7_0_5 from module extram__20 due to constant propagation
WARNING: [Synth 8-3332] Sequential element (WB_DAT_FIFO/DataOut_reg[35]) is unused and will be removed from module xdma_v4_2_2_dma_wb_eng.
INFO: [Common 17-14] Message 'Synth 8-7129' appears 100 times and further instances of the messages will be disabled. Use the Tcl command set_msg_config to change the current settings.
INFO: [Synth 8-5544] ROM "design_1_xdma_0_0_rx_destraddler_inst/" won't be mapped to Block RAM because address size (2) smaller than threshold (5)
INFO: [Synth 8-5544] ROM "tx_tkeep" won't be mapped to Block RAM because address size (2) smaller than threshold (5)
INFO: [Synth 8-5544] ROM "s_axis_rc_tuser" won't be mapped to Block RAM because address size (3) smaller than threshold (5)
INFO: [Synth 8-5544] ROM "s_axis_cq_tuser" won't be mapped to Block RAM because address size (2) smaller than threshold (5)
INFO: [Synth 8-5544] ROM "qpll_drp_i/addr" won't be mapped to Block RAM because address size (3) smaller than threshold (5)
INFO: [Synth 8-5544] ROM "inst/pcie_top_i/axi_basic_top/rx_inst/rx_null_gen_inst/packet_overhead" won't be mapped to Block RAM because address size (3) smaller than threshold (5)
WARNING: [Synth 8-3917] design design_1_xdma_0_0_core_top__GC0 has port cfg_current_speed_o[2] driven by constant 0
WARNING: [Synth 8-3917] design design_1_xdma_0_0_core_top__GC0 has port cfg_function_status[7] driven by constant 0
WARNING: [Synth 8-3917] design design_1_xdma_0_0_core_top__GC0 has port cfg_function_status[6] driven by constant 0
WARNING: [Synth 8-3917] design design_1_xdma_0_0_core_top__GC0 has port cfg_function_status[5] driven by constant 0
WARNING: [Synth 8-3917] design design_1_xdma_0_0_core_top__GC0 has port cfg_function_status[4] driven by constant 0
WARNING: [Synth 8-3917] design design_1_xdma_0_0_core_top__GC0 has port cfg_interrupt_msi_enable[1] driven by constant 0
INFO: [Common 17-14] Message 'Synth 8-7129' appears 100 times and further instances of the messages will be disabled. Use the Tcl command set_msg_config to change the current settings.
INFO: [Synth 8-4652] Swapped enable and write-enable on 1 RAM instances of RAM gen_sw_ctxt_ram[0].SW_CTXT_RAM/the_bram_reg to conserve power
INFO: [Synth 8-4652] Swapped enable and write-enable on 1 RAM instances of RAM gen_sw_ctxt_ram[1].SW_CTXT_RAM/the_bram_reg to conserve power
INFO: [Synth 8-4652] Swapped enable and write-enable on 1 RAM instances of RAM gen_sw_ctxt_ram[2].SW_CTXT_RAM/the_bram_reg to conserve power
INFO: [Synth 8-4652] Swapped enable and write-enable on 1 RAM instances of RAM gen_sw_ctxt_ram[3].SW_CTXT_RAM/the_bram_reg to conserve power
INFO: [Synth 8-4652] Swapped enable and write-enable on 1 RAM instances of RAM HW_CTXT_RAM/the_bram_reg to conserve power
INFO: [Synth 8-4652] Swapped enable and write-enable on 1 RAM instances of RAM DSC_CRD_RCV_RAM/the_bram_reg to conserve power
INFO: [Synth 8-4652] Swapped enable and write-enable on 3 RAM instances of RAM C2H_PCIE_DSC_CPLI_RAM/the_bram_reg to conserve power
INFO: [Synth 8-4652] Swapped enable and write-enable on 4 RAM instances of RAM C2H_PCIE_DSC_CPLD_RAM/the_bram_reg to conserve power
INFO: [Common 17-14] Message 'Synth 8-3886' appears 100 times and further instances of the messages will be disabled. Use the Tcl command set_msg_config to change the current settings.
INFO: [Synth 8-3332] Sequential element (FSM_onehot_fsm_reg[7]) is unused and will be removed from module design_1_xdma_0_0_pcie2_ip_qpll_reset.
INFO: [Synth 8-3332] Sequential element (FSM_onehot_fsm_reg[6]) is unused and will be removed from module design_1_xdma_0_0_pcie2_ip_qpll_reset.
INFO: [Synth 8-3332] Sequential element (FSM_onehot_fsm_reg[5]) is unused and will be removed from module design_1_xdma_0_0_pcie2_ip_qpll_reset.
INFO: [Synth 8-3332] Sequential element (FSM_onehot_fsm_reg[4]) is unused and will be removed from module design_1_xdma_0_0_pcie2_ip_qpll_reset.
INFO: [Synth 8-3332] Sequential element (FSM_onehot_fsm_reg[3]) is unused and will be removed from module design_1_xdma_0_0_pcie2_ip_qpll_reset.
INFO: [Synth 8-3332] Sequential element (rxeq_scan_i/FSM_onehot_fsm_reg[0]) is unused and will be removed from module design_1_xdma_0_0_pcie2_ip_pipe_eq__1.
INFO: [Synth 8-3332] Sequential element (FSM_onehot_fsm_rx_reg[0]) is unused and will be removed from module design_1_xdma_0_0_pcie2_ip_pipe_eq__1.
INFO: [Synth 8-3332] Sequential element (qpll_drp_i/FSM_onehot_fsm_reg[8]) is unused and will be removed from module design_1_xdma_0_0_pcie2_ip_gt_common.
INFO: [Synth 8-3332] Sequential element (qpll_drp_i/FSM_onehot_fsm_reg[7]) is unused and will be removed from module design_1_xdma_0_0_pcie2_ip_gt_common.
WARNING: [Synth 8-3332] Sequential element (FSM_onehot_txsync_fsm.fsm_tx_reg[0]) is unused and will be removed from module design_1_xdma_0_0_pcie2_ip_pipe_sync__1.
INFO: [Synth 8-3332] Sequential element (rxeq_scan_i/FSM_onehot_fsm_reg[0]) is unused and will be removed from module design_1_xdma_0_0_pcie2_ip_pipe_eq__2.
INFO: [Synth 8-3332] Sequential element (FSM_onehot_fsm_rx_reg[0]) is unused and will be removed from module design_1_xdma_0_0_pcie2_ip_pipe_eq__2.
WARNING: [Synth 8-3332] Sequential element (FSM_onehot_txsync_fsm.fsm_tx_reg[0]) is unused and will be removed from module design_1_xdma_0_0_pcie2_ip_pipe_sync__2.
INFO: [Synth 8-3332] Sequential element (rxeq_scan_i/FSM_onehot_fsm_reg[0]) is unused and will be removed from module design_1_xdma_0_0_pcie2_ip_pipe_eq__3.
INFO: [Synth 8-3332] Sequential element (FSM_onehot_fsm_rx_reg[0]) is unused and will be removed from module design_1_xdma_0_0_pcie2_ip_pipe_eq__3.
WARNING: [Synth 8-3332] Sequential element (FSM_onehot_txsync_fsm.fsm_tx_reg[0]) is unused and will be removed from module design_1_xdma_0_0_pcie2_ip_pipe_sync__3.
INFO: [Synth 8-3332] Sequential element (rxeq_scan_i/FSM_onehot_fsm_reg[0]) is unused and will be removed from module design_1_xdma_0_0_pcie2_ip_pipe_eq.
INFO: [Synth 8-3332] Sequential element (FSM_onehot_fsm_rx_reg[0]) is unused and will be removed from module design_1_xdma_0_0_pcie2_ip_pipe_eq.
WARNING: [Synth 8-3332] Sequential element (FSM_onehot_txsync_fsm.fsm_tx_reg[0]) is unused and will be removed from module design_1_xdma_0_0_pcie2_ip_pipe_sync.
INFO: [Synth 8-5544] ROM "ADV_TRIG.u_adv_trig/sequencer_state" won't be mapped to Block RAM because address size (4) smaller than threshold (5)
INFO: [Common 17-14] Message 'Synth 8-7129' appears 100 times and further instances of the messages will be disabled. Use the Tcl command set_msg_config to change the current settings.
INFO: [Common 17-14] Message 'Synth 8-3886' appears 100 times and further instances of the messages will be disabled. Use the Tcl command set_msg_config to change the current settings.
INFO: [Common 17-14] Message 'Synth 8-3333' appears 100 times and further instances of the messages will be disabled. Use the Tcl command set_msg_config to change the current settings.
INFO: [Synth 8-5544] ROM "ADV_TRIG.u_adv_trig/sequencer_state" won't be mapped to Block RAM because address size (4) smaller than threshold (5)
INFO: [Common 17-14] Message 'Synth 8-3333' appears 100 times and further instances of the messages will be disabled. Use the Tcl command set_msg_config to change the current settings.
INFO: [Synth 8-3936] Found unconnected internal register 'exit_inst/gen_w_cmd_reg.m_write_cmd_mesg_i_reg' and it is trimmed from '33' to '2' bits. [/home/kokunev/data/git_root/dig/dig_board_pcie_plus_adc/project_1/project_1.gen/sources_1/bd/design_1/ipshared/e44a/hdl/sc_exit_v1_0_vl_rfs.sv:4205]
INFO: [Synth 8-3936] Found unconnected internal register 'exit_inst/gen_w_cmd_reg.m_write_cmd_mesg_i_reg' and it is trimmed from '32' to '1' bits. [/home/kokunev/data/git_root/dig/dig_board_pcie_plus_adc/project_1/project_1.gen/sources_1/bd/design_1/ipshared/e44a/hdl/sc_exit_v1_0_vl_rfs.sv:4205]
INFO: [Synth 8-3936] Found unconnected internal register 'exit_inst/gen_r_cmd_reg.m_read_cmd_mesg_i_reg' and it is trimmed from '47' to '16' bits. [/home/kokunev/data/git_root/dig/dig_board_pcie_plus_adc/project_1/project_1.gen/sources_1/bd/design_1/ipshared/e44a/hdl/sc_exit_v1_0_vl_rfs.sv:4134]
INFO: [Synth 8-3936] Found unconnected internal register 'exit_inst/gen_r_cmd_reg.m_read_cmd_mesg_i_reg' and it is trimmed from '32' to '1' bits. [/home/kokunev/data/git_root/dig/dig_board_pcie_plus_adc/project_1/project_1.gen/sources_1/bd/design_1/ipshared/e44a/hdl/sc_exit_v1_0_vl_rfs.sv:4134]
INFO: [Synth 8-3936] Found unconnected internal register 'exit_inst/gen_w_cmd_reg.m_write_cmd_mesg_i_reg' and it is trimmed from '33' to '2' bits. [/home/kokunev/data/git_root/dig/dig_board_pcie_plus_adc/project_1/project_1.gen/sources_1/bd/design_1/ipshared/e44a/hdl/sc_exit_v1_0_vl_rfs.sv:4205]
INFO: [Synth 8-3936] Found unconnected internal register 'exit_inst/gen_w_cmd_reg.m_write_cmd_mesg_i_reg' and it is trimmed from '32' to '1' bits. [/home/kokunev/data/git_root/dig/dig_board_pcie_plus_adc/project_1/project_1.gen/sources_1/bd/design_1/ipshared/e44a/hdl/sc_exit_v1_0_vl_rfs.sv:4205]
INFO: [Synth 8-3936] Found unconnected internal register 'exit_inst/gen_r_cmd_reg.m_read_cmd_mesg_i_reg' and it is trimmed from '47' to '16' bits. [/home/kokunev/data/git_root/dig/dig_board_pcie_plus_adc/project_1/project_1.gen/sources_1/bd/design_1/ipshared/e44a/hdl/sc_exit_v1_0_vl_rfs.sv:4134]
INFO: [Synth 8-3936] Found unconnected internal register 'exit_inst/gen_r_cmd_reg.m_read_cmd_mesg_i_reg' and it is trimmed from '32' to '1' bits. [/home/kokunev/data/git_root/dig/dig_board_pcie_plus_adc/project_1/project_1.gen/sources_1/bd/design_1/ipshared/e44a/hdl/sc_exit_v1_0_vl_rfs.sv:4134]
INFO: [Synth 8-4471] merging register 'gen_endpoint.gen_r_singleorder.r_singleorder/gen_id_reg.s_rid_i_reg[0:0]' into 'gen_endpoint.gen_w_singleorder.w_singleorder/gen_id_reg.s_rid_i_reg[0:0]' [/home/kokunev/data/git_root/dig/dig_board_pcie_plus_adc/project_1/project_1.gen/sources_1/bd/design_1/ipshared/7785/hdl/sc_transaction_regulator_v1_0_vl_rfs.sv:216]
WARNING: [Synth 8-3936] Found unconnected internal register 'inst_mi_handler/gen_normal_area.inst_fifo_node_payld/gen_reg_fifo.inst_reg_fifo/gen_single_rank.data_reg' and it is trimmed from '160' to '144' bits. [/home/kokunev/data/git_root/dig/dig_board_pcie_plus_adc/project_1/project_1.gen/sources_1/bd/design_1/ipshared/00fe/hdl/sc_node_v1_0_vl_rfs.sv:615]
WARNING: [Synth 8-3936] Found unconnected internal register 'inst_mi_handler/gen_normal_area.inst_fifo_node_payld/gen_reg_fifo.inst_reg_fifo/gen_single_rank.data_reg' and it is trimmed from '160' to '144' bits. [/home/kokunev/data/git_root/dig/dig_board_pcie_plus_adc/project_1/project_1.gen/sources_1/bd/design_1/ipshared/00fe/hdl/sc_node_v1_0_vl_rfs.sv:615]
WARNING: [Synth 8-3936] Found unconnected internal register 'inst_mi_handler/gen_normal_area.inst_fifo_node_payld/gen_reg_fifo.inst_reg_fifo/gen_single_rank.data_reg' and it is trimmed from '25' to '7' bits. [/home/kokunev/data/git_root/dig/dig_board_pcie_plus_adc/project_1/project_1.gen/sources_1/bd/design_1/ipshared/00fe/hdl/sc_node_v1_0_vl_rfs.sv:615]
WARNING: [Synth 8-3936] Found unconnected internal register 'inst_mi_handler/gen_normal_area.inst_fifo_node_payld/gen_reg_fifo.inst_reg_fifo/gen_single_rank.data_reg' and it is trimmed from '71' to '54' bits. [/home/kokunev/data/git_root/dig/dig_board_pcie_plus_adc/project_1/project_1.gen/sources_1/bd/design_1/ipshared/00fe/hdl/sc_node_v1_0_vl_rfs.sv:615]
WARNING: [Synth 8-3936] Found unconnected internal register 'inst_mi_handler/gen_normal_area.inst_fifo_node_payld/gen_reg_fifo.inst_reg_fifo/gen_single_rank.data_reg' and it is trimmed from '74' to '58' bits. [/home/kokunev/data/git_root/dig/dig_board_pcie_plus_adc/project_1/project_1.gen/sources_1/bd/design_1/ipshared/00fe/hdl/sc_node_v1_0_vl_rfs.sv:615]
INFO: [Synth 8-4471] merging register 'bus2ip_reset_reg' into 'AXI_LITE_IPIF_I/I_SLAVE_ATTACHMENT/rst_reg' [/home/kokunev/data/git_root/dig/dig_board_pcie_plus_adc/project_1/project_1.gen/sources_1/bd/design_1/ipshared/0271/hdl/axi_gpio_v2_0_vh_rfs.vhd:1667]
WARNING: [Synth 8-3332] Sequential element (clk_map/psr_aclk/U0/FDRE_inst) is unused and will be removed from module bd_afc3.
WARNING: [Synth 8-3332] Sequential element (clk_map/psr_aclk/U0/BSR_OUT_DFF[0].FDRE_BSR) is unused and will be removed from module bd_afc3.
WARNING: [Synth 8-3332] Sequential element (clk_map/psr_aclk/U0/PR_OUT_DFF[0].FDRE_PER) is unused and will be removed from module bd_afc3.
WARNING: [Synth 8-3332] Sequential element (clk_map/psr_aclk/U0/ACTIVE_LOW_PR_OUT_DFF[0].FDRE_PER_N) is unused and will be removed from module bd_afc3.
INFO: [Synth 8-3332] Sequential element (exit_inst/gen_r_cmd_reg.m_read_cmd_mesg_i_reg) is unused and will be removed from module sc_exit_v1_0_18_top.
INFO: [Synth 8-3332] Sequential element (exit_inst/gen_r_cmd_reg.m_read_cmd_mesg_i_reg) is unused and will be removed from module sc_exit_v1_0_18_top__1.
---------------------------------------------------------------------------------
Finished Cross Boundary and Area Optimization : Time (s): cpu = 00:01:46 ; elapsed = 00:02:00 . Memory (MB): peak = 3881.684 ; gain = 2060.133 ; free physical = 1277 ; free virtual = 43439
---------------------------------------------------------------------------------
---------------------------------------------------------------------------------
Start Applying XDC Timing Constraints
---------------------------------------------------------------------------------
INFO: [Synth 8-5578] Moved timing constraint from pin 'design_1_xdma_0_0_pcie2_to_pcie3_wrapper_i/design_1_xdma_0_0_axi_stream_intf_i/design_1_xdma_0_0_rx_demux_i/tgt_brdg_fifo_inst/U0/inst_fifo_gen/gaxis_fifo.gaxisf.axisf/grf.rf/rstblk/ngwrdrst.grst.g7serrst.gnsckt_wrst.rst_wr_reg2_inst/src_arst' to pin 'design_1_xdma_0_0_pcie2_to_pcie3_wrapper_i/design_1_xdma_0_0_axi_stream_intf_i/design_1_xdma_0_0_rx_demux_i/tgt_brdg_fifo_inst/U0/inst_fifo_gen/inverted_reset_inferred/i_0/O'
INFO: [Synth 8-5819] Moved 1 constraints on hierarchical pins to their respective driving/loading pins
---------------------------------------------------------------------------------
Finished Applying XDC Timing Constraints : Time (s): cpu = 00:03:12 ; elapsed = 00:02:10 . Memory (MB): peak = 3881.684 ; gain = 2060.133 ; free physical = 2597 ; free virtual = 44848
---------------------------------------------------------------------------------
---------------------------------------------------------------------------------
Start Timing Optimization
---------------------------------------------------------------------------------
WARNING: [Synth 8-3332] Sequential element (msix_internal_xdma.msix_ctl/FSM_onehot_intr_issue_state_reg[8]) is unused and will be removed from module xdma_v4_2_2_vul_irq.
WARNING: [Synth 8-3332] Sequential element (msix_internal_xdma.msix_ctl/FSM_onehot_intr_issue_state_reg[0]) is unused and will be removed from module xdma_v4_2_2_vul_irq.
WARNING: [Synth 8-3332] Sequential element (msix_internal_xdma.msix_ctl/FSM_onehot_intr_issue_state_reg[3]) is unused and will be removed from module xdma_v4_2_2_vul_irq.
---------------------------------------------------------------------------------
Finished Timing Optimization : Time (s): cpu = 00:03:23 ; elapsed = 00:02:21 . Memory (MB): peak = 3881.684 ; gain = 2060.133 ; free physical = 2613 ; free virtual = 44866
---------------------------------------------------------------------------------
---------------------------------------------------------------------------------
Start Technology Mapping
---------------------------------------------------------------------------------
INFO: [Synth 8-7067] Removed DRAM instance design_1_i/xdma_0/inst/udma_wrapper/dma_top/dma_enable.vul_dma/WR/gen_rdwr_loop[1].gen_rdwr_eng.RDWR_INST/rrq_wfba_nn1_reg_0_15_0_3 from module xdma_v4_2_2_vul_rdwr_tempName due to constant propagation
INFO: [Synth 8-7067] Removed DRAM instance design_1_i/xdma_0/inst/udma_wrapper/dma_top/dma_enable.vul_dma/WR/gen_rdwr_loop[0].gen_rdwr_eng.RDWR_INST/rrq_wfba_nn1_reg_0_15_0_3 from module xdma_v4_2_2_vul_rdwr_tempName due to constant propagation
INFO: [Synth 8-7067] Removed DRAM instance design_1_i/xdma_0/inst/udma_wrapper/dma_top/dma_enable.vul_dma/WR/gen_rdwr_loop[1].gen_rdwr_eng.RDWR_INST/rrq_wfba_nn1_reg_0_15_0_3 from module xdma_v4_2_2_vul_rdwr_tempName due to constant propagation
INFO: [Synth 8-7052] The timing for the instance design_1_i/xdma_0/inst/udma_wrapper/dma_top/dma_enable.vul_dma/WR/gen_rdwr_loop[0].gen_rdwr_eng.RDWR_INST/rrq_wadr_nn1_reg (implemented as a Block RAM) might be sub-optimal as no optional output register could be merged into the ram block. Providing additional output register may help in improving timing.
INFO: [Synth 8-7052] The timing for the instance design_1_i/xdma_0/inst/udma_wrapper/dma_top/dma_enable.vul_dma/WR/gen_rdwr_loop[0].gen_rdwr_eng.RDWR_INST/rrq_dadr_nn1_reg (implemented as a Block RAM) might be sub-optimal as no optional output register could be merged into the ram block. Providing additional output register may help in improving timing.
INFO: [Synth 8-7052] The timing for the instance design_1_i/xdma_0/inst/udma_wrapper/dma_top/dma_enable.vul_dma/WR/gen_rdwr_loop[1].gen_rdwr_eng.RDWR_INST/rrq_wadr_nn1_reg (implemented as a Block RAM) might be sub-optimal as no optional output register could be merged into the ram block. Providing additional output register may help in improving timing.
INFO: [Synth 8-7052] The timing for the instance design_1_i/xdma_0/inst/udma_wrapper/dma_top/dma_enable.vul_dma/WR/gen_rdwr_loop[1].gen_rdwr_eng.RDWR_INST/rrq_dadr_nn1_reg (implemented as a Block RAM) might be sub-optimal as no optional output register could be merged into the ram block. Providing additional output register may help in improving timing.
INFO: [Synth 8-7067] Removed DRAM instance design_1_i/xdma_0/inst/udma_wrapper/dma_top/dma_enable.vul_dma/RD/gen_rdwr_loop[1].gen_rdwr_eng.RDWR_INST/rcp_rcv_lba_101_reg_0_31_0_3 from module xdma_v4_2_2_vul_rdwr__parameterized0_tempName due to constant propagation
INFO: [Synth 8-7067] Removed DRAM instance design_1_i/xdma_0/inst/udma_wrapper/dma_top/dma_enable.vul_dma/RD/gen_rdwr_loop[0].gen_rdwr_eng.RDWR_INST/rcp_rcv_lba_101_reg_0_31_0_3 from module xdma_v4_2_2_vul_rdwr__parameterized0_tempName due to constant propagation
INFO: [Common 17-14] Message 'Synth 8-3886' appears 100 times and further instances of the messages will be disabled. Use the Tcl command set_msg_config to change the current settings.
INFO: [Synth 8-7067] Removed DRAM instance design_1_i/xdma_0/inst/udma_wrapper/dma_top/dma_enable.vul_dma/RD/gen_rdwr_loop[1].gen_rdwr_eng.RDWR_INST/rcp_rcv_lba_101_reg_0_31_0_3 from module xdma_v4_2_2_vul_rdwr__parameterized0_tempName due to constant propagation
INFO: [Synth 8-7052] The timing for the instance design_1_i/xdma_0/inst/udma_wrapper/dma_top/dma_enable.vul_dma/RD/gen_rdwr_loop[0].gen_rdwr_eng.RDWR_INST/rrq_wadr_nn1_reg (implemented as a Block RAM) might be sub-optimal as no optional output register could be merged into the ram block. Providing additional output register may help in improving timing.
INFO: [Synth 8-7052] The timing for the instance design_1_i/xdma_0/inst/udma_wrapper/dma_top/dma_enable.vul_dma/RD/gen_rdwr_loop[1].gen_rdwr_eng.RDWR_INST/rrq_wadr_nn1_reg (implemented as a Block RAM) might be sub-optimal as no optional output register could be merged into the ram block. Providing additional output register may help in improving timing.
INFO: [Synth 8-7067] Removed DRAM instance design_1_i/xdma_0/inst/udma_wrapper/dma_topi_4/dma_top/dma_enable.wb_eng.dma_pcie_wb_eng/axidma_wb_arb/Fifowhead.fifoInfo/MemArray_reg_0_3_24_29 from module xdma_v4_2_2_udma_top__GCB0_tempName due to constant propagation
INFO: [Synth 8-7067] Removed DRAM instance design_1_i/xdma_0/inst/udma_wrapper/dma_topi_4/dma_top/dma_enable.wb_eng.dma_pcie_wb_eng/WB_DAT_FIFO/MemArray_reg_0_3_24_29 from module xdma_v4_2_2_udma_top__GCB0_tempName due to constant propagation
INFO: [Synth 8-7052] The timing for the instance design_1_i/xdma_0/inst/udma_wrapper/dma_topi_4/dma_top/base/IRQ_INST/msix_internal_xdma.pf0_msix_table/msix_ram_gen[1].msix_ram_reg (implemented as a Block RAM) might be sub-optimal as no optional output register could be merged into the ram block. Providing additional output register may help in improving timing.
INFO: [Synth 8-620] skipping inversion-propagation across instance 'design_1_i/xdma_0/inst/i_0/\design_1_xdma_0_0_pcie2_to_pcie3_wrapper_i/design_1_xdma_0_0_axi_stream_intf_i/design_1_xdma_0_0_rx_demux_i/tgt_brdg_fifo_inst /U0/\inst_fifo_gen/inverted_reset ' with timing assertions on output pin 'O'
INFO: [Synth 8-7052] The timing for the instance design_1_i/xdma_0/inst/i_0/ram_top/mas_bridge_ram_write_512.MASTER_WRITE_FIFO/xpm_memory_sdpram_inst_loop[0].xpm_memory_sdpram_inst/xpm_memory_base_inst/gen_wr_a.gen_word_narrow.mem_reg_0 (implemented as a Block RAM) might be sub-optimal as no optional output register could be merged into the ram block. Providing additional output register may help in improving timing.
INFO: [Synth 8-7052] The timing for the instance design_1_i/xdma_0/inst/i_0/ram_top/mas_bridge_ram_write_512.MASTER_WRITE_FIFO/xpm_memory_sdpram_inst_loop[0].xpm_memory_sdpram_inst/xpm_memory_base_inst/gen_wr_a.gen_word_narrow.mem_reg_1 (implemented as a Block RAM) might be sub-optimal as no optional output register could be merged into the ram block. Providing additional output register may help in improving timing.
INFO: [Synth 8-7052] The timing for the instance design_1_i/xdma_0/inst/i_0/ram_top/MASTER_READ_BRAM/xpm_memory_sdpram_inst_loop[0].xpm_memory_sdpram_inst/xpm_memory_base_inst/gen_wr_a.gen_word_narrow.mem_reg_0 (implemented as a Block RAM) might be sub-optimal as no optional output register could be merged into the ram block. Providing additional output register may help in improving timing.
INFO: [Synth 8-7052] The timing for the instance design_1_i/xdma_0/inst/i_0/ram_top/MASTER_READ_BRAM/xpm_memory_sdpram_inst_loop[0].xpm_memory_sdpram_inst/xpm_memory_base_inst/gen_wr_a.gen_word_narrow.mem_reg_1 (implemented as a Block RAM) might be sub-optimal as no optional output register could be merged into the ram block. Providing additional output register may help in improving timing.
---------------------------------------------------------------------------------
Finished Technology Mapping : Time (s): cpu = 00:03:29 ; elapsed = 00:02:32 . Memory (MB): peak = 3889.688 ; gain = 2068.137 ; free physical = 1098 ; free virtual = 43381
---------------------------------------------------------------------------------
---------------------------------------------------------------------------------
Start IO Insertion
---------------------------------------------------------------------------------
---------------------------------------------------------------------------------
Start Flattening Before IO Insertion
---------------------------------------------------------------------------------
---------------------------------------------------------------------------------
Finished Flattening Before IO Insertion
---------------------------------------------------------------------------------
---------------------------------------------------------------------------------
Start Final Netlist Cleanup
---------------------------------------------------------------------------------
INFO: [Synth 8-7052] The timing for the instance design_1_i/xdma_0/inst/udma_wrapper/dma_top/dma_enable.vul_dma/WR/gen_rdwr_loop[0].gen_rdwr_eng.RDWR_INST/rrq_wadr_nn1_reg (implemented as a Block RAM) might be sub-optimal as no optional output register could be merged into the ram block. Providing additional output register may help in improving timing.
INFO: [Synth 8-7052] The timing for the instance design_1_i/xdma_0/inst/udma_wrapper/dma_top/dma_enable.vul_dma/WR/gen_rdwr_loop[0].gen_rdwr_eng.RDWR_INST/rrq_dadr_nn1_reg (implemented as a Block RAM) might be sub-optimal as no optional output register could be merged into the ram block. Providing additional output register may help in improving timing.
INFO: [Synth 8-7052] The timing for the instance design_1_i/xdma_0/inst/udma_wrapper/dma_top/dma_enable.vul_dma/WR/gen_rdwr_loop[1].gen_rdwr_eng.RDWR_INST/rrq_wadr_nn1_reg (implemented as a Block RAM) might be sub-optimal as no optional output register could be merged into the ram block. Providing additional output register may help in improving timing.
INFO: [Synth 8-7052] The timing for the instance design_1_i/xdma_0/inst/udma_wrapper/dma_top/dma_enable.vul_dma/WR/gen_rdwr_loop[1].gen_rdwr_eng.RDWR_INST/rrq_dadr_nn1_reg (implemented as a Block RAM) might be sub-optimal as no optional output register could be merged into the ram block. Providing additional output register may help in improving timing.
INFO: [Synth 8-7052] The timing for the instance design_1_i/xdma_0/inst/udma_wrapper/dma_top/dma_enable.vul_dma/RD/gen_rdwr_loop[0].gen_rdwr_eng.RDWR_INST/rrq_wadr_nn1_reg (implemented as a Block RAM) might be sub-optimal as no optional output register could be merged into the ram block. Providing additional output register may help in improving timing.
INFO: [Synth 8-7052] The timing for the instance design_1_i/xdma_0/inst/udma_wrapper/dma_top/dma_enable.vul_dma/RD/gen_rdwr_loop[1].gen_rdwr_eng.RDWR_INST/rrq_wadr_nn1_reg (implemented as a Block RAM) might be sub-optimal as no optional output register could be merged into the ram block. Providing additional output register may help in improving timing.
INFO: [Synth 8-7052] The timing for the instance design_1_i/xdma_0/inst/udma_wrapper/dma_top/base/IRQ_INST/msix_internal_xdma.pf0_msix_table/msix_ram_gen[1].msix_ram_reg (implemented as a Block RAM) might be sub-optimal as no optional output register could be merged into the ram block. Providing additional output register may help in improving timing.
INFO: [Synth 8-7052] The timing for the instance design_1_i/xdma_0/inst/ram_top/mas_bridge_ram_write_512.MASTER_WRITE_FIFO/xpm_memory_sdpram_inst_loop[0].xpm_memory_sdpram_inst/xpm_memory_base_inst/gen_wr_a.gen_word_narrow.mem_reg_0 (implemented as a Block RAM) might be sub-optimal as no optional output register could be merged into the ram block. Providing additional output register may help in improving timing.
INFO: [Synth 8-7052] The timing for the instance design_1_i/xdma_0/inst/ram_top/mas_bridge_ram_write_512.MASTER_WRITE_FIFO/xpm_memory_sdpram_inst_loop[0].xpm_memory_sdpram_inst/xpm_memory_base_inst/gen_wr_a.gen_word_narrow.mem_reg_1 (implemented as a Block RAM) might be sub-optimal as no optional output register could be merged into the ram block. Providing additional output register may help in improving timing.
INFO: [Synth 8-7052] The timing for the instance design_1_i/xdma_0/inst/ram_top/MASTER_READ_BRAM/xpm_memory_sdpram_inst_loop[0].xpm_memory_sdpram_inst/xpm_memory_base_inst/gen_wr_a.gen_word_narrow.mem_reg_0 (implemented as a Block RAM) might be sub-optimal as no optional output register could be merged into the ram block. Providing additional output register may help in improving timing.
INFO: [Synth 8-7052] The timing for the instance design_1_i/xdma_0/inst/ram_top/MASTER_READ_BRAM/xpm_memory_sdpram_inst_loop[0].xpm_memory_sdpram_inst/xpm_memory_base_inst/gen_wr_a.gen_word_narrow.mem_reg_1 (implemented as a Block RAM) might be sub-optimal as no optional output register could be merged into the ram block. Providing additional output register may help in improving timing.
WARNING: [Synth 8-3332] Sequential element (dma_top/dma_enable.axist.dma_axist/axist_h2c[1].dma_axist_mst/wpl_sod_nn4_reg_dma_top_dma_enable.axist.dma_axist_axist_h2c_s_1) is unused and will be removed from module xdma_v4_2_2_udma_wrapper.
WARNING: [Synth 8-3332] Sequential element (dma_top/dma_enable.axist.dma_axist/axist_h2c[1].dma_axist_mst/wpl_sod_nn5_reg) is unused and will be removed from module xdma_v4_2_2_udma_wrapper.
---------------------------------------------------------------------------------
Finished Final Netlist Cleanup
---------------------------------------------------------------------------------
WARNING: [Synth 8-5396] Clock pin C has keep related attribute (keep/mark_debug/dont_touch) which could create extra logic on its net [/home/kokunev/data/git_root/dig/dig_board_pcie_plus_adc/project_1/project_1.gen/sources_1/bd/design_1/ipshared/9438/hdl/proc_sys_reset_v5_0_vh_rfs.vhd:349]
WARNING: [Synth 8-5396] Clock pin C has keep related attribute (keep/mark_debug/dont_touch) which could create extra logic on its net [/home/kokunev/data/git_root/dig/dig_board_pcie_plus_adc/project_1/project_1.gen/sources_1/bd/design_1/ipshared/9438/hdl/proc_sys_reset_v5_0_vh_rfs.vhd:364]
WARNING: [Synth 8-5396] Clock pin C has keep related attribute (keep/mark_debug/dont_touch) which could create extra logic on its net [/home/kokunev/data/git_root/dig/dig_board_pcie_plus_adc/project_1/project_1.gen/sources_1/bd/design_1/ipshared/9438/hdl/proc_sys_reset_v5_0_vh_rfs.vhd:523]
WARNING: [Synth 8-5396] Clock pin C has keep related attribute (keep/mark_debug/dont_touch) which could create extra logic on its net [/home/kokunev/data/git_root/dig/dig_board_pcie_plus_adc/project_1/project_1.gen/sources_1/bd/design_1/ipshared/9438/hdl/proc_sys_reset_v5_0_vh_rfs.vhd:523]
WARNING: [Synth 8-5396] Clock pin C has keep related attribute (keep/mark_debug/dont_touch) which could create extra logic on its net [/home/kokunev/data/git_root/dig/dig_board_pcie_plus_adc/project_1/project_1.gen/sources_1/bd/design_1/ipshared/9438/hdl/proc_sys_reset_v5_0_vh_rfs.vhd:866]
WARNING: [Synth 8-5396] Clock pin C has keep related attribute (keep/mark_debug/dont_touch) which could create extra logic on its net [/home/kokunev/data/git_root/dig/dig_board_pcie_plus_adc/project_1/project_1.gen/sources_1/bd/design_1/ipshared/9438/hdl/proc_sys_reset_v5_0_vh_rfs.vhd:1040]
WARNING: [Synth 8-5396] Clock pin C has keep related attribute (keep/mark_debug/dont_touch) which could create extra logic on its net [/home/kokunev/data/git_root/dig/dig_board_pcie_plus_adc/project_1/project_1.gen/sources_1/bd/design_1/ipshared/9438/hdl/proc_sys_reset_v5_0_vh_rfs.vhd:979]
WARNING: [Synth 8-5396] Clock pin C has keep related attribute (keep/mark_debug/dont_touch) which could create extra logic on its net [/opt/Xilinx_2/2025.2/data/ip/xpm/xpm_cdc/hdl/xpm_cdc.sv:1243]
WARNING: [Synth 8-5396] Clock pin C has keep related attribute (keep/mark_debug/dont_touch) which could create extra logic on its net [/opt/Xilinx_2/2025.2/data/ip/xpm/xpm_cdc/hdl/xpm_cdc.sv:1243]
WARNING: [Synth 8-5396] Clock pin C has keep related attribute (keep/mark_debug/dont_touch) which could create extra logic on its net [/opt/Xilinx_2/2025.2/data/ip/xpm/xpm_cdc/hdl/xpm_cdc.sv:1243]
WARNING: [Synth 8-5396] Clock pin C has keep related attribute (keep/mark_debug/dont_touch) which could create extra logic on its net [/opt/Xilinx_2/2025.2/data/ip/xpm/xpm_cdc/hdl/xpm_cdc.sv:1243]
WARNING: [Synth 8-5396] Clock pin C has keep related attribute (keep/mark_debug/dont_touch) which could create extra logic on its net [/opt/Xilinx_2/2025.2/data/ip/xpm/xpm_cdc/hdl/xpm_cdc.sv:1243]
WARNING: [Synth 8-5396] Clock pin C has keep related attribute (keep/mark_debug/dont_touch) which could create extra logic on its net [/opt/Xilinx_2/2025.2/data/ip/xpm/xpm_cdc/hdl/xpm_cdc.sv:1243]
WARNING: [Synth 8-5396] Clock pin C has keep related attribute (keep/mark_debug/dont_touch) which could create extra logic on its net [/opt/Xilinx_2/2025.2/data/ip/xpm/xpm_cdc/hdl/xpm_cdc.sv:1243]
WARNING: [Synth 8-5396] Clock pin C has keep related attribute (keep/mark_debug/dont_touch) which could create extra logic on its net [/opt/Xilinx_2/2025.2/data/ip/xpm/xpm_cdc/hdl/xpm_cdc.sv:1243]
WARNING: [Synth 8-5396] Clock pin C has keep related attribute (keep/mark_debug/dont_touch) which could create extra logic on its net [/opt/Xilinx_2/2025.2/data/ip/xpm/xpm_cdc/hdl/xpm_cdc.sv:1243]
WARNING: [Synth 8-5396] Clock pin C has keep related attribute (keep/mark_debug/dont_touch) which could create extra logic on its net [/opt/Xilinx_2/2025.2/data/ip/xpm/xpm_cdc/hdl/xpm_cdc.sv:1243]
WARNING: [Synth 8-5396] Clock pin C has keep related attribute (keep/mark_debug/dont_touch) which could create extra logic on its net [/opt/Xilinx_2/2025.2/data/ip/xpm/xpm_cdc/hdl/xpm_cdc.sv:1243]
WARNING: [Synth 8-5396] Clock pin C has keep related attribute (keep/mark_debug/dont_touch) which could create extra logic on its net [/opt/Xilinx_2/2025.2/data/ip/xpm/xpm_cdc/hdl/xpm_cdc.sv:1243]
WARNING: [Synth 8-5396] Clock pin C has keep related attribute (keep/mark_debug/dont_touch) which could create extra logic on its net [/opt/Xilinx_2/2025.2/data/ip/xpm/xpm_cdc/hdl/xpm_cdc.sv:1243]
WARNING: [Synth 8-5396] Clock pin C has keep related attribute (keep/mark_debug/dont_touch) which could create extra logic on its net [/opt/Xilinx_2/2025.2/data/ip/xpm/xpm_cdc/hdl/xpm_cdc.sv:1243]
WARNING: [Synth 8-5396] Clock pin C has keep related attribute (keep/mark_debug/dont_touch) which could create extra logic on its net [/opt/Xilinx_2/2025.2/data/ip/xpm/xpm_cdc/hdl/xpm_cdc.sv:1243]
WARNING: [Synth 8-5396] Clock pin C has keep related attribute (keep/mark_debug/dont_touch) which could create extra logic on its net [/opt/Xilinx_2/2025.2/data/ip/xpm/xpm_cdc/hdl/xpm_cdc.sv:1243]
WARNING: [Synth 8-5396] Clock pin C has keep related attribute (keep/mark_debug/dont_touch) which could create extra logic on its net [/opt/Xilinx_2/2025.2/data/ip/xpm/xpm_cdc/hdl/xpm_cdc.sv:1243]
WARNING: [Synth 8-5396] Clock pin C has keep related attribute (keep/mark_debug/dont_touch) which could create extra logic on its net [/opt/Xilinx_2/2025.2/data/ip/xpm/xpm_cdc/hdl/xpm_cdc.sv:1243]
WARNING: [Synth 8-5396] Clock pin C has keep related attribute (keep/mark_debug/dont_touch) which could create extra logic on its net [/opt/Xilinx_2/2025.2/data/ip/xpm/xpm_cdc/hdl/xpm_cdc.sv:1243]
WARNING: [Synth 8-5396] Clock pin C has keep related attribute (keep/mark_debug/dont_touch) which could create extra logic on its net [/opt/Xilinx_2/2025.2/data/ip/xpm/xpm_cdc/hdl/xpm_cdc.sv:1243]
WARNING: [Synth 8-5396] Clock pin C has keep related attribute (keep/mark_debug/dont_touch) which could create extra logic on its net [/opt/Xilinx_2/2025.2/data/ip/xpm/xpm_cdc/hdl/xpm_cdc.sv:1243]
WARNING: [Synth 8-5396] Clock pin C has keep related attribute (keep/mark_debug/dont_touch) which could create extra logic on its net [/opt/Xilinx_2/2025.2/data/ip/xpm/xpm_cdc/hdl/xpm_cdc.sv:1243]
WARNING: [Synth 8-5396] Clock pin C has keep related attribute (keep/mark_debug/dont_touch) which could create extra logic on its net [/opt/Xilinx_2/2025.2/data/ip/xpm/xpm_cdc/hdl/xpm_cdc.sv:1243]
WARNING: [Synth 8-5396] Clock pin C has keep related attribute (keep/mark_debug/dont_touch) which could create extra logic on its net [/opt/Xilinx_2/2025.2/data/ip/xpm/xpm_cdc/hdl/xpm_cdc.sv:1243]
WARNING: [Synth 8-5396] Clock pin C has keep related attribute (keep/mark_debug/dont_touch) which could create extra logic on its net [/opt/Xilinx_2/2025.2/data/ip/xpm/xpm_cdc/hdl/xpm_cdc.sv:1243]
WARNING: [Synth 8-5396] Clock pin C has keep related attribute (keep/mark_debug/dont_touch) which could create extra logic on its net [/opt/Xilinx_2/2025.2/data/ip/xpm/xpm_cdc/hdl/xpm_cdc.sv:1243]
WARNING: [Synth 8-5396] Clock pin C has keep related attribute (keep/mark_debug/dont_touch) which could create extra logic on its net [/opt/Xilinx_2/2025.2/data/ip/xpm/xpm_cdc/hdl/xpm_cdc.sv:1243]
WARNING: [Synth 8-5396] Clock pin C has keep related attribute (keep/mark_debug/dont_touch) which could create extra logic on its net [/opt/Xilinx_2/2025.2/data/ip/xpm/xpm_cdc/hdl/xpm_cdc.sv:1243]
WARNING: [Synth 8-5396] Clock pin C has keep related attribute (keep/mark_debug/dont_touch) which could create extra logic on its net [/opt/Xilinx_2/2025.2/data/ip/xpm/xpm_cdc/hdl/xpm_cdc.sv:1243]
WARNING: [Synth 8-5396] Clock pin C has keep related attribute (keep/mark_debug/dont_touch) which could create extra logic on its net [/opt/Xilinx_2/2025.2/data/ip/xpm/xpm_cdc/hdl/xpm_cdc.sv:1243]
WARNING: [Synth 8-5396] Clock pin C has keep related attribute (keep/mark_debug/dont_touch) which could create extra logic on its net [/opt/Xilinx_2/2025.2/data/ip/xpm/xpm_cdc/hdl/xpm_cdc.sv:1243]
WARNING: [Synth 8-5396] Clock pin C has keep related attribute (keep/mark_debug/dont_touch) which could create extra logic on its net [/opt/Xilinx_2/2025.2/data/ip/xpm/xpm_cdc/hdl/xpm_cdc.sv:1243]
WARNING: [Synth 8-5396] Clock pin C has keep related attribute (keep/mark_debug/dont_touch) which could create extra logic on its net [/opt/Xilinx_2/2025.2/data/ip/xpm/xpm_cdc/hdl/xpm_cdc.sv:1243]
WARNING: [Synth 8-5396] Clock pin C has keep related attribute (keep/mark_debug/dont_touch) which could create extra logic on its net [/opt/Xilinx_2/2025.2/data/ip/xpm/xpm_cdc/hdl/xpm_cdc.sv:1243]
WARNING: [Synth 8-5396] Clock pin C has keep related attribute (keep/mark_debug/dont_touch) which could create extra logic on its net [/opt/Xilinx_2/2025.2/data/ip/xpm/xpm_cdc/hdl/xpm_cdc.sv:1243]
WARNING: [Synth 8-5396] Clock pin C has keep related attribute (keep/mark_debug/dont_touch) which could create extra logic on its net [/opt/Xilinx_2/2025.2/data/ip/xpm/xpm_cdc/hdl/xpm_cdc.sv:1243]
WARNING: [Synth 8-5396] Clock pin C has keep related attribute (keep/mark_debug/dont_touch) which could create extra logic on its net [/opt/Xilinx_2/2025.2/data/ip/xpm/xpm_cdc/hdl/xpm_cdc.sv:1243]
WARNING: [Synth 8-5396] Clock pin C has keep related attribute (keep/mark_debug/dont_touch) which could create extra logic on its net [/opt/Xilinx_2/2025.2/data/ip/xpm/xpm_cdc/hdl/xpm_cdc.sv:1243]
WARNING: [Synth 8-5396] Clock pin C has keep related attribute (keep/mark_debug/dont_touch) which could create extra logic on its net [/opt/Xilinx_2/2025.2/data/ip/xpm/xpm_cdc/hdl/xpm_cdc.sv:1243]
WARNING: [Synth 8-5396] Clock pin C has keep related attribute (keep/mark_debug/dont_touch) which could create extra logic on its net [/opt/Xilinx_2/2025.2/data/ip/xpm/xpm_cdc/hdl/xpm_cdc.sv:1243]
WARNING: [Synth 8-5396] Clock pin C has keep related attribute (keep/mark_debug/dont_touch) which could create extra logic on its net [/opt/Xilinx_2/2025.2/data/ip/xpm/xpm_cdc/hdl/xpm_cdc.sv:1243]
WARNING: [Synth 8-5396] Clock pin C has keep related attribute (keep/mark_debug/dont_touch) which could create extra logic on its net [/opt/Xilinx_2/2025.2/data/ip/xpm/xpm_cdc/hdl/xpm_cdc.sv:1243]
WARNING: [Synth 8-5396] Clock pin C has keep related attribute (keep/mark_debug/dont_touch) which could create extra logic on its net [/opt/Xilinx_2/2025.2/data/ip/xpm/xpm_cdc/hdl/xpm_cdc.sv:1243]
WARNING: [Synth 8-5396] Clock pin C has keep related attribute (keep/mark_debug/dont_touch) which could create extra logic on its net [/opt/Xilinx_2/2025.2/data/ip/xpm/xpm_cdc/hdl/xpm_cdc.sv:1243]
WARNING: [Synth 8-5396] Clock pin C has keep related attribute (keep/mark_debug/dont_touch) which could create extra logic on its net [/opt/Xilinx_2/2025.2/data/ip/xpm/xpm_cdc/hdl/xpm_cdc.sv:1243]
WARNING: [Synth 8-5396] Clock pin C has keep related attribute (keep/mark_debug/dont_touch) which could create extra logic on its net [/opt/Xilinx_2/2025.2/data/ip/xpm/xpm_cdc/hdl/xpm_cdc.sv:1243]
WARNING: [Synth 8-5396] Clock pin C has keep related attribute (keep/mark_debug/dont_touch) which could create extra logic on its net [/opt/Xilinx_2/2025.2/data/ip/xpm/xpm_cdc/hdl/xpm_cdc.sv:1243]
WARNING: [Synth 8-5396] Clock pin C has keep related attribute (keep/mark_debug/dont_touch) which could create extra logic on its net [/opt/Xilinx_2/2025.2/data/ip/xpm/xpm_cdc/hdl/xpm_cdc.sv:1243]
WARNING: [Synth 8-5396] Clock pin C has keep related attribute (keep/mark_debug/dont_touch) which could create extra logic on its net [/opt/Xilinx_2/2025.2/data/ip/xpm/xpm_cdc/hdl/xpm_cdc.sv:1243]
WARNING: [Synth 8-5396] Clock pin C has keep related attribute (keep/mark_debug/dont_touch) which could create extra logic on its net [/opt/Xilinx_2/2025.2/data/ip/xpm/xpm_cdc/hdl/xpm_cdc.sv:1243]
WARNING: [Synth 8-5396] Clock pin C has keep related attribute (keep/mark_debug/dont_touch) which could create extra logic on its net [/opt/Xilinx_2/2025.2/data/ip/xpm/xpm_cdc/hdl/xpm_cdc.sv:1243]
WARNING: [Synth 8-5396] Clock pin C has keep related attribute (keep/mark_debug/dont_touch) which could create extra logic on its net [/opt/Xilinx_2/2025.2/data/ip/xpm/xpm_cdc/hdl/xpm_cdc.sv:1243]
WARNING: [Synth 8-5396] Clock pin C has keep related attribute (keep/mark_debug/dont_touch) which could create extra logic on its net [/opt/Xilinx_2/2025.2/data/ip/xpm/xpm_cdc/hdl/xpm_cdc.sv:1243]
WARNING: [Synth 8-5396] Clock pin C has keep related attribute (keep/mark_debug/dont_touch) which could create extra logic on its net [/opt/Xilinx_2/2025.2/data/ip/xpm/xpm_cdc/hdl/xpm_cdc.sv:1243]
WARNING: [Synth 8-5396] Clock pin C has keep related attribute (keep/mark_debug/dont_touch) which could create extra logic on its net [/opt/Xilinx_2/2025.2/data/ip/xpm/xpm_cdc/hdl/xpm_cdc.sv:1243]
WARNING: [Synth 8-5396] Clock pin C has keep related attribute (keep/mark_debug/dont_touch) which could create extra logic on its net [/opt/Xilinx_2/2025.2/data/ip/xpm/xpm_cdc/hdl/xpm_cdc.sv:1243]
WARNING: [Synth 8-5396] Clock pin C has keep related attribute (keep/mark_debug/dont_touch) which could create extra logic on its net [/opt/Xilinx_2/2025.2/data/ip/xpm/xpm_cdc/hdl/xpm_cdc.sv:1243]
WARNING: [Synth 8-5396] Clock pin C has keep related attribute (keep/mark_debug/dont_touch) which could create extra logic on its net [/opt/Xilinx_2/2025.2/data/ip/xpm/xpm_cdc/hdl/xpm_cdc.sv:1243]
WARNING: [Synth 8-5396] Clock pin C has keep related attribute (keep/mark_debug/dont_touch) which could create extra logic on its net [/opt/Xilinx_2/2025.2/data/ip/xpm/xpm_cdc/hdl/xpm_cdc.sv:1243]
WARNING: [Synth 8-5396] Clock pin C has keep related attribute (keep/mark_debug/dont_touch) which could create extra logic on its net [/opt/Xilinx_2/2025.2/data/ip/xpm/xpm_cdc/hdl/xpm_cdc.sv:1243]
WARNING: [Synth 8-5396] Clock pin C has keep related attribute (keep/mark_debug/dont_touch) which could create extra logic on its net [/opt/Xilinx_2/2025.2/data/ip/xpm/xpm_cdc/hdl/xpm_cdc.sv:1243]
WARNING: [Synth 8-5396] Clock pin C has keep related attribute (keep/mark_debug/dont_touch) which could create extra logic on its net [/opt/Xilinx_2/2025.2/data/ip/xpm/xpm_cdc/hdl/xpm_cdc.sv:1243]
WARNING: [Synth 8-5396] Clock pin C has keep related attribute (keep/mark_debug/dont_touch) which could create extra logic on its net [/opt/Xilinx_2/2025.2/data/ip/xpm/xpm_cdc/hdl/xpm_cdc.sv:1243]
WARNING: [Synth 8-5396] Clock pin C has keep related attribute (keep/mark_debug/dont_touch) which could create extra logic on its net [/opt/Xilinx_2/2025.2/data/ip/xpm/xpm_cdc/hdl/xpm_cdc.sv:1243]
WARNING: [Synth 8-5396] Clock pin C has keep related attribute (keep/mark_debug/dont_touch) which could create extra logic on its net [/opt/Xilinx_2/2025.2/data/ip/xpm/xpm_cdc/hdl/xpm_cdc.sv:1243]
WARNING: [Synth 8-5396] Clock pin C has keep related attribute (keep/mark_debug/dont_touch) which could create extra logic on its net [/opt/Xilinx_2/2025.2/data/ip/xpm/xpm_cdc/hdl/xpm_cdc.sv:1243]
WARNING: [Synth 8-5396] Clock pin C has keep related attribute (keep/mark_debug/dont_touch) which could create extra logic on its net [/home/kokunev/data/git_root/dig/dig_board_pcie_plus_adc/project_1/project_1.gen/sources_1/bd/design_1/ipshared/9438/hdl/proc_sys_reset_v5_0_vh_rfs.vhd:1413]
WARNING: [Synth 8-5396] Clock pin C has keep related attribute (keep/mark_debug/dont_touch) which could create extra logic on its net [/opt/Xilinx_2/2025.2/data/ip/xpm/xpm_cdc/hdl/xpm_cdc.sv:221]
WARNING: [Synth 8-5396] Clock pin C has keep related attribute (keep/mark_debug/dont_touch) which could create extra logic on its net [/opt/Xilinx_2/2025.2/data/ip/xpm/xpm_cdc/hdl/xpm_cdc.sv:221]
WARNING: [Synth 8-5396] Clock pin C has keep related attribute (keep/mark_debug/dont_touch) which could create extra logic on its net [/opt/Xilinx_2/2025.2/data/ip/xpm/xpm_cdc/hdl/xpm_cdc.sv:221]
WARNING: [Synth 8-5396] Clock pin C has keep related attribute (keep/mark_debug/dont_touch) which could create extra logic on its net [/opt/Xilinx_2/2025.2/data/ip/xpm/xpm_cdc/hdl/xpm_cdc.sv:221]
WARNING: [Synth 8-5396] Clock pin CLK has keep related attribute (keep/mark_debug/dont_touch) which could create extra logic on its net [/home/kokunev/data/git_root/dig/dig_board_pcie_plus_adc/project_1/project_1.gen/sources_1/bd/design_1/ipshared/9438/hdl/proc_sys_reset_v5_0_vh_rfs.vhd:873]
WARNING: [Synth 8-5396] Clock pin C has keep related attribute (keep/mark_debug/dont_touch) which could create extra logic on its net [/opt/Xilinx_2/2025.2/data/ip/xpm/xpm_cdc/hdl/xpm_cdc.sv:221]
WARNING: [Synth 8-5396] Clock pin C has keep related attribute (keep/mark_debug/dont_touch) which could create extra logic on its net [/opt/Xilinx_2/2025.2/data/ip/xpm/xpm_cdc/hdl/xpm_cdc.sv:221]
WARNING: [Synth 8-5396] Clock pin C has keep related attribute (keep/mark_debug/dont_touch) which could create extra logic on its net [/opt/Xilinx_2/2025.2/data/ip/xpm/xpm_cdc/hdl/xpm_cdc.sv:221]
WARNING: [Synth 8-5396] Clock pin C has keep related attribute (keep/mark_debug/dont_touch) which could create extra logic on its net [/opt/Xilinx_2/2025.2/data/ip/xpm/xpm_cdc/hdl/xpm_cdc.sv:221]
WARNING: [Synth 8-5396] Clock pin C has keep related attribute (keep/mark_debug/dont_touch) which could create extra logic on its net [/opt/Xilinx_2/2025.2/data/ip/xpm/xpm_cdc/hdl/xpm_cdc.sv:1243]
WARNING: [Synth 8-5396] Clock pin C has keep related attribute (keep/mark_debug/dont_touch) which could create extra logic on its net [/opt/Xilinx_2/2025.2/data/ip/xpm/xpm_cdc/hdl/xpm_cdc.sv:1243]
WARNING: [Synth 8-5396] Clock pin C has keep related attribute (keep/mark_debug/dont_touch) which could create extra logic on its net [/opt/Xilinx_2/2025.2/data/ip/xpm/xpm_cdc/hdl/xpm_cdc.sv:1243]
WARNING: [Synth 8-5396] Clock pin C has keep related attribute (keep/mark_debug/dont_touch) which could create extra logic on its net [/opt/Xilinx_2/2025.2/data/ip/xpm/xpm_cdc/hdl/xpm_cdc.sv:1243]
WARNING: [Synth 8-5396] Clock pin C has keep related attribute (keep/mark_debug/dont_touch) which could create extra logic on its net [/opt/Xilinx_2/2025.2/data/ip/xpm/xpm_cdc/hdl/xpm_cdc.sv:1243]
WARNING: [Synth 8-5396] Clock pin C has keep related attribute (keep/mark_debug/dont_touch) which could create extra logic on its net [/opt/Xilinx_2/2025.2/data/ip/xpm/xpm_cdc/hdl/xpm_cdc.sv:1243]
WARNING: [Synth 8-5396] Clock pin C has keep related attribute (keep/mark_debug/dont_touch) which could create extra logic on its net [/opt/Xilinx_2/2025.2/data/ip/xpm/xpm_cdc/hdl/xpm_cdc.sv:1243]
WARNING: [Synth 8-5396] Clock pin C has keep related attribute (keep/mark_debug/dont_touch) which could create extra logic on its net [/opt/Xilinx_2/2025.2/data/ip/xpm/xpm_cdc/hdl/xpm_cdc.sv:1243]
WARNING: [Synth 8-5396] Clock pin C has keep related attribute (keep/mark_debug/dont_touch) which could create extra logic on its net [/opt/Xilinx_2/2025.2/data/ip/xpm/xpm_cdc/hdl/xpm_cdc.sv:1243]
WARNING: [Synth 8-5396] Clock pin C has keep related attribute (keep/mark_debug/dont_touch) which could create extra logic on its net [/opt/Xilinx_2/2025.2/data/ip/xpm/xpm_cdc/hdl/xpm_cdc.sv:1243]
WARNING: [Synth 8-5396] Clock pin C has keep related attribute (keep/mark_debug/dont_touch) which could create extra logic on its net [/opt/Xilinx_2/2025.2/data/ip/xpm/xpm_cdc/hdl/xpm_cdc.sv:1243]
WARNING: [Synth 8-5396] Clock pin C has keep related attribute (keep/mark_debug/dont_touch) which could create extra logic on its net [/opt/Xilinx_2/2025.2/data/ip/xpm/xpm_cdc/hdl/xpm_cdc.sv:1243]
WARNING: [Synth 8-5396] Clock pin C has keep related attribute (keep/mark_debug/dont_touch) which could create extra logic on its net [/opt/Xilinx_2/2025.2/data/ip/xpm/xpm_cdc/hdl/xpm_cdc.sv:1243]
WARNING: [Synth 8-5396] Clock pin C has keep related attribute (keep/mark_debug/dont_touch) which could create extra logic on its net [/opt/Xilinx_2/2025.2/data/ip/xpm/xpm_cdc/hdl/xpm_cdc.sv:1243]
WARNING: [Synth 8-5396] Clock pin C has keep related attribute (keep/mark_debug/dont_touch) which could create extra logic on its net [/opt/Xilinx_2/2025.2/data/ip/xpm/xpm_cdc/hdl/xpm_cdc.sv:1243]
WARNING: [Synth 8-5396] Clock pin C has keep related attribute (keep/mark_debug/dont_touch) which could create extra logic on its net [/opt/Xilinx_2/2025.2/data/ip/xpm/xpm_cdc/hdl/xpm_cdc.sv:1243]
WARNING: [Synth 8-5396] Clock pin C has keep related attribute (keep/mark_debug/dont_touch) which could create extra logic on its net [/opt/Xilinx_2/2025.2/data/ip/xpm/xpm_cdc/hdl/xpm_cdc.sv:1243]
INFO: [Common 17-14] Message 'Synth 8-5396' appears 100 times and further instances of the messages will be disabled. Use the Tcl command set_msg_config to change the current settings.
---------------------------------------------------------------------------------
Finished IO Insertion : Time (s): cpu = 00:03:36 ; elapsed = 00:02:39 . Memory (MB): peak = 3889.688 ; gain = 2068.137 ; free physical = 1080 ; free virtual = 43467
---------------------------------------------------------------------------------
---------------------------------------------------------------------------------
Start Renaming Generated Instances
---------------------------------------------------------------------------------
---------------------------------------------------------------------------------
Finished Renaming Generated Instances : Time (s): cpu = 00:03:36 ; elapsed = 00:02:39 . Memory (MB): peak = 3889.688 ; gain = 2068.137 ; free physical = 1083 ; free virtual = 43470
---------------------------------------------------------------------------------
---------------------------------------------------------------------------------
Start Rebuilding User Hierarchy
---------------------------------------------------------------------------------
---------------------------------------------------------------------------------
Finished Rebuilding User Hierarchy : Time (s): cpu = 00:03:40 ; elapsed = 00:02:43 . Memory (MB): peak = 3889.688 ; gain = 2068.137 ; free physical = 1149 ; free virtual = 43537
---------------------------------------------------------------------------------
---------------------------------------------------------------------------------
Start Renaming Generated Ports
---------------------------------------------------------------------------------
---------------------------------------------------------------------------------
Finished Renaming Generated Ports : Time (s): cpu = 00:03:40 ; elapsed = 00:02:43 . Memory (MB): peak = 3889.688 ; gain = 2068.137 ; free physical = 1162 ; free virtual = 43549
---------------------------------------------------------------------------------
---------------------------------------------------------------------------------
Start Handling Custom Attributes
---------------------------------------------------------------------------------
---------------------------------------------------------------------------------
Finished Handling Custom Attributes : Time (s): cpu = 00:03:41 ; elapsed = 00:02:44 . Memory (MB): peak = 3889.688 ; gain = 2068.137 ; free physical = 1145 ; free virtual = 43532
---------------------------------------------------------------------------------
---------------------------------------------------------------------------------
Start Renaming Generated Nets
---------------------------------------------------------------------------------
---------------------------------------------------------------------------------
Finished Renaming Generated Nets : Time (s): cpu = 00:03:41 ; elapsed = 00:02:45 . Memory (MB): peak = 3889.688 ; gain = 2068.137 ; free physical = 1144 ; free virtual = 43531
---------------------------------------------------------------------------------
---------------------------------------------------------------------------------
Start Writing Synthesis Report
---------------------------------------------------------------------------------

Report BlackBoxes: 
+-+--------------+----------+
| |BlackBox name |Instances |
+-+--------------+----------+
+-+--------------+----------+

Report Cell Usage: 
+------+--------------+------+
|      |Cell          |Count |
+------+--------------+------+
|1     |BUFG          |     8|
|2     |BUFGCTRL      |     1|
|3     |CARRY4        |  1308|
|4     |CFGLUT5       |  1302|
|5     |GTPE2_CHANNEL |     4|
|6     |GTPE2_COMMON  |     1|
|7     |IBUFDS_GTE2   |     1|
|8     |LUT1          |  2204|
|9     |LUT2          |  3170|
|10    |LUT3          |  5645|
|11    |LUT4          |  6160|
|12    |LUT5          |  4410|
|13    |LUT6          |  8863|
|14    |MMCME2_ADV    |     2|
|15    |MUXCY         |    24|
|16    |MUXCY_L       |     9|
|17    |MUXF7         |   513|
|18    |MUXF8         |    28|
|19    |PCIE_2        |     1|
|20    |RAM16X1D      |    62|
|21    |RAM32M        |   426|
|22    |RAM32X1D      |    34|
|23    |RAM64M        |    64|
|24    |RAM64X1S      |     9|
|25    |RAMB18E1      |     3|
|27    |RAMB36E1      |    41|
|37    |SRL16         |     1|
|38    |SRL16E        |   284|
|39    |SRLC16E       |     4|
|40    |SRLC32E       |    41|
|41    |XORCY         |    12|
|42    |FDCE          |   207|
|43    |FDPE          |    58|
|44    |FDR           |     3|
|45    |FDRE          | 32648|
|46    |FDSE          |   359|
|47    |IBUF          |    18|
|48    |IBUFDS        |     1|
|49    |IOBUF         |     2|
|50    |OBUF          |     3|
+------+--------------+------+
---------------------------------------------------------------------------------
Finished Writing Synthesis Report : Time (s): cpu = 00:03:42 ; elapsed = 00:02:45 . Memory (MB): peak = 3889.688 ; gain = 2068.137 ; free physical = 1147 ; free virtual = 43534
---------------------------------------------------------------------------------
Synthesis finished with 0 errors, 0 critical warnings and 30892 warnings.
Synthesis Optimization Runtime : Time (s): cpu = 00:03:16 ; elapsed = 00:02:26 . Memory (MB): peak = 3889.688 ; gain = 1665.469 ; free physical = 7294 ; free virtual = 49681
Synthesis Optimization Complete : Time (s): cpu = 00:03:42 ; elapsed = 00:02:48 . Memory (MB): peak = 3889.688 ; gain = 2068.137 ; free physical = 7365 ; free virtual = 49702
INFO: [Project 1-571] Translating synthesized netlist
Netlist sorting complete. Time (s): cpu = 00:00:00.58 ; elapsed = 00:00:00.58 . Memory (MB): peak = 3889.688 ; gain = 0.000 ; free physical = 7353 ; free virtual = 49690
WARNING: [Netlist 29-345] The value of SIM_DEVICE on instance 'design_1_i/xdma_0/inst/design_1_xdma_0_0_pcie2_to_pcie3_wrapper_i/pcie2_ip_i/inst/inst/gt_top_i/pipe_wrapper_i/pipe_clock_int.pipe_clock_i/pclk_i1_bufgctrl.pclk_i1' of type 'BUFGCTRL' is 'ULTRASCALE'; it is being changed to match the current FPGA architecture, '7SERIES'. For functional simulation to match hardware behavior, the value of SIM_DEVICE should be changed in the source netlist. 
INFO: [Netlist 29-17] Analyzing 3844 Unisim elements for replacement
INFO: [Netlist 29-28] Unisim Transformation completed in 0 CPU seconds
WARNING: [Netlist 29-1115] Found multi-term driver net: design_1_i/util_ds_buf_0/U0/<const0>.
WARNING: [Netlist 29-1115] Found multi-term driver net: design_1_i/pcie_reset_block_0/util_ds_buf_1/U0/<const0>.
INFO: [Project 1-570] Preparing netlist for logic optimization
INFO: [Opt 31-140] Inserted 8 IBUFs to IO ports without IO buffers.
INFO: [Opt 31-141] Inserted 8 OBUFs to IO ports without IO buffers.
INFO: [Chipscope 16-324] Core: design_1_i/system_ila_0/inst/ila_lib UUID: cd4c83c8-23a6-596d-99ad-09be1335c6b0 
INFO: [Chipscope 16-324] Core: design_1_i/system_ila_1/inst/ila_lib UUID: 1ac8c4c2-d1ac-5faa-b5d9-9a6ca09c91e7 
INFO: [Opt 31-138] Pushed 0 inverter(s) to 0 load pin(s).
Netlist sorting complete. Time (s): cpu = 00:00:00.01 ; elapsed = 00:00:00.02 . Memory (MB): peak = 3933.789 ; gain = 0.000 ; free physical = 7230 ; free virtual = 49569
INFO: [Project 1-111] Unisim Transformation Summary:
  A total of 1914 instances were transformed.
  (MUXCY,XORCY) => CARRY4: 11 instances
  CFGLUT5 => CFGLUT5 (SRL16E, SRLC32E): 1192 instances
  CFGLUT5 => SRLC32E: 110 instances
  FDR => FDRE: 3 instances
  IOBUF => IOBUF (IBUF, OBUFT): 2 instances
  RAM16X1D => RAM32X1D (RAMD32(x2)): 62 instances
  RAM32M => RAM32M (RAMD32(x6), RAMS32(x2)): 426 instances
  RAM32X1D => RAM32X1D (RAMD32(x2)): 34 instances
  RAM64M => RAM64M (RAMD64E(x4)): 64 instances
  RAM64X1S => RAM64X1S (RAMS64E): 9 instances
  SRL16 => SRL16E: 1 instance 

Synth Design complete | Checksum: fcb25e0d
INFO: [Common 17-83] Releasing license: Synthesis
1168 Infos, 465 Warnings, 0 Critical Warnings and 0 Errors encountered.
synth_design completed successfully
synth_design: Time (s): cpu = 00:03:58 ; elapsed = 00:03:03 . Memory (MB): peak = 3933.824 ; gain = 2287.531 ; free physical = 7233 ; free virtual = 49573
INFO: [Common 17-2834] synth_design peak Physical Memory [PSS] (MB): overall = 9178.241; main = 2992.392; forked = 6457.030
INFO: [Common 17-2834] synth_design peak Virtual Memory [VSS] (MB): overall = 18296.637; main = 3933.793; forked = 14418.867
Write ShapeDB Complete: Time (s): cpu = 00:00:00.19 ; elapsed = 00:00:00.07 . Memory (MB): peak = 3957.801 ; gain = 0.000 ; free physical = 7226 ; free virtual = 49570
INFO: [Common 17-1381] The checkpoint '/home/kokunev/data/git_root/dig/dig_board_pcie_plus_adc/project_1/project_1.runs/synth_1/design_1_wrapper.dcp' has been generated.
write_checkpoint: Time (s): cpu = 00:00:09 ; elapsed = 00:00:09 . Memory (MB): peak = 3957.801 ; gain = 23.977 ; free physical = 7235 ; free virtual = 49647
INFO: [Vivado 12-24828] Executing command : report_utilization -file design_1_wrapper_utilization_synth.rpt -pb design_1_wrapper_utilization_synth.pb
INFO: [Common 17-206] Exiting Vivado at Fri Sep  4 09:52:30 2026...
