
*** Running vivado
    with args -log design_1_wrapper.vds -m64 -product Vivado -mode batch -messageDb vivado.pb -notrace -source design_1_wrapper.tcl


****** Vivado v2025.2 (64-bit)
  **** SW Build 6299465 on Fri Nov 14 12:34:56 MST 2025
  **** IP Build 6300035 on Fri Nov 14 10:48:45 MST 2025
  **** SharedData Build 6298862 on Thu Nov 13 04:50:51 MST 2025
  **** Start of session at: Tue Aug 25 18:10:41 2026
    ** Copyright 1986-2022 Xilinx, Inc. All Rights Reserved.
    ** Copyright 2022-2025 Advanced Micro Devices, Inc. All Rights Reserved.

WARNING: [Runs 36-547] User Strategy 'Vivado Implementation Defaults' from file '/home/kokunev/.Xilinx/Vivado/2025.2/strategies/Vivado Implementation Defaults.Vivado Implementation 2025.psg' discarded because strategy with same name already parsed from '/opt/Xilinx_2/2025.2/Vivado/strategies/VDI2025.psg'
WARNING: [Runs 36-547] User Strategy 'Vivado Implementation Defaults' from file '/home/kokunev/.Xilinx/Vivado/2025.2/strategies/Vivado Implementation Defaults_2.Vivado Implementation 2025.psg' discarded because strategy with same name already parsed from '/opt/Xilinx_2/2025.2/Vivado/strategies/VDI2025.psg'
source design_1_wrapper.tcl -notrace
INFO: [IP_Flow 19-234] Refreshing IP repositories
INFO: [IP_Flow 19-1704] No user IP repositories specified
INFO: [IP_Flow 19-2313] Loaded Vivado IP repository '/opt/Xilinx_2/2025.2/data/ip'.
Command: read_checkpoint -auto_incremental -incremental /home/kokunev/data/git_root/dig/dig_board_streamer/dig_streamer/dig_streamer.srcs/utils_1/imports/synth_1/design_1_wrapper.dcp
INFO: [Vivado 12-5825] Read reference checkpoint from /home/kokunev/data/git_root/dig/dig_board_streamer/dig_streamer/dig_streamer.srcs/utils_1/imports/synth_1/design_1_wrapper.dcp for incremental synthesis
INFO: [Vivado 12-7989] Please ensure there are no constraint changes
Command: synth_design -top design_1_wrapper -part xc7a100tfgg484-2
Starting synth_design
Attempting to get a license for feature 'Synthesis' and/or device 'xc7a100t'
INFO: [Common 17-349] Got license for feature 'Synthesis' and/or device 'xc7a100t'
INFO: [Device 21-403] Loading part xc7a100tfgg484-2
INFO: [Synth 8-7079] Multithreading enabled for synth_design using a maximum of 7 processes.
INFO: [Synth 8-7078] Launching helper process for spawning children vivado processes
INFO: [Synth 8-7075] Helper process launched with PID 137161
---------------------------------------------------------------------------------
Starting RTL Elaboration : Time (s): cpu = 00:00:04 ; elapsed = 00:00:05 . Memory (MB): peak = 2233.250 ; gain = 482.594 ; free physical = 47709 ; free virtual = 60311
---------------------------------------------------------------------------------
INFO: [Synth 8-11241] undeclared symbol 'RdDeQ', assumed default net type 'wire' [/home/kokunev/data/git_root/dig/dig_board_streamer/dig_streamer/dig_streamer.gen/sources_1/bd/design_1/ipshared/d6c9/hdl/verilog/axidma_fifo.vh:179]
INFO: [Synth 8-11241] undeclared symbol 'cfg_config_space_enable', assumed default net type 'wire' [/home/kokunev/data/git_root/dig/dig_board_streamer/dig_streamer/dig_streamer.gen/sources_1/bd/design_1/ip/design_1_xdma_0_0/xdma_v4_2/hdl/verilog/design_1_xdma_0_0_core_top.sv:4347]
INFO: [Synth 8-11241] undeclared symbol 'cfg_hot_reset_in', assumed default net type 'wire' [/home/kokunev/data/git_root/dig/dig_board_streamer/dig_streamer/dig_streamer.gen/sources_1/bd/design_1/ip/design_1_xdma_0_0/xdma_v4_2/hdl/verilog/design_1_xdma_0_0_core_top.sv:4348]
INFO: [Synth 8-11241] undeclared symbol 'usr_irq_fail', assumed default net type 'wire' [/home/kokunev/data/git_root/dig/dig_board_streamer/dig_streamer/dig_streamer.gen/sources_1/bd/design_1/ip/design_1_xdma_0_0/xdma_v4_2/hdl/verilog/design_1_xdma_0_0_core_top.sv:4838]
INFO: [Synth 8-6157] synthesizing module 'design_1_wrapper' [/home/kokunev/data/git_root/dig/dig_board_streamer/dig_streamer/dig_streamer.gen/sources_1/bd/design_1/hdl/design_1_wrapper.v:13]
INFO: [Synth 8-6157] synthesizing module 'design_1' [/home/kokunev/data/git_root/dig/dig_board_streamer/dig_streamer/dig_streamer.gen/sources_1/bd/design_1/synth/design_1.v:13]
INFO: [Synth 8-638] synthesizing module 'design_1_axi_bram_ctrl_1_0' [/home/kokunev/data/git_root/dig/dig_board_streamer/dig_streamer/dig_streamer.gen/sources_1/bd/design_1/ip/design_1_axi_bram_ctrl_1_0/synth/design_1_axi_bram_ctrl_1_0.vhd:111]
	Parameter C_BRAM_INST_MODE bound to: EXTERNAL - type: string 
	Parameter C_MEMORY_DEPTH bound to: 1024 - type: integer 
	Parameter C_BRAM_ADDR_WIDTH bound to: 10 - type: integer 
	Parameter C_S_AXI_ADDR_WIDTH bound to: 12 - type: integer 
	Parameter C_S_AXI_DATA_WIDTH bound to: 32 - type: integer 
	Parameter C_S_AXI_ID_WIDTH bound to: 1 - type: integer 
	Parameter C_S_AXI_PROTOCOL bound to: AXI4 - type: string 
	Parameter C_S_AXI_SUPPORTS_NARROW_BURST bound to: 0 - type: integer 
	Parameter C_SINGLE_PORT_BRAM bound to: 0 - type: integer 
	Parameter C_FAMILY bound to: artix7 - type: string 
	Parameter C_READ_LATENCY bound to: 1 - type: integer 
	Parameter C_RD_CMD_OPTIMIZATION bound to: 0 - type: integer 
	Parameter C_S_AXI_CTRL_ADDR_WIDTH bound to: 32 - type: integer 
	Parameter C_S_AXI_CTRL_DATA_WIDTH bound to: 32 - type: integer 
	Parameter C_ECC bound to: 0 - type: integer 
	Parameter C_ECC_TYPE bound to: 0 - type: integer 
	Parameter C_FAULT_INJECT bound to: 0 - type: integer 
	Parameter C_ECC_ONOFF_RESET_VALUE bound to: 0 - type: integer 
INFO: [Synth 8-3491] module 'axi_bram_ctrl' declared at '/home/kokunev/data/git_root/dig/dig_board_streamer/dig_streamer/dig_streamer.gen/sources_1/bd/design_1/ipshared/2f03/hdl/axi_bram_ctrl_v4_1_rfs.vhd:31263' bound to instance 'U0' of component 'axi_bram_ctrl' [/home/kokunev/data/git_root/dig/dig_board_streamer/dig_streamer/dig_streamer.gen/sources_1/bd/design_1/ip/design_1_axi_bram_ctrl_1_0/synth/design_1_axi_bram_ctrl_1_0.vhd:276]
INFO: [Synth 8-638] synthesizing module 'axi_bram_ctrl' [/home/kokunev/data/git_root/dig/dig_board_streamer/dig_streamer/dig_streamer.gen/sources_1/bd/design_1/ipshared/2f03/hdl/axi_bram_ctrl_v4_1_rfs.vhd:31434]
INFO: [Synth 8-638] synthesizing module 'axi_bram_ctrl_top' [/home/kokunev/data/git_root/dig/dig_board_streamer/dig_streamer/dig_streamer.gen/sources_1/bd/design_1/ipshared/2f03/hdl/axi_bram_ctrl_v4_1_rfs.vhd:30438]
INFO: [Synth 8-638] synthesizing module 'full_axi' [/home/kokunev/data/git_root/dig/dig_board_streamer/dig_streamer/dig_streamer.gen/sources_1/bd/design_1/ipshared/2f03/hdl/axi_bram_ctrl_v4_1_rfs.vhd:29196]
WARNING: [Synth 8-6774] Null subtype or type declaration found [/home/kokunev/data/git_root/dig/dig_board_streamer/dig_streamer/dig_streamer.gen/sources_1/bd/design_1/ipshared/2f03/hdl/axi_bram_ctrl_v4_1_rfs.vhd:29266]
INFO: [Synth 8-3919] null assignment ignored [/home/kokunev/data/git_root/dig/dig_board_streamer/dig_streamer/dig_streamer.gen/sources_1/bd/design_1/ipshared/2f03/hdl/axi_bram_ctrl_v4_1_rfs.vhd:29266]
INFO: [Synth 8-3919] null assignment ignored [/home/kokunev/data/git_root/dig/dig_board_streamer/dig_streamer/dig_streamer.gen/sources_1/bd/design_1/ipshared/2f03/hdl/axi_bram_ctrl_v4_1_rfs.vhd:29472]
INFO: [Synth 8-638] synthesizing module 'wr_chnl' [/home/kokunev/data/git_root/dig/dig_board_streamer/dig_streamer/dig_streamer.gen/sources_1/bd/design_1/ipshared/2f03/hdl/axi_bram_ctrl_v4_1_rfs.vhd:24080]
INFO: [Synth 8-506] null port 'FaultInjectECC' ignored [/home/kokunev/data/git_root/dig/dig_board_streamer/dig_streamer/dig_streamer.gen/sources_1/bd/design_1/ipshared/2f03/hdl/axi_bram_ctrl_v4_1_rfs.vhd:24047]
INFO: [Synth 8-638] synthesizing module 'wrap_brst' [/home/kokunev/data/git_root/dig/dig_board_streamer/dig_streamer/dig_streamer.gen/sources_1/bd/design_1/ipshared/2f03/hdl/axi_bram_ctrl_v4_1_rfs.vhd:12386]
INFO: [Synth 8-256] done synthesizing module 'wrap_brst' (0#1) [/home/kokunev/data/git_root/dig/dig_board_streamer/dig_streamer/dig_streamer.gen/sources_1/bd/design_1/ipshared/2f03/hdl/axi_bram_ctrl_v4_1_rfs.vhd:12386]
INFO: [Synth 8-226] default block is never used [/home/kokunev/data/git_root/dig/dig_board_streamer/dig_streamer/dig_streamer.gen/sources_1/bd/design_1/ipshared/2f03/hdl/axi_bram_ctrl_v4_1_rfs.vhd:25753]
INFO: [Synth 8-638] synthesizing module 'SRL_FIFO' [/home/kokunev/data/git_root/dig/dig_board_streamer/dig_streamer/dig_streamer.gen/sources_1/bd/design_1/ipshared/2f03/hdl/axi_bram_ctrl_v4_1_rfs.vhd:91]
INFO: [Synth 8-3491] module 'FDR' declared at '/opt/Xilinx_2/2025.2/Vivado/scripts/rt/data/unisim_comp.v:49383' bound to instance 'Data_Exists_DFF' of component 'FDR' [/home/kokunev/data/git_root/dig/dig_board_streamer/dig_streamer/dig_streamer.gen/sources_1/bd/design_1/ipshared/2f03/hdl/axi_bram_ctrl_v4_1_rfs.vhd:188]
INFO: [Synth 8-6157] synthesizing module 'FDR' [/opt/Xilinx_2/2025.2/Vivado/scripts/rt/data/unisim_comp.v:49383]
INFO: [Synth 8-6155] done synthesizing module 'FDR' (0#1) [/opt/Xilinx_2/2025.2/Vivado/scripts/rt/data/unisim_comp.v:49383]
INFO: [Synth 8-3491] module 'MUXCY_L' declared at '/opt/Xilinx_2/2025.2/Vivado/scripts/rt/data/unisim_comp.v:104872' bound to instance 'MUXCY_L_I' of component 'MUXCY_L' [/home/kokunev/data/git_root/dig/dig_board_streamer/dig_streamer/dig_streamer.gen/sources_1/bd/design_1/ipshared/2f03/hdl/axi_bram_ctrl_v4_1_rfs.vhd:205]
INFO: [Synth 8-6157] synthesizing module 'MUXCY_L' [/opt/Xilinx_2/2025.2/Vivado/scripts/rt/data/unisim_comp.v:104872]
INFO: [Synth 8-6155] done synthesizing module 'MUXCY_L' (0#1) [/opt/Xilinx_2/2025.2/Vivado/scripts/rt/data/unisim_comp.v:104872]
INFO: [Synth 8-3491] module 'XORCY' declared at '/opt/Xilinx_2/2025.2/Vivado/scripts/rt/data/unisim_comp.v:171315' bound to instance 'XORCY_I' of component 'XORCY' [/home/kokunev/data/git_root/dig/dig_board_streamer/dig_streamer/dig_streamer.gen/sources_1/bd/design_1/ipshared/2f03/hdl/axi_bram_ctrl_v4_1_rfs.vhd:212]
INFO: [Synth 8-6157] synthesizing module 'XORCY' [/opt/Xilinx_2/2025.2/Vivado/scripts/rt/data/unisim_comp.v:171315]
INFO: [Synth 8-6155] done synthesizing module 'XORCY' (0#1) [/opt/Xilinx_2/2025.2/Vivado/scripts/rt/data/unisim_comp.v:171315]
INFO: [Synth 8-3491] module 'FDRE' declared at '/opt/Xilinx_2/2025.2/Vivado/scripts/rt/data/unisim_comp.v:49396' bound to instance 'FDRE_I' of component 'FDRE' [/home/kokunev/data/git_root/dig/dig_board_streamer/dig_streamer/dig_streamer.gen/sources_1/bd/design_1/ipshared/2f03/hdl/axi_bram_ctrl_v4_1_rfs.vhd:218]
INFO: [Synth 8-6157] synthesizing module 'FDRE' [/opt/Xilinx_2/2025.2/Vivado/scripts/rt/data/unisim_comp.v:49396]
INFO: [Synth 8-6155] done synthesizing module 'FDRE' (0#1) [/opt/Xilinx_2/2025.2/Vivado/scripts/rt/data/unisim_comp.v:49396]
INFO: [Synth 8-3491] module 'MUXCY_L' declared at '/opt/Xilinx_2/2025.2/Vivado/scripts/rt/data/unisim_comp.v:104872' bound to instance 'MUXCY_L_I' of component 'MUXCY_L' [/home/kokunev/data/git_root/dig/dig_board_streamer/dig_streamer/dig_streamer.gen/sources_1/bd/design_1/ipshared/2f03/hdl/axi_bram_ctrl_v4_1_rfs.vhd:205]
INFO: [Synth 8-3491] module 'XORCY' declared at '/opt/Xilinx_2/2025.2/Vivado/scripts/rt/data/unisim_comp.v:171315' bound to instance 'XORCY_I' of component 'XORCY' [/home/kokunev/data/git_root/dig/dig_board_streamer/dig_streamer/dig_streamer.gen/sources_1/bd/design_1/ipshared/2f03/hdl/axi_bram_ctrl_v4_1_rfs.vhd:212]
INFO: [Synth 8-3491] module 'FDRE' declared at '/opt/Xilinx_2/2025.2/Vivado/scripts/rt/data/unisim_comp.v:49396' bound to instance 'FDRE_I' of component 'FDRE' [/home/kokunev/data/git_root/dig/dig_board_streamer/dig_streamer/dig_streamer.gen/sources_1/bd/design_1/ipshared/2f03/hdl/axi_bram_ctrl_v4_1_rfs.vhd:218]
INFO: [Synth 8-3491] module 'MUXCY_L' declared at '/opt/Xilinx_2/2025.2/Vivado/scripts/rt/data/unisim_comp.v:104872' bound to instance 'MUXCY_L_I' of component 'MUXCY_L' [/home/kokunev/data/git_root/dig/dig_board_streamer/dig_streamer/dig_streamer.gen/sources_1/bd/design_1/ipshared/2f03/hdl/axi_bram_ctrl_v4_1_rfs.vhd:205]
INFO: [Synth 8-3491] module 'XORCY' declared at '/opt/Xilinx_2/2025.2/Vivado/scripts/rt/data/unisim_comp.v:171315' bound to instance 'XORCY_I' of component 'XORCY' [/home/kokunev/data/git_root/dig/dig_board_streamer/dig_streamer/dig_streamer.gen/sources_1/bd/design_1/ipshared/2f03/hdl/axi_bram_ctrl_v4_1_rfs.vhd:212]
INFO: [Synth 8-3491] module 'FDRE' declared at '/opt/Xilinx_2/2025.2/Vivado/scripts/rt/data/unisim_comp.v:49396' bound to instance 'FDRE_I' of component 'FDRE' [/home/kokunev/data/git_root/dig/dig_board_streamer/dig_streamer/dig_streamer.gen/sources_1/bd/design_1/ipshared/2f03/hdl/axi_bram_ctrl_v4_1_rfs.vhd:218]
INFO: [Synth 8-3491] module 'MUXCY_L' declared at '/opt/Xilinx_2/2025.2/Vivado/scripts/rt/data/unisim_comp.v:104872' bound to instance 'MUXCY_L_I' of component 'MUXCY_L' [/home/kokunev/data/git_root/dig/dig_board_streamer/dig_streamer/dig_streamer.gen/sources_1/bd/design_1/ipshared/2f03/hdl/axi_bram_ctrl_v4_1_rfs.vhd:205]
INFO: [Synth 8-3491] module 'XORCY' declared at '/opt/Xilinx_2/2025.2/Vivado/scripts/rt/data/unisim_comp.v:171315' bound to instance 'XORCY_I' of component 'XORCY' [/home/kokunev/data/git_root/dig/dig_board_streamer/dig_streamer/dig_streamer.gen/sources_1/bd/design_1/ipshared/2f03/hdl/axi_bram_ctrl_v4_1_rfs.vhd:212]
INFO: [Synth 8-3491] module 'FDRE' declared at '/opt/Xilinx_2/2025.2/Vivado/scripts/rt/data/unisim_comp.v:49396' bound to instance 'FDRE_I' of component 'FDRE' [/home/kokunev/data/git_root/dig/dig_board_streamer/dig_streamer/dig_streamer.gen/sources_1/bd/design_1/ipshared/2f03/hdl/axi_bram_ctrl_v4_1_rfs.vhd:218]
INFO: [Synth 8-3491] module 'SRL16E' declared at '/opt/Xilinx_2/2025.2/Vivado/scripts/rt/data/unisim_comp.v:165334' bound to instance 'SRL16E_I' of component 'SRL16E' [/home/kokunev/data/git_root/dig/dig_board_streamer/dig_streamer/dig_streamer.gen/sources_1/bd/design_1/ipshared/2f03/hdl/axi_bram_ctrl_v4_1_rfs.vhd:229]
INFO: [Synth 8-6157] synthesizing module 'SRL16E' [/opt/Xilinx_2/2025.2/Vivado/scripts/rt/data/unisim_comp.v:165334]
INFO: [Synth 8-6155] done synthesizing module 'SRL16E' (0#1) [/opt/Xilinx_2/2025.2/Vivado/scripts/rt/data/unisim_comp.v:165334]
INFO: [Synth 8-256] done synthesizing module 'SRL_FIFO' (0#1) [/home/kokunev/data/git_root/dig/dig_board_streamer/dig_streamer/dig_streamer.gen/sources_1/bd/design_1/ipshared/2f03/hdl/axi_bram_ctrl_v4_1_rfs.vhd:91]
INFO: [Synth 8-256] done synthesizing module 'wr_chnl' (0#1) [/home/kokunev/data/git_root/dig/dig_board_streamer/dig_streamer/dig_streamer.gen/sources_1/bd/design_1/ipshared/2f03/hdl/axi_bram_ctrl_v4_1_rfs.vhd:24080]
WARNING: [Synth 8-6778] Component port with null array found, Will be ignored [/home/kokunev/data/git_root/dig/dig_board_streamer/dig_streamer/dig_streamer.gen/sources_1/bd/design_1/ipshared/2f03/hdl/axi_bram_ctrl_v4_1_rfs.vhd:29936]
INFO: [Synth 8-638] synthesizing module 'rd_chnl' [/home/kokunev/data/git_root/dig/dig_board_streamer/dig_streamer/dig_streamer.gen/sources_1/bd/design_1/ipshared/2f03/hdl/axi_bram_ctrl_v4_1_rfs.vhd:14672]
WARNING: [Synth 8-11358] null range expression ignored [/home/kokunev/data/git_root/dig/dig_board_streamer/dig_streamer/dig_streamer.gen/sources_1/bd/design_1/ipshared/2f03/hdl/axi_bram_ctrl_v4_1_rfs.vhd:15625]
INFO: [Synth 8-3919] null assignment ignored [/home/kokunev/data/git_root/dig/dig_board_streamer/dig_streamer/dig_streamer.gen/sources_1/bd/design_1/ipshared/2f03/hdl/axi_bram_ctrl_v4_1_rfs.vhd:15624]
INFO: [Synth 8-256] done synthesizing module 'rd_chnl' (0#1) [/home/kokunev/data/git_root/dig/dig_board_streamer/dig_streamer/dig_streamer.gen/sources_1/bd/design_1/ipshared/2f03/hdl/axi_bram_ctrl_v4_1_rfs.vhd:14672]
INFO: [Synth 8-256] done synthesizing module 'full_axi' (0#1) [/home/kokunev/data/git_root/dig/dig_board_streamer/dig_streamer/dig_streamer.gen/sources_1/bd/design_1/ipshared/2f03/hdl/axi_bram_ctrl_v4_1_rfs.vhd:29196]
INFO: [Synth 8-256] done synthesizing module 'axi_bram_ctrl_top' (0#1) [/home/kokunev/data/git_root/dig/dig_board_streamer/dig_streamer/dig_streamer.gen/sources_1/bd/design_1/ipshared/2f03/hdl/axi_bram_ctrl_v4_1_rfs.vhd:30438]
INFO: [Synth 8-256] done synthesizing module 'axi_bram_ctrl' (0#1) [/home/kokunev/data/git_root/dig/dig_board_streamer/dig_streamer/dig_streamer.gen/sources_1/bd/design_1/ipshared/2f03/hdl/axi_bram_ctrl_v4_1_rfs.vhd:31434]
INFO: [Synth 8-256] done synthesizing module 'design_1_axi_bram_ctrl_1_0' (0#1) [/home/kokunev/data/git_root/dig/dig_board_streamer/dig_streamer/dig_streamer.gen/sources_1/bd/design_1/ip/design_1_axi_bram_ctrl_1_0/synth/design_1_axi_bram_ctrl_1_0.vhd:111]
INFO: [Synth 8-638] synthesizing module 'design_1_axi_bram_ctrl_1_bram_0' [/home/kokunev/data/git_root/dig/dig_board_streamer/dig_streamer/dig_streamer.gen/sources_1/bd/design_1/ip/design_1_axi_bram_ctrl_1_bram_0/synth/design_1_axi_bram_ctrl_1_bram_0.vhd:72]
	Parameter C_FAMILY bound to: artix7 - type: string 
	Parameter C_XDEVICEFAMILY bound to: artix7 - type: string 
	Parameter C_ELABORATION_DIR bound to: ./ - type: string 
	Parameter C_INTERFACE_TYPE bound to: 0 - type: integer 
	Parameter C_AXI_TYPE bound to: 1 - type: integer 
	Parameter C_AXI_SLAVE_TYPE bound to: 0 - type: integer 
	Parameter C_USE_BRAM_BLOCK bound to: 1 - type: integer 
	Parameter C_ENABLE_32BIT_ADDRESS bound to: 1 - type: integer 
	Parameter C_CTRL_ECC_ALGO bound to: NONE - type: string 
	Parameter C_HAS_AXI_ID bound to: 0 - type: integer 
	Parameter C_AXI_ID_WIDTH bound to: 4 - type: integer 
	Parameter C_MEM_TYPE bound to: 0 - type: integer 
	Parameter C_BYTE_SIZE bound to: 8 - type: integer 
	Parameter C_ALGORITHM bound to: 1 - type: integer 
	Parameter C_PRIM_TYPE bound to: 1 - type: integer 
	Parameter C_LOAD_INIT_FILE bound to: 0 - type: integer 
	Parameter C_INIT_FILE_NAME bound to: no_coe_file_loaded - type: string 
	Parameter C_INIT_FILE bound to: NONE - type: string 
	Parameter C_USE_DEFAULT_DATA bound to: 0 - type: integer 
	Parameter C_DEFAULT_DATA bound to: 0 - type: string 
	Parameter C_HAS_RSTA bound to: 1 - type: integer 
	Parameter C_RST_PRIORITY_A bound to: CE - type: string 
	Parameter C_RSTRAM_A bound to: 0 - type: integer 
	Parameter C_INITA_VAL bound to: 0 - type: string 
	Parameter C_HAS_ENA bound to: 1 - type: integer 
	Parameter C_HAS_REGCEA bound to: 0 - type: integer 
	Parameter C_USE_BYTE_WEA bound to: 1 - type: integer 
	Parameter C_WEA_WIDTH bound to: 4 - type: integer 
	Parameter C_WRITE_MODE_A bound to: WRITE_FIRST - type: string 
	Parameter C_WRITE_WIDTH_A bound to: 32 - type: integer 
	Parameter C_READ_WIDTH_A bound to: 32 - type: integer 
	Parameter C_WRITE_DEPTH_A bound to: 1024 - type: integer 
	Parameter C_READ_DEPTH_A bound to: 1024 - type: integer 
	Parameter C_ADDRA_WIDTH bound to: 32 - type: integer 
	Parameter C_HAS_RSTB bound to: 0 - type: integer 
	Parameter C_RST_PRIORITY_B bound to: CE - type: string 
	Parameter C_RSTRAM_B bound to: 0 - type: integer 
	Parameter C_INITB_VAL bound to: 0 - type: string 
	Parameter C_HAS_ENB bound to: 0 - type: integer 
	Parameter C_HAS_REGCEB bound to: 0 - type: integer 
	Parameter C_USE_BYTE_WEB bound to: 1 - type: integer 
	Parameter C_WEB_WIDTH bound to: 4 - type: integer 
	Parameter C_WRITE_MODE_B bound to: WRITE_FIRST - type: string 
	Parameter C_WRITE_WIDTH_B bound to: 32 - type: integer 
	Parameter C_READ_WIDTH_B bound to: 32 - type: integer 
	Parameter C_WRITE_DEPTH_B bound to: 1024 - type: integer 
	Parameter C_READ_DEPTH_B bound to: 1024 - type: integer 
	Parameter C_ADDRB_WIDTH bound to: 32 - type: integer 
	Parameter C_HAS_MEM_OUTPUT_REGS_A bound to: 0 - type: integer 
	Parameter C_HAS_MEM_OUTPUT_REGS_B bound to: 0 - type: integer 
	Parameter C_HAS_MUX_OUTPUT_REGS_A bound to: 0 - type: integer 
	Parameter C_HAS_MUX_OUTPUT_REGS_B bound to: 0 - type: integer 
	Parameter C_MUX_PIPELINE_STAGES bound to: 0 - type: integer 
	Parameter C_HAS_SOFTECC_INPUT_REGS_A bound to: 0 - type: integer 
	Parameter C_HAS_SOFTECC_OUTPUT_REGS_B bound to: 0 - type: integer 
	Parameter C_USE_SOFTECC bound to: 0 - type: integer 
	Parameter C_USE_ECC bound to: 0 - type: integer 
	Parameter C_EN_ECC_PIPE bound to: 0 - type: integer 
	Parameter C_READ_LATENCY_A bound to: 1 - type: integer 
	Parameter C_READ_LATENCY_B bound to: 1 - type: integer 
	Parameter C_HAS_INJECTERR bound to: 0 - type: integer 
	Parameter C_SIM_COLLISION_CHECK bound to: ALL - type: string 
	Parameter C_COMMON_CLK bound to: 0 - type: integer 
	Parameter C_DISABLE_WARN_BHV_COLL bound to: 0 - type: integer 
	Parameter C_EN_SLEEP_PIN bound to: 0 - type: integer 
	Parameter C_USE_URAM bound to: 0 - type: integer 
	Parameter C_EN_RDADDRA_CHG bound to: 0 - type: integer 
	Parameter C_EN_RDADDRB_CHG bound to: 0 - type: integer 
	Parameter C_EN_DEEPSLEEP_PIN bound to: 0 - type: integer 
	Parameter C_EN_SHUTDOWN_PIN bound to: 0 - type: integer 
	Parameter C_EN_SAFETY_CKT bound to: 1 - type: integer 
	Parameter C_DISABLE_WARN_BHV_RANGE bound to: 0 - type: integer 
	Parameter C_COUNT_36K_BRAM bound to: 1 - type: string 
	Parameter C_COUNT_18K_BRAM bound to: 0 - type: string 
	Parameter C_EST_POWER_SUMMARY bound to: Estimated Power for IP     :     2.96495 mW - type: string 
INFO: [Synth 8-3491] module 'blk_mem_gen_v8_4_12' declared at '/home/kokunev/data/git_root/dig/dig_board_streamer/dig_streamer/dig_streamer.gen/sources_1/bd/design_1/ipshared/42f3/hdl/blk_mem_gen_v8_4_vhsyn_rfs.vhd:195209' bound to instance 'U0' of component 'blk_mem_gen_v8_4_12' [/home/kokunev/data/git_root/dig/dig_board_streamer/dig_streamer/dig_streamer.gen/sources_1/bd/design_1/ip/design_1_axi_bram_ctrl_1_bram_0/synth/design_1_axi_bram_ctrl_1_bram_0.vhd:241]
INFO: [Synth 8-256] done synthesizing module 'design_1_axi_bram_ctrl_1_bram_0' (0#1) [/home/kokunev/data/git_root/dig/dig_board_streamer/dig_streamer/dig_streamer.gen/sources_1/bd/design_1/ip/design_1_axi_bram_ctrl_1_bram_0/synth/design_1_axi_bram_ctrl_1_bram_0.vhd:72]
WARNING: [Synth 8-7071] port 'rsta_busy' of module 'design_1_axi_bram_ctrl_1_bram_0' is unconnected for instance 'axi_bram_ctrl_1_bram' [/home/kokunev/data/git_root/dig/dig_board_streamer/dig_streamer/dig_streamer.gen/sources_1/bd/design_1/synth/design_1.v:178]
WARNING: [Synth 8-7023] instance 'axi_bram_ctrl_1_bram' of module 'design_1_axi_bram_ctrl_1_bram_0' has 8 connections declared, but only 7 given [/home/kokunev/data/git_root/dig/dig_board_streamer/dig_streamer/dig_streamer.gen/sources_1/bd/design_1/synth/design_1.v:178]
INFO: [Synth 8-6157] synthesizing module 'design_1_axi_interconnect_0_0' [/home/kokunev/data/git_root/dig/dig_board_streamer/dig_streamer/dig_streamer.gen/sources_1/bd/design_1/synth/design_1.v:342]
INFO: [Synth 8-6157] synthesizing module 's00_couplers_imp_O7FAN0' [/home/kokunev/data/git_root/dig/dig_board_streamer/dig_streamer/dig_streamer.gen/sources_1/bd/design_1/synth/design_1.v:568]
INFO: [Synth 8-6157] synthesizing module 'design_1_axi_interconnect_0_imp_auto_pc_0' [/home/kokunev/data/git_root/dig/dig_board_streamer/dig_streamer/dig_streamer.gen/sources_1/bd/design_1/ip/design_1_axi_interconnect_0_imp_auto_pc_0/synth/design_1_axi_interconnect_0_imp_auto_pc_0.v:53]
INFO: [Synth 8-6157] synthesizing module 'axi_protocol_converter_v2_1_37_axi_protocol_converter' [/home/kokunev/data/git_root/dig/dig_board_streamer/dig_streamer/dig_streamer.gen/sources_1/bd/design_1/ipshared/d98a/hdl/axi_protocol_converter_v2_1_vl_rfs.v:5285]
INFO: [Synth 8-6155] done synthesizing module 'axi_protocol_converter_v2_1_37_axi_protocol_converter' (0#1) [/home/kokunev/data/git_root/dig/dig_board_streamer/dig_streamer/dig_streamer.gen/sources_1/bd/design_1/ipshared/d98a/hdl/axi_protocol_converter_v2_1_vl_rfs.v:5285]
INFO: [Synth 8-6155] done synthesizing module 'design_1_axi_interconnect_0_imp_auto_pc_0' (0#1) [/home/kokunev/data/git_root/dig/dig_board_streamer/dig_streamer/dig_streamer.gen/sources_1/bd/design_1/ip/design_1_axi_interconnect_0_imp_auto_pc_0/synth/design_1_axi_interconnect_0_imp_auto_pc_0.v:53]
WARNING: [Synth 8-7071] port 'm_axi_awregion' of module 'design_1_axi_interconnect_0_imp_auto_pc_0' is unconnected for instance 'auto_pc' [/home/kokunev/data/git_root/dig/dig_board_streamer/dig_streamer/dig_streamer.gen/sources_1/bd/design_1/synth/design_1.v:731]
WARNING: [Synth 8-7071] port 'm_axi_awqos' of module 'design_1_axi_interconnect_0_imp_auto_pc_0' is unconnected for instance 'auto_pc' [/home/kokunev/data/git_root/dig/dig_board_streamer/dig_streamer/dig_streamer.gen/sources_1/bd/design_1/synth/design_1.v:731]
WARNING: [Synth 8-7071] port 'm_axi_arregion' of module 'design_1_axi_interconnect_0_imp_auto_pc_0' is unconnected for instance 'auto_pc' [/home/kokunev/data/git_root/dig/dig_board_streamer/dig_streamer/dig_streamer.gen/sources_1/bd/design_1/synth/design_1.v:731]
WARNING: [Synth 8-7071] port 'm_axi_arqos' of module 'design_1_axi_interconnect_0_imp_auto_pc_0' is unconnected for instance 'auto_pc' [/home/kokunev/data/git_root/dig/dig_board_streamer/dig_streamer/dig_streamer.gen/sources_1/bd/design_1/synth/design_1.v:731]
WARNING: [Synth 8-7023] instance 'auto_pc' of module 'design_1_axi_interconnect_0_imp_auto_pc_0' has 56 connections declared, but only 52 given [/home/kokunev/data/git_root/dig/dig_board_streamer/dig_streamer/dig_streamer.gen/sources_1/bd/design_1/synth/design_1.v:731]
INFO: [Synth 8-6155] done synthesizing module 's00_couplers_imp_O7FAN0' (0#1) [/home/kokunev/data/git_root/dig/dig_board_streamer/dig_streamer/dig_streamer.gen/sources_1/bd/design_1/synth/design_1.v:568]
INFO: [Synth 8-6155] done synthesizing module 'design_1_axi_interconnect_0_0' (0#1) [/home/kokunev/data/git_root/dig/dig_board_streamer/dig_streamer/dig_streamer.gen/sources_1/bd/design_1/synth/design_1.v:342]
INFO: [Synth 8-638] synthesizing module 'design_1_blk_mem_gen_1_0' [/home/kokunev/data/git_root/dig/dig_board_streamer/dig_streamer/dig_streamer.gen/sources_1/bd/design_1/ip/design_1_blk_mem_gen_1_0/synth/design_1_blk_mem_gen_1_0.vhd:80]
	Parameter C_FAMILY bound to: artix7 - type: string 
	Parameter C_XDEVICEFAMILY bound to: artix7 - type: string 
	Parameter C_ELABORATION_DIR bound to: ./ - type: string 
	Parameter C_INTERFACE_TYPE bound to: 0 - type: integer 
	Parameter C_AXI_TYPE bound to: 1 - type: integer 
	Parameter C_AXI_SLAVE_TYPE bound to: 0 - type: integer 
	Parameter C_USE_BRAM_BLOCK bound to: 1 - type: integer 
	Parameter C_ENABLE_32BIT_ADDRESS bound to: 1 - type: integer 
	Parameter C_CTRL_ECC_ALGO bound to: NONE - type: string 
	Parameter C_HAS_AXI_ID bound to: 0 - type: integer 
	Parameter C_AXI_ID_WIDTH bound to: 4 - type: integer 
	Parameter C_MEM_TYPE bound to: 2 - type: integer 
	Parameter C_BYTE_SIZE bound to: 8 - type: integer 
	Parameter C_ALGORITHM bound to: 1 - type: integer 
	Parameter C_PRIM_TYPE bound to: 1 - type: integer 
	Parameter C_LOAD_INIT_FILE bound to: 0 - type: integer 
	Parameter C_INIT_FILE_NAME bound to: no_coe_file_loaded - type: string 
	Parameter C_INIT_FILE bound to: NONE - type: string 
	Parameter C_USE_DEFAULT_DATA bound to: 0 - type: integer 
	Parameter C_DEFAULT_DATA bound to: 0 - type: string 
	Parameter C_HAS_RSTA bound to: 1 - type: integer 
	Parameter C_RST_PRIORITY_A bound to: CE - type: string 
	Parameter C_RSTRAM_A bound to: 0 - type: integer 
	Parameter C_INITA_VAL bound to: 0 - type: string 
	Parameter C_HAS_ENA bound to: 1 - type: integer 
	Parameter C_HAS_REGCEA bound to: 0 - type: integer 
	Parameter C_USE_BYTE_WEA bound to: 1 - type: integer 
	Parameter C_WEA_WIDTH bound to: 4 - type: integer 
	Parameter C_WRITE_MODE_A bound to: WRITE_FIRST - type: string 
	Parameter C_WRITE_WIDTH_A bound to: 32 - type: integer 
	Parameter C_READ_WIDTH_A bound to: 32 - type: integer 
	Parameter C_WRITE_DEPTH_A bound to: 1024 - type: integer 
	Parameter C_READ_DEPTH_A bound to: 1024 - type: integer 
	Parameter C_ADDRA_WIDTH bound to: 32 - type: integer 
	Parameter C_HAS_RSTB bound to: 1 - type: integer 
	Parameter C_RST_PRIORITY_B bound to: CE - type: string 
	Parameter C_RSTRAM_B bound to: 0 - type: integer 
	Parameter C_INITB_VAL bound to: 0 - type: string 
	Parameter C_HAS_ENB bound to: 1 - type: integer 
	Parameter C_HAS_REGCEB bound to: 0 - type: integer 
	Parameter C_USE_BYTE_WEB bound to: 1 - type: integer 
	Parameter C_WEB_WIDTH bound to: 4 - type: integer 
	Parameter C_WRITE_MODE_B bound to: WRITE_FIRST - type: string 
	Parameter C_WRITE_WIDTH_B bound to: 32 - type: integer 
	Parameter C_READ_WIDTH_B bound to: 32 - type: integer 
	Parameter C_WRITE_DEPTH_B bound to: 1024 - type: integer 
	Parameter C_READ_DEPTH_B bound to: 1024 - type: integer 
	Parameter C_ADDRB_WIDTH bound to: 32 - type: integer 
	Parameter C_HAS_MEM_OUTPUT_REGS_A bound to: 0 - type: integer 
	Parameter C_HAS_MEM_OUTPUT_REGS_B bound to: 0 - type: integer 
	Parameter C_HAS_MUX_OUTPUT_REGS_A bound to: 0 - type: integer 
	Parameter C_HAS_MUX_OUTPUT_REGS_B bound to: 0 - type: integer 
	Parameter C_MUX_PIPELINE_STAGES bound to: 0 - type: integer 
	Parameter C_HAS_SOFTECC_INPUT_REGS_A bound to: 0 - type: integer 
	Parameter C_HAS_SOFTECC_OUTPUT_REGS_B bound to: 0 - type: integer 
	Parameter C_USE_SOFTECC bound to: 0 - type: integer 
	Parameter C_USE_ECC bound to: 0 - type: integer 
	Parameter C_EN_ECC_PIPE bound to: 0 - type: integer 
	Parameter C_READ_LATENCY_A bound to: 1 - type: integer 
	Parameter C_READ_LATENCY_B bound to: 1 - type: integer 
	Parameter C_HAS_INJECTERR bound to: 0 - type: integer 
	Parameter C_SIM_COLLISION_CHECK bound to: ALL - type: string 
	Parameter C_COMMON_CLK bound to: 0 - type: integer 
	Parameter C_DISABLE_WARN_BHV_COLL bound to: 0 - type: integer 
	Parameter C_EN_SLEEP_PIN bound to: 0 - type: integer 
	Parameter C_USE_URAM bound to: 0 - type: integer 
	Parameter C_EN_RDADDRA_CHG bound to: 0 - type: integer 
	Parameter C_EN_RDADDRB_CHG bound to: 0 - type: integer 
	Parameter C_EN_DEEPSLEEP_PIN bound to: 0 - type: integer 
	Parameter C_EN_SHUTDOWN_PIN bound to: 0 - type: integer 
	Parameter C_EN_SAFETY_CKT bound to: 1 - type: integer 
	Parameter C_DISABLE_WARN_BHV_RANGE bound to: 0 - type: integer 
	Parameter C_COUNT_36K_BRAM bound to: 1 - type: string 
	Parameter C_COUNT_18K_BRAM bound to: 0 - type: string 
	Parameter C_EST_POWER_SUMMARY bound to: Estimated Power for IP     :     5.9299 mW - type: string 
INFO: [Synth 8-3491] module 'blk_mem_gen_v8_4_12' declared at '/home/kokunev/data/git_root/dig/dig_board_streamer/dig_streamer/dig_streamer.gen/sources_1/bd/design_1/ipshared/42f3/hdl/blk_mem_gen_v8_4_vhsyn_rfs.vhd:195209' bound to instance 'U0' of component 'blk_mem_gen_v8_4_12' [/home/kokunev/data/git_root/dig/dig_board_streamer/dig_streamer/dig_streamer.gen/sources_1/bd/design_1/ip/design_1_blk_mem_gen_1_0/synth/design_1_blk_mem_gen_1_0.vhd:258]
INFO: [Synth 8-256] done synthesizing module 'design_1_blk_mem_gen_1_0' (0#1) [/home/kokunev/data/git_root/dig/dig_board_streamer/dig_streamer/dig_streamer.gen/sources_1/bd/design_1/ip/design_1_blk_mem_gen_1_0/synth/design_1_blk_mem_gen_1_0.vhd:80]
WARNING: [Synth 8-7071] port 'rsta_busy' of module 'design_1_blk_mem_gen_1_0' is unconnected for instance 'blk_mem_gen_1' [/home/kokunev/data/git_root/dig/dig_board_streamer/dig_streamer/dig_streamer.gen/sources_1/bd/design_1/synth/design_1.v:243]
WARNING: [Synth 8-7071] port 'rstb_busy' of module 'design_1_blk_mem_gen_1_0' is unconnected for instance 'blk_mem_gen_1' [/home/kokunev/data/git_root/dig/dig_board_streamer/dig_streamer/dig_streamer.gen/sources_1/bd/design_1/synth/design_1.v:243]
WARNING: [Synth 8-7023] instance 'blk_mem_gen_1' of module 'design_1_blk_mem_gen_1_0' has 16 connections declared, but only 14 given [/home/kokunev/data/git_root/dig/dig_board_streamer/dig_streamer/dig_streamer.gen/sources_1/bd/design_1/synth/design_1.v:243]
INFO: [Synth 8-638] synthesizing module 'design_1_c_counter_binary_0_0' [/home/kokunev/data/git_root/dig/dig_board_streamer/dig_streamer/dig_streamer.gen/sources_1/bd/design_1/ip/design_1_c_counter_binary_0_0/synth/design_1_c_counter_binary_0_0.vhd:66]
	Parameter C_IMPLEMENTATION bound to: 0 - type: integer 
	Parameter C_VERBOSITY bound to: 0 - type: integer 
	Parameter C_XDEVICEFAMILY bound to: artix7 - type: string 
	Parameter C_WIDTH bound to: 26 - type: integer 
	Parameter C_HAS_CE bound to: 0 - type: integer 
	Parameter C_HAS_SCLR bound to: 0 - type: integer 
	Parameter C_RESTRICT_COUNT bound to: 0 - type: integer 
	Parameter C_COUNT_TO bound to: 1 - type: string 
	Parameter C_COUNT_BY bound to: 1 - type: string 
	Parameter C_COUNT_MODE bound to: 0 - type: integer 
	Parameter C_THRESH0_VALUE bound to: 1 - type: string 
	Parameter C_CE_OVERRIDES_SYNC bound to: 0 - type: integer 
	Parameter C_HAS_THRESH0 bound to: 0 - type: integer 
	Parameter C_HAS_LOAD bound to: 0 - type: integer 
	Parameter C_LOAD_LOW bound to: 0 - type: integer 
	Parameter C_LATENCY bound to: 1 - type: integer 
	Parameter C_FB_LATENCY bound to: 0 - type: integer 
	Parameter C_AINIT_VAL bound to: 0 - type: string 
	Parameter C_SINIT_VAL bound to: 0 - type: string 
	Parameter C_SCLR_OVERRIDES_SSET bound to: 1 - type: integer 
	Parameter C_HAS_SSET bound to: 0 - type: integer 
	Parameter C_HAS_SINIT bound to: 0 - type: integer 
INFO: [Synth 8-3491] module 'c_counter_binary_v12_0_22' declared at '/home/kokunev/data/git_root/dig/dig_board_streamer/dig_streamer/dig_streamer.gen/sources_1/bd/design_1/ipshared/782b/hdl/c_counter_binary_v12_0_vh_rfs.vhd:4289' bound to instance 'U0' of component 'c_counter_binary_v12_0_22' [/home/kokunev/data/git_root/dig/dig_board_streamer/dig_streamer/dig_streamer.gen/sources_1/bd/design_1/ip/design_1_c_counter_binary_0_0/synth/design_1_c_counter_binary_0_0.vhd:125]
INFO: [Synth 8-256] done synthesizing module 'design_1_c_counter_binary_0_0' (0#1) [/home/kokunev/data/git_root/dig/dig_board_streamer/dig_streamer/dig_streamer.gen/sources_1/bd/design_1/ip/design_1_c_counter_binary_0_0/synth/design_1_c_counter_binary_0_0.vhd:66]
INFO: [Synth 8-6157] synthesizing module 'design_1_samples_generator_0_0' [/home/kokunev/data/git_root/dig/dig_board_streamer/dig_streamer/dig_streamer.gen/sources_1/bd/design_1/ip/design_1_samples_generator_0_0/synth/design_1_samples_generator_0_0.v:53]
INFO: [Synth 8-6157] synthesizing module 'samples_generator' [/home/kokunev/data/git_root/dig/dig_board_streamer/dig_streamer/dig_streamer.srcs/sources_1/imports/new/samples_generator.v:13]
	Parameter BRAM_ADDR_WIDTH bound to: 32 - type: integer 
	Parameter SAMPLE_BASE_BYTE bound to: 16 - type: integer 
	Parameter MAX_SAMPLES bound to: 2040 - type: integer 
INFO: [Synth 8-6155] done synthesizing module 'samples_generator' (0#1) [/home/kokunev/data/git_root/dig/dig_board_streamer/dig_streamer/dig_streamer.srcs/sources_1/imports/new/samples_generator.v:13]
INFO: [Synth 8-6155] done synthesizing module 'design_1_samples_generator_0_0' (0#1) [/home/kokunev/data/git_root/dig/dig_board_streamer/dig_streamer/dig_streamer.gen/sources_1/bd/design_1/ip/design_1_samples_generator_0_0/synth/design_1_samples_generator_0_0.v:53]
INFO: [Synth 8-6157] synthesizing module 'design_1_self_pcie_reset_0_0' [/home/kokunev/data/git_root/dig/dig_board_streamer/dig_streamer/dig_streamer.gen/sources_1/bd/design_1/ip/design_1_self_pcie_reset_0_0/synth/design_1_self_pcie_reset_0_0.v:53]
INFO: [Synth 8-6157] synthesizing module 'self_pcie_reset' [/home/kokunev/data/git_root/dig/dig_board_streamer/dig_streamer/dig_streamer.srcs/sources_1/imports/new/self_pcie_reset.v:23]
	Parameter RESET_CNT_W bound to: 19 - type: integer 
INFO: [Synth 8-226] default block is never used [/home/kokunev/data/git_root/dig/dig_board_streamer/dig_streamer/dig_streamer.srcs/sources_1/imports/new/self_pcie_reset.v:51]
INFO: [Synth 8-6155] done synthesizing module 'self_pcie_reset' (0#1) [/home/kokunev/data/git_root/dig/dig_board_streamer/dig_streamer/dig_streamer.srcs/sources_1/imports/new/self_pcie_reset.v:23]
INFO: [Synth 8-6155] done synthesizing module 'design_1_self_pcie_reset_0_0' (0#1) [/home/kokunev/data/git_root/dig/dig_board_streamer/dig_streamer/dig_streamer.gen/sources_1/bd/design_1/ip/design_1_self_pcie_reset_0_0/synth/design_1_self_pcie_reset_0_0.v:53]
INFO: [Synth 8-638] synthesizing module 'design_1_util_ds_buf_0' [/home/kokunev/data/git_root/dig/dig_board_streamer/dig_streamer/dig_streamer.gen/sources_1/bd/design_1/ip/design_1_util_ds_buf_0/synth/design_1_util_ds_buf_0.vhd:65]
	Parameter C_SIZE bound to: 1 - type: integer 
	Parameter C_BUF_TYPE bound to: ibufdsgte2 - type: string 
	Parameter C_BUFGCE_DIV bound to: 1 - type: integer 
	Parameter C_BUFG_GT_SYNC bound to: 0 - type: integer 
	Parameter C_OBUFDS_GTE5_ADV bound to: 2'b00 
	Parameter C_REFCLK_ICNTL_TX bound to: 5'b00000 
	Parameter C_SIM_DEVICE bound to: VERSAL_AI_CORE_ES1 - type: string 
	Parameter C_DIVBY2 bound to: 1 - type: integer 
INFO: [Synth 8-3491] module 'util_ds_buf' declared at '/home/kokunev/data/git_root/dig/dig_board_streamer/dig_streamer/dig_streamer.gen/sources_1/bd/design_1/ip/design_1_util_ds_buf_0/util_ds_buf.vhd:73' bound to instance 'U0' of component 'util_ds_buf' [/home/kokunev/data/git_root/dig/dig_board_streamer/dig_streamer/dig_streamer.gen/sources_1/bd/design_1/ip/design_1_util_ds_buf_0/synth/design_1_util_ds_buf_0.vhd:250]
INFO: [Synth 8-638] synthesizing module 'util_ds_buf' [/home/kokunev/data/git_root/dig/dig_board_streamer/dig_streamer/dig_streamer.gen/sources_1/bd/design_1/ip/design_1_util_ds_buf_0/util_ds_buf.vhd:303]
INFO: [Synth 8-113] binding component instance 'IBUF_P_I' to cell 'IBUF' [/home/kokunev/data/git_root/dig/dig_board_streamer/dig_streamer/dig_streamer.gen/sources_1/bd/design_1/ip/design_1_util_ds_buf_0/util_ds_buf.vhd:371]
INFO: [Synth 8-113] binding component instance 'IBUF_N_I' to cell 'IBUF' [/home/kokunev/data/git_root/dig/dig_board_streamer/dig_streamer/dig_streamer.gen/sources_1/bd/design_1/ip/design_1_util_ds_buf_0/util_ds_buf.vhd:373]
INFO: [Synth 8-113] binding component instance 'IBUFDS_GTE2_I' to cell 'IBUFDS_GTE2' [/home/kokunev/data/git_root/dig/dig_board_streamer/dig_streamer/dig_streamer.gen/sources_1/bd/design_1/ip/design_1_util_ds_buf_0/util_ds_buf.vhd:375]
INFO: [Synth 8-256] done synthesizing module 'util_ds_buf' (0#1) [/home/kokunev/data/git_root/dig/dig_board_streamer/dig_streamer/dig_streamer.gen/sources_1/bd/design_1/ip/design_1_util_ds_buf_0/util_ds_buf.vhd:303]
INFO: [Synth 8-256] done synthesizing module 'design_1_util_ds_buf_0' (0#1) [/home/kokunev/data/git_root/dig/dig_board_streamer/dig_streamer/dig_streamer.gen/sources_1/bd/design_1/ip/design_1_util_ds_buf_0/synth/design_1_util_ds_buf_0.vhd:65]
WARNING: [Synth 8-7071] port 'IBUF_DS_ODIV2' of module 'design_1_util_ds_buf_0' is unconnected for instance 'util_ds_buf' [/home/kokunev/data/git_root/dig/dig_board_streamer/dig_streamer/dig_streamer.gen/sources_1/bd/design_1/synth/design_1.v:280]
WARNING: [Synth 8-7023] instance 'util_ds_buf' of module 'design_1_util_ds_buf_0' has 4 connections declared, but only 3 given [/home/kokunev/data/git_root/dig/dig_board_streamer/dig_streamer/dig_streamer.gen/sources_1/bd/design_1/synth/design_1.v:280]
INFO: [Synth 8-638] synthesizing module 'design_1_util_ds_buf_0_0' [/home/kokunev/data/git_root/dig/dig_board_streamer/dig_streamer/dig_streamer.gen/sources_1/bd/design_1/ip/design_1_util_ds_buf_0_0/synth/design_1_util_ds_buf_0_0.vhd:63]
	Parameter C_SIZE bound to: 1 - type: integer 
	Parameter C_BUF_TYPE bound to: BUFG - type: string 
	Parameter C_BUFGCE_DIV bound to: 1 - type: integer 
	Parameter C_BUFG_GT_SYNC bound to: 0 - type: integer 
	Parameter C_OBUFDS_GTE5_ADV bound to: 2'b00 
	Parameter C_REFCLK_ICNTL_TX bound to: 5'b00000 
	Parameter C_SIM_DEVICE bound to: VERSAL_AI_CORE_ES1 - type: string 
	Parameter C_DIVBY2 bound to: 0 - type: integer 
INFO: [Synth 8-3491] module 'util_ds_buf' declared at '/home/kokunev/data/git_root/dig/dig_board_streamer/dig_streamer/dig_streamer.gen/sources_1/bd/design_1/ip/design_1_util_ds_buf_0/util_ds_buf.vhd:73' bound to instance 'U0' of component 'util_ds_buf' [/home/kokunev/data/git_root/dig/dig_board_streamer/dig_streamer/dig_streamer.gen/sources_1/bd/design_1/ip/design_1_util_ds_buf_0_0/synth/design_1_util_ds_buf_0_0.vhd:244]
INFO: [Synth 8-638] synthesizing module 'util_ds_buf__parameterized1' [/home/kokunev/data/git_root/dig/dig_board_streamer/dig_streamer/dig_streamer.gen/sources_1/bd/design_1/ip/design_1_util_ds_buf_0/util_ds_buf.vhd:303]
INFO: [Synth 8-113] binding component instance 'BUFG_U' to cell 'BUFG' [/home/kokunev/data/git_root/dig/dig_board_streamer/dig_streamer/dig_streamer.gen/sources_1/bd/design_1/ip/design_1_util_ds_buf_0/util_ds_buf.vhd:918]
INFO: [Synth 8-256] done synthesizing module 'util_ds_buf__parameterized1' (0#1) [/home/kokunev/data/git_root/dig/dig_board_streamer/dig_streamer/dig_streamer.gen/sources_1/bd/design_1/ip/design_1_util_ds_buf_0/util_ds_buf.vhd:303]
INFO: [Synth 8-256] done synthesizing module 'design_1_util_ds_buf_0_0' (0#1) [/home/kokunev/data/git_root/dig/dig_board_streamer/dig_streamer/dig_streamer.gen/sources_1/bd/design_1/ip/design_1_util_ds_buf_0_0/synth/design_1_util_ds_buf_0_0.vhd:63]
INFO: [Synth 8-6157] synthesizing module 'design_1_xdma_0_0' [/home/kokunev/data/git_root/dig/dig_board_streamer/dig_streamer/dig_streamer.gen/sources_1/bd/design_1/ip/design_1_xdma_0_0/synth/design_1_xdma_0_0.sv:53]
INFO: [Synth 8-6157] synthesizing module 'design_1_xdma_0_0_core_top' [/home/kokunev/data/git_root/dig/dig_board_streamer/dig_streamer/dig_streamer.gen/sources_1/bd/design_1/ip/design_1_xdma_0_0/xdma_v4_2/hdl/verilog/design_1_xdma_0_0_core_top.sv:60]
INFO: [Synth 8-6157] synthesizing module 'dma_pcie_axis_rq_if' [/home/kokunev/data/git_root/dig/dig_board_streamer/dig_streamer/dig_streamer.gen/sources_1/bd/design_1/ipshared/d6c9/hdl/verilog/dma_pcie_axis_rq_if.svh:3]
	Parameter DATA_WIDTH bound to: 128 - type: integer 
	Parameter USER_WIDTH bound to: 60 - type: integer 
INFO: [Synth 8-6155] done synthesizing module 'dma_pcie_axis_rq_if' (0#1) [/home/kokunev/data/git_root/dig/dig_board_streamer/dig_streamer/dig_streamer.gen/sources_1/bd/design_1/ipshared/d6c9/hdl/verilog/dma_pcie_axis_rq_if.svh:3]
INFO: [Synth 8-6157] synthesizing module 'dma_pcie_axis_cc_if' [/home/kokunev/data/git_root/dig/dig_board_streamer/dig_streamer/dig_streamer.gen/sources_1/bd/design_1/ipshared/d6c9/hdl/verilog/dma_pcie_axis_cc_if.svh:3]
	Parameter DATA_WIDTH bound to: 128 - type: integer 
	Parameter USER_WIDTH bound to: 33 - type: integer 
INFO: [Synth 8-6155] done synthesizing module 'dma_pcie_axis_cc_if' (0#1) [/home/kokunev/data/git_root/dig/dig_board_streamer/dig_streamer/dig_streamer.gen/sources_1/bd/design_1/ipshared/d6c9/hdl/verilog/dma_pcie_axis_cc_if.svh:3]
INFO: [Synth 8-6157] synthesizing module 'dma_pcie_axis_rc_if' [/home/kokunev/data/git_root/dig/dig_board_streamer/dig_streamer/dig_streamer.gen/sources_1/bd/design_1/ipshared/d6c9/hdl/verilog/dma_pcie_axis_rc_if.svh:3]
	Parameter DATA_WIDTH bound to: 128 - type: integer 
	Parameter USER_WIDTH bound to: 75 - type: integer 
INFO: [Synth 8-6155] done synthesizing module 'dma_pcie_axis_rc_if' (0#1) [/home/kokunev/data/git_root/dig/dig_board_streamer/dig_streamer/dig_streamer.gen/sources_1/bd/design_1/ipshared/d6c9/hdl/verilog/dma_pcie_axis_rc_if.svh:3]
INFO: [Synth 8-6157] synthesizing module 'dma_pcie_axis_cq_if' [/home/kokunev/data/git_root/dig/dig_board_streamer/dig_streamer/dig_streamer.gen/sources_1/bd/design_1/ipshared/d6c9/hdl/verilog/dma_pcie_axis_cq_if.svh:3]
	Parameter DATA_WIDTH bound to: 128 - type: integer 
	Parameter USER_WIDTH bound to: 85 - type: integer 
INFO: [Synth 8-6155] done synthesizing module 'dma_pcie_axis_cq_if' (0#1) [/home/kokunev/data/git_root/dig/dig_board_streamer/dig_streamer/dig_streamer.gen/sources_1/bd/design_1/ipshared/d6c9/hdl/verilog/dma_pcie_axis_cq_if.svh:3]
INFO: [Synth 8-6157] synthesizing module 'dma_pcie_misc_output_if' [/home/kokunev/data/git_root/dig/dig_board_streamer/dig_streamer/dig_streamer.gen/sources_1/bd/design_1/ipshared/d6c9/hdl/verilog/dma_pcie_misc_output_if.svh:4]
INFO: [Synth 8-6155] done synthesizing module 'dma_pcie_misc_output_if' (0#1) [/home/kokunev/data/git_root/dig/dig_board_streamer/dig_streamer/dig_streamer.gen/sources_1/bd/design_1/ipshared/d6c9/hdl/verilog/dma_pcie_misc_output_if.svh:4]
INFO: [Synth 8-6157] synthesizing module 'dma_pcie_misc_input_if' [/home/kokunev/data/git_root/dig/dig_board_streamer/dig_streamer/dig_streamer.gen/sources_1/bd/design_1/ipshared/d6c9/hdl/verilog/dma_pcie_misc_input_if.svh:4]
INFO: [Synth 8-6155] done synthesizing module 'dma_pcie_misc_input_if' (0#1) [/home/kokunev/data/git_root/dig/dig_board_streamer/dig_streamer/dig_streamer.gen/sources_1/bd/design_1/ipshared/d6c9/hdl/verilog/dma_pcie_misc_input_if.svh:4]
INFO: [Synth 8-6157] synthesizing module 'dma_pcie_gic_if' [/home/kokunev/data/git_root/dig/dig_board_streamer/dig_streamer/dig_streamer.gen/sources_1/bd/design_1/ipshared/d6c9/hdl/verilog/dma_pcie_gic_if.svh:3]
INFO: [Synth 8-6155] done synthesizing module 'dma_pcie_gic_if' (0#1) [/home/kokunev/data/git_root/dig/dig_board_streamer/dig_streamer/dig_streamer.gen/sources_1/bd/design_1/ipshared/d6c9/hdl/verilog/dma_pcie_gic_if.svh:3]
INFO: [Synth 8-6157] synthesizing module 'dma_pcie_fabric_output_if' [/home/kokunev/data/git_root/dig/dig_board_streamer/dig_streamer/dig_streamer.gen/sources_1/bd/design_1/ipshared/d6c9/hdl/verilog/dma_pcie_fabric_output_if.svh:3]
INFO: [Synth 8-6155] done synthesizing module 'dma_pcie_fabric_output_if' (0#1) [/home/kokunev/data/git_root/dig/dig_board_streamer/dig_streamer/dig_streamer.gen/sources_1/bd/design_1/ipshared/d6c9/hdl/verilog/dma_pcie_fabric_output_if.svh:3]
INFO: [Synth 8-6157] synthesizing module 'dma_pcie_fabric_input_if' [/home/kokunev/data/git_root/dig/dig_board_streamer/dig_streamer/dig_streamer.gen/sources_1/bd/design_1/ipshared/d6c9/hdl/verilog/dma_pcie_fabric_input_if.svh:3]
INFO: [Synth 8-6155] done synthesizing module 'dma_pcie_fabric_input_if' (0#1) [/home/kokunev/data/git_root/dig/dig_board_streamer/dig_streamer/dig_streamer.gen/sources_1/bd/design_1/ipshared/d6c9/hdl/verilog/dma_pcie_fabric_input_if.svh:3]
INFO: [Synth 8-6157] synthesizing module 'dma_pcie_mi_4Bx2048_4Bwe_ram_if' [/home/kokunev/data/git_root/dig/dig_board_streamer/dig_streamer/dig_streamer.gen/sources_1/bd/design_1/ipshared/d6c9/hdl/verilog/dma_pcie_mi_4Bx2048_4Bwe_ram_if.svh:4]
INFO: [Synth 8-6155] done synthesizing module 'dma_pcie_mi_4Bx2048_4Bwe_ram_if' (0#1) [/home/kokunev/data/git_root/dig/dig_board_streamer/dig_streamer/dig_streamer.gen/sources_1/bd/design_1/ipshared/d6c9/hdl/verilog/dma_pcie_mi_4Bx2048_4Bwe_ram_if.svh:4]
INFO: [Synth 8-6157] synthesizing module 'dma_pcie_mi_16Bx2048_4Bwe_ram_if' [/home/kokunev/data/git_root/dig/dig_board_streamer/dig_streamer/dig_streamer.gen/sources_1/bd/design_1/ipshared/d6c9/hdl/verilog/dma_pcie_mi_16Bx2048_4Bwe_ram_if.svh:5]
INFO: [Synth 8-6155] done synthesizing module 'dma_pcie_mi_16Bx2048_4Bwe_ram_if' (0#1) [/home/kokunev/data/git_root/dig/dig_board_streamer/dig_streamer/dig_streamer.gen/sources_1/bd/design_1/ipshared/d6c9/hdl/verilog/dma_pcie_mi_16Bx2048_4Bwe_ram_if.svh:5]
INFO: [Synth 8-6157] synthesizing module 'dma_pcie_mi_2Bx2048_ram_if' [/home/kokunev/data/git_root/dig/dig_board_streamer/dig_streamer/dig_streamer.gen/sources_1/bd/design_1/ipshared/d6c9/hdl/verilog/dma_pcie_mi_2Bx2048_ram_if.svh:3]
INFO: [Synth 8-6155] done synthesizing module 'dma_pcie_mi_2Bx2048_ram_if' (0#1) [/home/kokunev/data/git_root/dig/dig_board_streamer/dig_streamer/dig_streamer.gen/sources_1/bd/design_1/ipshared/d6c9/hdl/verilog/dma_pcie_mi_2Bx2048_ram_if.svh:3]
INFO: [Synth 8-6157] synthesizing module 'dma_pcie_mi_8Bx2048_4Bwe_ram_if' [/home/kokunev/data/git_root/dig/dig_board_streamer/dig_streamer/dig_streamer.gen/sources_1/bd/design_1/ipshared/d6c9/hdl/verilog/dma_pcie_mi_8Bx2048_4Bwe_ram_if.svh:4]
INFO: [Synth 8-6155] done synthesizing module 'dma_pcie_mi_8Bx2048_4Bwe_ram_if' (0#1) [/home/kokunev/data/git_root/dig/dig_board_streamer/dig_streamer/dig_streamer.gen/sources_1/bd/design_1/ipshared/d6c9/hdl/verilog/dma_pcie_mi_8Bx2048_4Bwe_ram_if.svh:4]
INFO: [Synth 8-6157] synthesizing module 'dma_pcie_mi_dsc_cpli_if' [/home/kokunev/data/git_root/dig/dig_board_streamer/dig_streamer/dig_streamer.gen/sources_1/bd/design_1/ipshared/d6c9/hdl/verilog/dma_pcie_mi_dsc_cpli_if.svh:4]
INFO: [Synth 8-6155] done synthesizing module 'dma_pcie_mi_dsc_cpli_if' (0#1) [/home/kokunev/data/git_root/dig/dig_board_streamer/dig_streamer/dig_streamer.gen/sources_1/bd/design_1/ipshared/d6c9/hdl/verilog/dma_pcie_mi_dsc_cpli_if.svh:4]
INFO: [Synth 8-6157] synthesizing module 'dma_pcie_mi_dsc_cpld_if' [/home/kokunev/data/git_root/dig/dig_board_streamer/dig_streamer/dig_streamer.gen/sources_1/bd/design_1/ipshared/d6c9/hdl/verilog/dma_pcie_mi_dsc_cpld_if.svh:3]
INFO: [Synth 8-6155] done synthesizing module 'dma_pcie_mi_dsc_cpld_if' (0#1) [/home/kokunev/data/git_root/dig/dig_board_streamer/dig_streamer/dig_streamer.gen/sources_1/bd/design_1/ipshared/d6c9/hdl/verilog/dma_pcie_mi_dsc_cpld_if.svh:3]
INFO: [Synth 8-6157] synthesizing module 'dma_pcie_mi_dsc_cpli_if' [/home/kokunev/data/git_root/dig/dig_board_streamer/dig_streamer/dig_streamer.gen/sources_1/bd/design_1/ipshared/d6c9/hdl/verilog/dma_pcie_mi_dsc_cpli_if.svh:4]
INFO: [Synth 8-6155] done synthesizing module 'dma_pcie_mi_dsc_cpli_if' (0#1) [/home/kokunev/data/git_root/dig/dig_board_streamer/dig_streamer/dig_streamer.gen/sources_1/bd/design_1/ipshared/d6c9/hdl/verilog/dma_pcie_mi_dsc_cpli_if.svh:4]
INFO: [Synth 8-6157] synthesizing module 'dma_pcie_mi_dsc_cpld_if' [/home/kokunev/data/git_root/dig/dig_board_streamer/dig_streamer/dig_streamer.gen/sources_1/bd/design_1/ipshared/d6c9/hdl/verilog/dma_pcie_mi_dsc_cpld_if.svh:3]
INFO: [Synth 8-6155] done synthesizing module 'dma_pcie_mi_dsc_cpld_if' (0#1) [/home/kokunev/data/git_root/dig/dig_board_streamer/dig_streamer/dig_streamer.gen/sources_1/bd/design_1/ipshared/d6c9/hdl/verilog/dma_pcie_mi_dsc_cpld_if.svh:3]
INFO: [Synth 8-6157] synthesizing module 'dma_pcie_mi_dsc_cpli_if' [/home/kokunev/data/git_root/dig/dig_board_streamer/dig_streamer/dig_streamer.gen/sources_1/bd/design_1/ipshared/d6c9/hdl/verilog/dma_pcie_mi_dsc_cpli_if.svh:4]
INFO: [Synth 8-6155] done synthesizing module 'dma_pcie_mi_dsc_cpli_if' (0#1) [/home/kokunev/data/git_root/dig/dig_board_streamer/dig_streamer/dig_streamer.gen/sources_1/bd/design_1/ipshared/d6c9/hdl/verilog/dma_pcie_mi_dsc_cpli_if.svh:4]
INFO: [Synth 8-6157] synthesizing module 'dma_pcie_mi_dsc_cpld_if' [/home/kokunev/data/git_root/dig/dig_board_streamer/dig_streamer/dig_streamer.gen/sources_1/bd/design_1/ipshared/d6c9/hdl/verilog/dma_pcie_mi_dsc_cpld_if.svh:3]
INFO: [Synth 8-6155] done synthesizing module 'dma_pcie_mi_dsc_cpld_if' (0#1) [/home/kokunev/data/git_root/dig/dig_board_streamer/dig_streamer/dig_streamer.gen/sources_1/bd/design_1/ipshared/d6c9/hdl/verilog/dma_pcie_mi_dsc_cpld_if.svh:3]
INFO: [Synth 8-6157] synthesizing module 'dma_pcie_mi_dsc_cpli_if' [/home/kokunev/data/git_root/dig/dig_board_streamer/dig_streamer/dig_streamer.gen/sources_1/bd/design_1/ipshared/d6c9/hdl/verilog/dma_pcie_mi_dsc_cpli_if.svh:4]
INFO: [Synth 8-6155] done synthesizing module 'dma_pcie_mi_dsc_cpli_if' (0#1) [/home/kokunev/data/git_root/dig/dig_board_streamer/dig_streamer/dig_streamer.gen/sources_1/bd/design_1/ipshared/d6c9/hdl/verilog/dma_pcie_mi_dsc_cpli_if.svh:4]
INFO: [Synth 8-6157] synthesizing module 'dma_pcie_mi_dsc_cpld_if' [/home/kokunev/data/git_root/dig/dig_board_streamer/dig_streamer/dig_streamer.gen/sources_1/bd/design_1/ipshared/d6c9/hdl/verilog/dma_pcie_mi_dsc_cpld_if.svh:3]
INFO: [Synth 8-6155] done synthesizing module 'dma_pcie_mi_dsc_cpld_if' (0#1) [/home/kokunev/data/git_root/dig/dig_board_streamer/dig_streamer/dig_streamer.gen/sources_1/bd/design_1/ipshared/d6c9/hdl/verilog/dma_pcie_mi_dsc_cpld_if.svh:3]
INFO: [Synth 8-6157] synthesizing module 'dma_pcie_dsc_in_if' [/home/kokunev/data/git_root/dig/dig_board_streamer/dig_streamer/dig_streamer.gen/sources_1/bd/design_1/ipshared/d6c9/hdl/verilog/dma_pcie_dsc_in_if.svh:5]
INFO: [Synth 8-6155] done synthesizing module 'dma_pcie_dsc_in_if' (0#1) [/home/kokunev/data/git_root/dig/dig_board_streamer/dig_streamer/dig_streamer.gen/sources_1/bd/design_1/ipshared/d6c9/hdl/verilog/dma_pcie_dsc_in_if.svh:5]
INFO: [Synth 8-6157] synthesizing module 'dma_pcie_dsc_out_if' [/home/kokunev/data/git_root/dig/dig_board_streamer/dig_streamer/dig_streamer.gen/sources_1/bd/design_1/ipshared/d6c9/hdl/verilog/dma_pcie_dsc_out_if.svh:5]
INFO: [Synth 8-6155] done synthesizing module 'dma_pcie_dsc_out_if' (0#1) [/home/kokunev/data/git_root/dig/dig_board_streamer/dig_streamer/dig_streamer.gen/sources_1/bd/design_1/ipshared/d6c9/hdl/verilog/dma_pcie_dsc_out_if.svh:5]
INFO: [Synth 8-6157] synthesizing module 'dma_pcie_mi_64Bx256_32Bwe_ram_if' [/home/kokunev/data/git_root/dig/dig_board_streamer/dig_streamer/dig_streamer.gen/sources_1/bd/design_1/ipshared/d6c9/hdl/verilog/dma_pcie_mi_64Bx256_32Bwe_ram_if.svh:3]
INFO: [Synth 8-6155] done synthesizing module 'dma_pcie_mi_64Bx256_32Bwe_ram_if' (0#1) [/home/kokunev/data/git_root/dig/dig_board_streamer/dig_streamer/dig_streamer.gen/sources_1/bd/design_1/ipshared/d6c9/hdl/verilog/dma_pcie_mi_64Bx256_32Bwe_ram_if.svh:3]
INFO: [Synth 8-6157] synthesizing module 'dma_pcie_mi_64Bx256_32Bwe_ram_if' [/home/kokunev/data/git_root/dig/dig_board_streamer/dig_streamer/dig_streamer.gen/sources_1/bd/design_1/ipshared/d6c9/hdl/verilog/dma_pcie_mi_64Bx256_32Bwe_ram_if.svh:3]
INFO: [Synth 8-6155] done synthesizing module 'dma_pcie_mi_64Bx256_32Bwe_ram_if' (0#1) [/home/kokunev/data/git_root/dig/dig_board_streamer/dig_streamer/dig_streamer.gen/sources_1/bd/design_1/ipshared/d6c9/hdl/verilog/dma_pcie_mi_64Bx256_32Bwe_ram_if.svh:3]
INFO: [Synth 8-6157] synthesizing module 'dma_pcie_mi_64Bx256_32Bwe_ram_if' [/home/kokunev/data/git_root/dig/dig_board_streamer/dig_streamer/dig_streamer.gen/sources_1/bd/design_1/ipshared/d6c9/hdl/verilog/dma_pcie_mi_64Bx256_32Bwe_ram_if.svh:3]
INFO: [Synth 8-6155] done synthesizing module 'dma_pcie_mi_64Bx256_32Bwe_ram_if' (0#1) [/home/kokunev/data/git_root/dig/dig_board_streamer/dig_streamer/dig_streamer.gen/sources_1/bd/design_1/ipshared/d6c9/hdl/verilog/dma_pcie_mi_64Bx256_32Bwe_ram_if.svh:3]
INFO: [Synth 8-6157] synthesizing module 'dma_pcie_mi_64Bx256_32Bwe_ram_if' [/home/kokunev/data/git_root/dig/dig_board_streamer/dig_streamer/dig_streamer.gen/sources_1/bd/design_1/ipshared/d6c9/hdl/verilog/dma_pcie_mi_64Bx256_32Bwe_ram_if.svh:3]
INFO: [Synth 8-6155] done synthesizing module 'dma_pcie_mi_64Bx256_32Bwe_ram_if' (0#1) [/home/kokunev/data/git_root/dig/dig_board_streamer/dig_streamer/dig_streamer.gen/sources_1/bd/design_1/ipshared/d6c9/hdl/verilog/dma_pcie_mi_64Bx256_32Bwe_ram_if.svh:3]
INFO: [Synth 8-6157] synthesizing module 'dma_pcie_mi_64Bx256_32Bwe_ram_if' [/home/kokunev/data/git_root/dig/dig_board_streamer/dig_streamer/dig_streamer.gen/sources_1/bd/design_1/ipshared/d6c9/hdl/verilog/dma_pcie_mi_64Bx256_32Bwe_ram_if.svh:3]
INFO: [Synth 8-6155] done synthesizing module 'dma_pcie_mi_64Bx256_32Bwe_ram_if' (0#1) [/home/kokunev/data/git_root/dig/dig_board_streamer/dig_streamer/dig_streamer.gen/sources_1/bd/design_1/ipshared/d6c9/hdl/verilog/dma_pcie_mi_64Bx256_32Bwe_ram_if.svh:3]
INFO: [Synth 8-6157] synthesizing module 'dma_pcie_mi_64Bx256_32Bwe_ram_if' [/home/kokunev/data/git_root/dig/dig_board_streamer/dig_streamer/dig_streamer.gen/sources_1/bd/design_1/ipshared/d6c9/hdl/verilog/dma_pcie_mi_64Bx256_32Bwe_ram_if.svh:3]
INFO: [Synth 8-6155] done synthesizing module 'dma_pcie_mi_64Bx256_32Bwe_ram_if' (0#1) [/home/kokunev/data/git_root/dig/dig_board_streamer/dig_streamer/dig_streamer.gen/sources_1/bd/design_1/ipshared/d6c9/hdl/verilog/dma_pcie_mi_64Bx256_32Bwe_ram_if.svh:3]
INFO: [Synth 8-6157] synthesizing module 'dma_pcie_mi_64Bx256_32Bwe_ram_if' [/home/kokunev/data/git_root/dig/dig_board_streamer/dig_streamer/dig_streamer.gen/sources_1/bd/design_1/ipshared/d6c9/hdl/verilog/dma_pcie_mi_64Bx256_32Bwe_ram_if.svh:3]
INFO: [Synth 8-6155] done synthesizing module 'dma_pcie_mi_64Bx256_32Bwe_ram_if' (0#1) [/home/kokunev/data/git_root/dig/dig_board_streamer/dig_streamer/dig_streamer.gen/sources_1/bd/design_1/ipshared/d6c9/hdl/verilog/dma_pcie_mi_64Bx256_32Bwe_ram_if.svh:3]
INFO: [Synth 8-6157] synthesizing module 'dma_pcie_mi_64Bx256_32Bwe_ram_if' [/home/kokunev/data/git_root/dig/dig_board_streamer/dig_streamer/dig_streamer.gen/sources_1/bd/design_1/ipshared/d6c9/hdl/verilog/dma_pcie_mi_64Bx256_32Bwe_ram_if.svh:3]
INFO: [Synth 8-6155] done synthesizing module 'dma_pcie_mi_64Bx256_32Bwe_ram_if' (0#1) [/home/kokunev/data/git_root/dig/dig_board_streamer/dig_streamer/dig_streamer.gen/sources_1/bd/design_1/ipshared/d6c9/hdl/verilog/dma_pcie_mi_64Bx256_32Bwe_ram_if.svh:3]
INFO: [Synth 8-6157] synthesizing module 'dma_pcie_mi_64Bx512_32Bwe_ram_if' [/home/kokunev/data/git_root/dig/dig_board_streamer/dig_streamer/dig_streamer.gen/sources_1/bd/design_1/ipshared/d6c9/hdl/verilog/dma_pcie_mi_64Bx512_32Bwe_ram_if.svh:3]
INFO: [Synth 8-6155] done synthesizing module 'dma_pcie_mi_64Bx512_32Bwe_ram_if' (0#1) [/home/kokunev/data/git_root/dig/dig_board_streamer/dig_streamer/dig_streamer.gen/sources_1/bd/design_1/ipshared/d6c9/hdl/verilog/dma_pcie_mi_64Bx512_32Bwe_ram_if.svh:3]
INFO: [Synth 8-6157] synthesizing module 'dma_pcie_mi_64Bx2048_32Bwe_ram_if' [/home/kokunev/data/git_root/dig/dig_board_streamer/dig_streamer/dig_streamer.gen/sources_1/bd/design_1/ipshared/d6c9/hdl/verilog/dma_pcie_mi_64Bx2048_32Bwe_ram_if.svh:3]
INFO: [Synth 8-6155] done synthesizing module 'dma_pcie_mi_64Bx2048_32Bwe_ram_if' (0#1) [/home/kokunev/data/git_root/dig/dig_board_streamer/dig_streamer/dig_streamer.gen/sources_1/bd/design_1/ipshared/d6c9/hdl/verilog/dma_pcie_mi_64Bx2048_32Bwe_ram_if.svh:3]
INFO: [Synth 8-6157] synthesizing module 'dma_pcie_mi_64Bx1024_32Bwe_ram_if' [/home/kokunev/data/git_root/dig/dig_board_streamer/dig_streamer/dig_streamer.gen/sources_1/bd/design_1/ipshared/d6c9/hdl/verilog/dma_pcie_mi_64Bx1024_32Bwe_ram_if.svh:3]
INFO: [Synth 8-6155] done synthesizing module 'dma_pcie_mi_64Bx1024_32Bwe_ram_if' (0#1) [/home/kokunev/data/git_root/dig/dig_board_streamer/dig_streamer/dig_streamer.gen/sources_1/bd/design_1/ipshared/d6c9/hdl/verilog/dma_pcie_mi_64Bx1024_32Bwe_ram_if.svh:3]
INFO: [Synth 8-6157] synthesizing module 'dma_pcie_mi_64Bx256_32Bwe_ram_if' [/home/kokunev/data/git_root/dig/dig_board_streamer/dig_streamer/dig_streamer.gen/sources_1/bd/design_1/ipshared/d6c9/hdl/verilog/dma_pcie_mi_64Bx256_32Bwe_ram_if.svh:3]
INFO: [Synth 8-6155] done synthesizing module 'dma_pcie_mi_64Bx256_32Bwe_ram_if' (0#1) [/home/kokunev/data/git_root/dig/dig_board_streamer/dig_streamer/dig_streamer.gen/sources_1/bd/design_1/ipshared/d6c9/hdl/verilog/dma_pcie_mi_64Bx256_32Bwe_ram_if.svh:3]
INFO: [Synth 8-6157] synthesizing module 'dma_pcie_mi_dsc_cpld_if' [/home/kokunev/data/git_root/dig/dig_board_streamer/dig_streamer/dig_streamer.gen/sources_1/bd/design_1/ipshared/d6c9/hdl/verilog/dma_pcie_mi_dsc_cpld_if.svh:3]
INFO: [Synth 8-6155] done synthesizing module 'dma_pcie_mi_dsc_cpld_if' (0#1) [/home/kokunev/data/git_root/dig/dig_board_streamer/dig_streamer/dig_streamer.gen/sources_1/bd/design_1/ipshared/d6c9/hdl/verilog/dma_pcie_mi_dsc_cpld_if.svh:3]
INFO: [Synth 8-6157] synthesizing module 'dma_pcie_mi_dsc_cpld_if' [/home/kokunev/data/git_root/dig/dig_board_streamer/dig_streamer/dig_streamer.gen/sources_1/bd/design_1/ipshared/d6c9/hdl/verilog/dma_pcie_mi_dsc_cpld_if.svh:3]
INFO: [Synth 8-6155] done synthesizing module 'dma_pcie_mi_dsc_cpld_if' (0#1) [/home/kokunev/data/git_root/dig/dig_board_streamer/dig_streamer/dig_streamer.gen/sources_1/bd/design_1/ipshared/d6c9/hdl/verilog/dma_pcie_mi_dsc_cpld_if.svh:3]
INFO: [Synth 8-6157] synthesizing module 'xdma_v4_2_2_GenericFIFO' [/home/kokunev/data/git_root/dig/dig_board_streamer/dig_streamer/dig_streamer.gen/sources_1/bd/design_1/ipshared/d6c9/hdl/verilog/axidma_fifo.vh:279]
INFO: [Synth 8-6155] done synthesizing module 'xdma_v4_2_2_GenericFIFO' (0#1) [/home/kokunev/data/git_root/dig/dig_board_streamer/dig_streamer/dig_streamer.gen/sources_1/bd/design_1/ipshared/d6c9/hdl/verilog/axidma_fifo.vh:279]
INFO: [Synth 8-6157] synthesizing module 'xdma_v4_2_2_GenericFIFO__parameterized0' [/home/kokunev/data/git_root/dig/dig_board_streamer/dig_streamer/dig_streamer.gen/sources_1/bd/design_1/ipshared/d6c9/hdl/verilog/axidma_fifo.vh:279]
INFO: [Synth 8-6155] done synthesizing module 'xdma_v4_2_2_GenericFIFO__parameterized0' (0#1) [/home/kokunev/data/git_root/dig/dig_board_streamer/dig_streamer/dig_streamer.gen/sources_1/bd/design_1/ipshared/d6c9/hdl/verilog/axidma_fifo.vh:279]
INFO: [Synth 8-6157] synthesizing module 'xdma_v4_2_2_GenericFIFOAsync' [/home/kokunev/data/git_root/dig/dig_board_streamer/dig_streamer/dig_streamer.gen/sources_1/bd/design_1/ipshared/d6c9/hdl/verilog/axidma_fifo.vh:571]
INFO: [Synth 8-6155] done synthesizing module 'xdma_v4_2_2_GenericFIFOAsync' (0#1) [/home/kokunev/data/git_root/dig/dig_board_streamer/dig_streamer/dig_streamer.gen/sources_1/bd/design_1/ipshared/d6c9/hdl/verilog/axidma_fifo.vh:571]
INFO: [Synth 8-6157] synthesizing module 'xdma_v4_2_2_GenericFIFOHead' [/home/kokunev/data/git_root/dig/dig_board_streamer/dig_streamer/dig_streamer.gen/sources_1/bd/design_1/ipshared/d6c9/hdl/verilog/axidma_fifo.vh:739]
INFO: [Synth 8-6155] done synthesizing module 'xdma_v4_2_2_GenericFIFOHead' (0#1) [/home/kokunev/data/git_root/dig/dig_board_streamer/dig_streamer/dig_streamer.gen/sources_1/bd/design_1/ipshared/d6c9/hdl/verilog/axidma_fifo.vh:739]
INFO: [Synth 8-6157] synthesizing module 'xdma_v4_2_2_GenericFIFO__parameterized1' [/home/kokunev/data/git_root/dig/dig_board_streamer/dig_streamer/dig_streamer.gen/sources_1/bd/design_1/ipshared/d6c9/hdl/verilog/axidma_fifo.vh:279]
INFO: [Synth 8-6155] done synthesizing module 'xdma_v4_2_2_GenericFIFO__parameterized1' (0#1) [/home/kokunev/data/git_root/dig/dig_board_streamer/dig_streamer/dig_streamer.gen/sources_1/bd/design_1/ipshared/d6c9/hdl/verilog/axidma_fifo.vh:279]
INFO: [Synth 8-6157] synthesizing module 'xdma_v4_2_2_GenericFIFOHead__parameterized0' [/home/kokunev/data/git_root/dig/dig_board_streamer/dig_streamer/dig_streamer.gen/sources_1/bd/design_1/ipshared/d6c9/hdl/verilog/axidma_fifo.vh:739]
INFO: [Synth 8-6155] done synthesizing module 'xdma_v4_2_2_GenericFIFOHead__parameterized0' (0#1) [/home/kokunev/data/git_root/dig/dig_board_streamer/dig_streamer/dig_streamer.gen/sources_1/bd/design_1/ipshared/d6c9/hdl/verilog/axidma_fifo.vh:739]
INFO: [Synth 8-6157] synthesizing module 'xdma_v4_2_2_GenericFIFOHead__parameterized1' [/home/kokunev/data/git_root/dig/dig_board_streamer/dig_streamer/dig_streamer.gen/sources_1/bd/design_1/ipshared/d6c9/hdl/verilog/axidma_fifo.vh:739]
INFO: [Synth 8-6155] done synthesizing module 'xdma_v4_2_2_GenericFIFOHead__parameterized1' (0#1) [/home/kokunev/data/git_root/dig/dig_board_streamer/dig_streamer/dig_streamer.gen/sources_1/bd/design_1/ipshared/d6c9/hdl/verilog/axidma_fifo.vh:739]
INFO: [Synth 8-6157] synthesizing module 'xdma_v4_2_2_GenericFIFOHead__parameterized2' [/home/kokunev/data/git_root/dig/dig_board_streamer/dig_streamer/dig_streamer.gen/sources_1/bd/design_1/ipshared/d6c9/hdl/verilog/axidma_fifo.vh:739]
INFO: [Synth 8-6155] done synthesizing module 'xdma_v4_2_2_GenericFIFOHead__parameterized2' (0#1) [/home/kokunev/data/git_root/dig/dig_board_streamer/dig_streamer/dig_streamer.gen/sources_1/bd/design_1/ipshared/d6c9/hdl/verilog/axidma_fifo.vh:739]
INFO: [Synth 8-6157] synthesizing module 'xdma_v4_2_2_GenericFIFO__parameterized2' [/home/kokunev/data/git_root/dig/dig_board_streamer/dig_streamer/dig_streamer.gen/sources_1/bd/design_1/ipshared/d6c9/hdl/verilog/axidma_fifo.vh:279]
INFO: [Synth 8-6155] done synthesizing module 'xdma_v4_2_2_GenericFIFO__parameterized2' (0#1) [/home/kokunev/data/git_root/dig/dig_board_streamer/dig_streamer/dig_streamer.gen/sources_1/bd/design_1/ipshared/d6c9/hdl/verilog/axidma_fifo.vh:279]
INFO: [Synth 8-6157] synthesizing module 'xdma_v4_2_2_GenericFIFOAsync__parameterized0' [/home/kokunev/data/git_root/dig/dig_board_streamer/dig_streamer/dig_streamer.gen/sources_1/bd/design_1/ipshared/d6c9/hdl/verilog/axidma_fifo.vh:571]
INFO: [Synth 8-6155] done synthesizing module 'xdma_v4_2_2_GenericFIFOAsync__parameterized0' (0#1) [/home/kokunev/data/git_root/dig/dig_board_streamer/dig_streamer/dig_streamer.gen/sources_1/bd/design_1/ipshared/d6c9/hdl/verilog/axidma_fifo.vh:571]
INFO: [Synth 8-6157] synthesizing module 'xdma_v4_2_2_GenericFIFOAsync__parameterized1' [/home/kokunev/data/git_root/dig/dig_board_streamer/dig_streamer/dig_streamer.gen/sources_1/bd/design_1/ipshared/d6c9/hdl/verilog/axidma_fifo.vh:571]
INFO: [Synth 8-6155] done synthesizing module 'xdma_v4_2_2_GenericFIFOAsync__parameterized1' (0#1) [/home/kokunev/data/git_root/dig/dig_board_streamer/dig_streamer/dig_streamer.gen/sources_1/bd/design_1/ipshared/d6c9/hdl/verilog/axidma_fifo.vh:571]
INFO: [Synth 8-6157] synthesizing module 'xdma_v4_2_2_GenericFIFO__parameterized3' [/home/kokunev/data/git_root/dig/dig_board_streamer/dig_streamer/dig_streamer.gen/sources_1/bd/design_1/ipshared/d6c9/hdl/verilog/axidma_fifo.vh:279]
INFO: [Synth 8-6155] done synthesizing module 'xdma_v4_2_2_GenericFIFO__parameterized3' (0#1) [/home/kokunev/data/git_root/dig/dig_board_streamer/dig_streamer/dig_streamer.gen/sources_1/bd/design_1/ipshared/d6c9/hdl/verilog/axidma_fifo.vh:279]
INFO: [Synth 8-6157] synthesizing module 'xdma_v4_2_2_GenericFIFO__parameterized4' [/home/kokunev/data/git_root/dig/dig_board_streamer/dig_streamer/dig_streamer.gen/sources_1/bd/design_1/ipshared/d6c9/hdl/verilog/axidma_fifo.vh:279]
INFO: [Synth 8-6155] done synthesizing module 'xdma_v4_2_2_GenericFIFO__parameterized4' (0#1) [/home/kokunev/data/git_root/dig/dig_board_streamer/dig_streamer/dig_streamer.gen/sources_1/bd/design_1/ipshared/d6c9/hdl/verilog/axidma_fifo.vh:279]
INFO: [Synth 8-6157] synthesizing module 'xdma_v4_2_2_GenericFIFOHead2' [/home/kokunev/data/git_root/dig/dig_board_streamer/dig_streamer/dig_streamer.gen/sources_1/bd/design_1/ipshared/d6c9/hdl/verilog/axidma_fifo.vh:927]
INFO: [Synth 8-6155] done synthesizing module 'xdma_v4_2_2_GenericFIFOHead2' (0#1) [/home/kokunev/data/git_root/dig/dig_board_streamer/dig_streamer/dig_streamer.gen/sources_1/bd/design_1/ipshared/d6c9/hdl/verilog/axidma_fifo.vh:927]
INFO: [Synth 8-6157] synthesizing module 'xdma_v4_2_2_GenericFIFO__parameterized5' [/home/kokunev/data/git_root/dig/dig_board_streamer/dig_streamer/dig_streamer.gen/sources_1/bd/design_1/ipshared/d6c9/hdl/verilog/axidma_fifo.vh:279]
INFO: [Synth 8-6155] done synthesizing module 'xdma_v4_2_2_GenericFIFO__parameterized5' (0#1) [/home/kokunev/data/git_root/dig/dig_board_streamer/dig_streamer/dig_streamer.gen/sources_1/bd/design_1/ipshared/d6c9/hdl/verilog/axidma_fifo.vh:279]
INFO: [Synth 8-6157] synthesizing module 'xdma_v4_2_2_GenericFIFO__parameterized6' [/home/kokunev/data/git_root/dig/dig_board_streamer/dig_streamer/dig_streamer.gen/sources_1/bd/design_1/ipshared/d6c9/hdl/verilog/axidma_fifo.vh:279]
INFO: [Synth 8-6155] done synthesizing module 'xdma_v4_2_2_GenericFIFO__parameterized6' (0#1) [/home/kokunev/data/git_root/dig/dig_board_streamer/dig_streamer/dig_streamer.gen/sources_1/bd/design_1/ipshared/d6c9/hdl/verilog/axidma_fifo.vh:279]
INFO: [Synth 8-6157] synthesizing module 'xpm_cdc_single' [/opt/Xilinx_2/2025.2/data/ip/xpm/xpm_cdc/hdl/xpm_cdc.sv:152]
INFO: [Synth 8-6155] done synthesizing module 'xpm_cdc_single' (0#1) [/opt/Xilinx_2/2025.2/data/ip/xpm/xpm_cdc/hdl/xpm_cdc.sv:152]
INFO: [Synth 8-6157] synthesizing module 'xpm_memory_sdpram' [/opt/Xilinx_2/2025.2/data/ip/xpm/xpm_memory/hdl/xpm_memory.sv:8996]
INFO: [Synth 8-6157] synthesizing module 'xpm_memory_base' [/opt/Xilinx_2/2025.2/data/ip/xpm/xpm_memory/hdl/xpm_memory.sv:54]
INFO: [Synth 8-6059] Synth Info: [XPM_MEMORY 20-2] MEMORY_INIT_FILE (none), MEMORY_INIT_PARAM together specify no memory initialization. Initial memory contents will be all 0's.   [/opt/Xilinx_2/2025.2/data/ip/xpm/xpm_memory/hdl/xpm_memory.sv:524]
INFO: [Synth 8-6155] done synthesizing module 'xpm_memory_base' (0#1) [/opt/Xilinx_2/2025.2/data/ip/xpm/xpm_memory/hdl/xpm_memory.sv:54]
INFO: [Synth 8-6155] done synthesizing module 'xpm_memory_sdpram' (0#1) [/opt/Xilinx_2/2025.2/data/ip/xpm/xpm_memory/hdl/xpm_memory.sv:8996]
INFO: [Synth 8-6157] synthesizing module 'xpm_memory_sdpram__parameterized0' [/opt/Xilinx_2/2025.2/data/ip/xpm/xpm_memory/hdl/xpm_memory.sv:8996]
INFO: [Synth 8-6157] synthesizing module 'xpm_memory_base__parameterized0' [/opt/Xilinx_2/2025.2/data/ip/xpm/xpm_memory/hdl/xpm_memory.sv:54]
INFO: [Synth 8-6059] Synth Info: [XPM_MEMORY 20-2] MEMORY_INIT_FILE (none), MEMORY_INIT_PARAM together specify no memory initialization. Initial memory contents will be all 0's.   [/opt/Xilinx_2/2025.2/data/ip/xpm/xpm_memory/hdl/xpm_memory.sv:524]
INFO: [Synth 8-6155] done synthesizing module 'xpm_memory_base__parameterized0' (0#1) [/opt/Xilinx_2/2025.2/data/ip/xpm/xpm_memory/hdl/xpm_memory.sv:54]
INFO: [Synth 8-6155] done synthesizing module 'xpm_memory_sdpram__parameterized0' (0#1) [/opt/Xilinx_2/2025.2/data/ip/xpm/xpm_memory/hdl/xpm_memory.sv:8996]
INFO: [Synth 8-6157] synthesizing module 'design_1_xdma_0_0_pcie2_to_pcie3_wrapper' [/home/kokunev/data/git_root/dig/dig_board_streamer/dig_streamer/dig_streamer.gen/sources_1/bd/design_1/ip/design_1_xdma_0_0/xdma_v4_2/hdl/verilog/design_1_xdma_0_0_pcie2_to_pcie3_wrapper.sv:58]
INFO: [Synth 8-6157] synthesizing module 'design_1_xdma_0_0_axi_stream_intf' [/home/kokunev/data/git_root/dig/dig_board_streamer/dig_streamer/dig_streamer.gen/sources_1/bd/design_1/ip/design_1_xdma_0_0/xdma_v4_2/hdl/verilog/design_1_xdma_0_0_axi_stream_intf.sv:58]
INFO: [Synth 8-6157] synthesizing module 'design_1_xdma_0_0_rx_demux' [/home/kokunev/data/git_root/dig/dig_board_streamer/dig_streamer/dig_streamer.gen/sources_1/bd/design_1/ip/design_1_xdma_0_0/xdma_v4_2/hdl/verilog/design_1_xdma_0_0_rx_demux.sv:78]
INFO: [Synth 8-638] synthesizing module 'pcie2_fifo_generator_dma_cpl' [/home/kokunev/data/git_root/dig/dig_board_streamer/dig_streamer/dig_streamer.gen/sources_1/bd/design_1/ip/design_1_xdma_0_0/ip_3/synth/pcie2_fifo_generator_dma_cpl.vhd:81]
	Parameter C_COMMON_CLOCK bound to: 1 - type: integer 
	Parameter C_SELECT_XPM bound to: 0 - type: integer 
	Parameter C_COUNT_TYPE bound to: 0 - type: integer 
	Parameter C_DATA_COUNT_WIDTH bound to: 10 - type: integer 
	Parameter C_DEFAULT_VALUE bound to: BlankString - type: string 
	Parameter C_DIN_WIDTH bound to: 18 - type: integer 
	Parameter C_DOUT_RST_VAL bound to: 0 - type: string 
	Parameter C_DOUT_WIDTH bound to: 18 - type: integer 
	Parameter C_ENABLE_RLOCS bound to: 0 - type: integer 
	Parameter C_FAMILY bound to: artix7 - type: string 
	Parameter C_FULL_FLAGS_RST_VAL bound to: 1 - type: integer 
	Parameter C_HAS_ALMOST_EMPTY bound to: 0 - type: integer 
	Parameter C_HAS_ALMOST_FULL bound to: 0 - type: integer 
	Parameter C_HAS_BACKUP bound to: 0 - type: integer 
	Parameter C_HAS_DATA_COUNT bound to: 0 - type: integer 
	Parameter C_HAS_INT_CLK bound to: 0 - type: integer 
	Parameter C_HAS_MEMINIT_FILE bound to: 0 - type: integer 
	Parameter C_HAS_OVERFLOW bound to: 0 - type: integer 
	Parameter C_HAS_RD_DATA_COUNT bound to: 0 - type: integer 
	Parameter C_HAS_RD_RST bound to: 0 - type: integer 
	Parameter C_HAS_RST bound to: 1 - type: integer 
	Parameter C_HAS_SRST bound to: 0 - type: integer 
	Parameter C_HAS_UNDERFLOW bound to: 0 - type: integer 
	Parameter C_HAS_VALID bound to: 0 - type: integer 
	Parameter C_HAS_WR_ACK bound to: 0 - type: integer 
	Parameter C_HAS_WR_DATA_COUNT bound to: 0 - type: integer 
	Parameter C_HAS_WR_RST bound to: 0 - type: integer 
	Parameter C_IMPLEMENTATION_TYPE bound to: 0 - type: integer 
	Parameter C_INIT_WR_PNTR_VAL bound to: 0 - type: integer 
	Parameter C_MEMORY_TYPE bound to: 1 - type: integer 
	Parameter C_MIF_FILE_NAME bound to: BlankString - type: string 
	Parameter C_OPTIMIZATION_MODE bound to: 0 - type: integer 
	Parameter C_OVERFLOW_LOW bound to: 0 - type: integer 
	Parameter C_PRELOAD_LATENCY bound to: 1 - type: integer 
	Parameter C_PRELOAD_REGS bound to: 0 - type: integer 
	Parameter C_PRIM_FIFO_TYPE bound to: 4kx4 - type: string 
	Parameter C_PROG_EMPTY_THRESH_ASSERT_VAL bound to: 2 - type: integer 
	Parameter C_PROG_EMPTY_THRESH_NEGATE_VAL bound to: 3 - type: integer 
	Parameter C_PROG_EMPTY_TYPE bound to: 0 - type: integer 
	Parameter C_PROG_FULL_THRESH_ASSERT_VAL bound to: 1022 - type: integer 
	Parameter C_PROG_FULL_THRESH_NEGATE_VAL bound to: 1021 - type: integer 
	Parameter C_PROG_FULL_TYPE bound to: 0 - type: integer 
	Parameter C_RD_DATA_COUNT_WIDTH bound to: 10 - type: integer 
	Parameter C_RD_DEPTH bound to: 1024 - type: integer 
	Parameter C_RD_FREQ bound to: 1 - type: integer 
	Parameter C_RD_PNTR_WIDTH bound to: 10 - type: integer 
	Parameter C_UNDERFLOW_LOW bound to: 0 - type: integer 
	Parameter C_USE_DOUT_RST bound to: 1 - type: integer 
	Parameter C_USE_ECC bound to: 0 - type: integer 
	Parameter C_USE_EMBEDDED_REG bound to: 0 - type: integer 
	Parameter C_USE_PIPELINE_REG bound to: 0 - type: integer 
	Parameter C_POWER_SAVING_MODE bound to: 0 - type: integer 
	Parameter C_USE_FIFO16_FLAGS bound to: 0 - type: integer 
	Parameter C_USE_FWFT_DATA_COUNT bound to: 0 - type: integer 
	Parameter C_VALID_LOW bound to: 0 - type: integer 
	Parameter C_WR_ACK_LOW bound to: 0 - type: integer 
	Parameter C_WR_DATA_COUNT_WIDTH bound to: 10 - type: integer 
	Parameter C_WR_DEPTH bound to: 1024 - type: integer 
	Parameter C_WR_FREQ bound to: 1 - type: integer 
	Parameter C_WR_PNTR_WIDTH bound to: 10 - type: integer 
	Parameter C_WR_RESPONSE_LATENCY bound to: 1 - type: integer 
	Parameter C_MSGON_VAL bound to: 1 - type: integer 
	Parameter C_ENABLE_RST_SYNC bound to: 1 - type: integer 
	Parameter C_EN_SAFETY_CKT bound to: 1 - type: integer 
	Parameter C_ERROR_INJECTION_TYPE bound to: 0 - type: integer 
	Parameter C_SYNCHRONIZER_STAGE bound to: 2 - type: integer 
	Parameter C_INTERFACE_TYPE bound to: 1 - type: integer 
	Parameter C_AXI_TYPE bound to: 1 - type: integer 
	Parameter C_HAS_AXI_WR_CHANNEL bound to: 1 - type: integer 
	Parameter C_HAS_AXI_RD_CHANNEL bound to: 1 - type: integer 
	Parameter C_HAS_SLAVE_CE bound to: 0 - type: integer 
	Parameter C_HAS_MASTER_CE bound to: 0 - type: integer 
	Parameter C_ADD_NGC_CONSTRAINT bound to: 0 - type: integer 
	Parameter C_USE_COMMON_OVERFLOW bound to: 0 - type: integer 
	Parameter C_USE_COMMON_UNDERFLOW bound to: 0 - type: integer 
	Parameter C_USE_DEFAULT_SETTINGS bound to: 0 - type: integer 
	Parameter C_AXI_ID_WIDTH bound to: 1 - type: integer 
	Parameter C_AXI_ADDR_WIDTH bound to: 32 - type: integer 
	Parameter C_AXI_DATA_WIDTH bound to: 64 - type: integer 
	Parameter C_AXI_LEN_WIDTH bound to: 8 - type: integer 
	Parameter C_AXI_LOCK_WIDTH bound to: 1 - type: integer 
	Parameter C_HAS_AXI_ID bound to: 0 - type: integer 
	Parameter C_HAS_AXI_AWUSER bound to: 0 - type: integer 
	Parameter C_HAS_AXI_WUSER bound to: 0 - type: integer 
	Parameter C_HAS_AXI_BUSER bound to: 0 - type: integer 
	Parameter C_HAS_AXI_ARUSER bound to: 0 - type: integer 
	Parameter C_HAS_AXI_RUSER bound to: 0 - type: integer 
	Parameter C_AXI_ARUSER_WIDTH bound to: 1 - type: integer 
	Parameter C_AXI_AWUSER_WIDTH bound to: 1 - type: integer 
	Parameter C_AXI_WUSER_WIDTH bound to: 1 - type: integer 
	Parameter C_AXI_BUSER_WIDTH bound to: 1 - type: integer 
	Parameter C_AXI_RUSER_WIDTH bound to: 1 - type: integer 
	Parameter C_HAS_AXIS_TDATA bound to: 1 - type: integer 
	Parameter C_HAS_AXIS_TID bound to: 0 - type: integer 
	Parameter C_HAS_AXIS_TDEST bound to: 0 - type: integer 
	Parameter C_HAS_AXIS_TUSER bound to: 1 - type: integer 
	Parameter C_HAS_AXIS_TREADY bound to: 1 - type: integer 
	Parameter C_HAS_AXIS_TLAST bound to: 1 - type: integer 
	Parameter C_HAS_AXIS_TSTRB bound to: 0 - type: integer 
	Parameter C_HAS_AXIS_TKEEP bound to: 1 - type: integer 
	Parameter C_AXIS_TDATA_WIDTH bound to: 128 - type: integer 
	Parameter C_AXIS_TID_WIDTH bound to: 1 - type: integer 
	Parameter C_AXIS_TDEST_WIDTH bound to: 1 - type: integer 
	Parameter C_AXIS_TUSER_WIDTH bound to: 22 - type: integer 
	Parameter C_AXIS_TSTRB_WIDTH bound to: 16 - type: integer 
	Parameter C_AXIS_TKEEP_WIDTH bound to: 16 - type: integer 
	Parameter C_WACH_TYPE bound to: 0 - type: integer 
	Parameter C_WDCH_TYPE bound to: 0 - type: integer 
	Parameter C_WRCH_TYPE bound to: 0 - type: integer 
	Parameter C_RACH_TYPE bound to: 0 - type: integer 
	Parameter C_RDCH_TYPE bound to: 0 - type: integer 
	Parameter C_AXIS_TYPE bound to: 0 - type: integer 
	Parameter C_IMPLEMENTATION_TYPE_WACH bound to: 2 - type: integer 
	Parameter C_IMPLEMENTATION_TYPE_WDCH bound to: 1 - type: integer 
	Parameter C_IMPLEMENTATION_TYPE_WRCH bound to: 2 - type: integer 
	Parameter C_IMPLEMENTATION_TYPE_RACH bound to: 2 - type: integer 
	Parameter C_IMPLEMENTATION_TYPE_RDCH bound to: 1 - type: integer 
	Parameter C_IMPLEMENTATION_TYPE_AXIS bound to: 1 - type: integer 
	Parameter C_APPLICATION_TYPE_WACH bound to: 0 - type: integer 
	Parameter C_APPLICATION_TYPE_WDCH bound to: 0 - type: integer 
	Parameter C_APPLICATION_TYPE_WRCH bound to: 0 - type: integer 
	Parameter C_APPLICATION_TYPE_RACH bound to: 0 - type: integer 
	Parameter C_APPLICATION_TYPE_RDCH bound to: 0 - type: integer 
	Parameter C_APPLICATION_TYPE_AXIS bound to: 0 - type: integer 
	Parameter C_PRIM_FIFO_TYPE_WACH bound to: 512x36 - type: string 
	Parameter C_PRIM_FIFO_TYPE_WDCH bound to: 1kx36 - type: string 
	Parameter C_PRIM_FIFO_TYPE_WRCH bound to: 512x36 - type: string 
	Parameter C_PRIM_FIFO_TYPE_RACH bound to: 512x36 - type: string 
	Parameter C_PRIM_FIFO_TYPE_RDCH bound to: 1kx36 - type: string 
	Parameter C_PRIM_FIFO_TYPE_AXIS bound to: 512x72 - type: string 
	Parameter C_USE_ECC_WACH bound to: 0 - type: integer 
	Parameter C_USE_ECC_WDCH bound to: 0 - type: integer 
	Parameter C_USE_ECC_WRCH bound to: 0 - type: integer 
	Parameter C_USE_ECC_RACH bound to: 0 - type: integer 
	Parameter C_USE_ECC_RDCH bound to: 0 - type: integer 
	Parameter C_USE_ECC_AXIS bound to: 0 - type: integer 
	Parameter C_ERROR_INJECTION_TYPE_WACH bound to: 0 - type: integer 
	Parameter C_ERROR_INJECTION_TYPE_WDCH bound to: 0 - type: integer 
	Parameter C_ERROR_INJECTION_TYPE_WRCH bound to: 0 - type: integer 
	Parameter C_ERROR_INJECTION_TYPE_RACH bound to: 0 - type: integer 
	Parameter C_ERROR_INJECTION_TYPE_RDCH bound to: 0 - type: integer 
	Parameter C_ERROR_INJECTION_TYPE_AXIS bound to: 0 - type: integer 
	Parameter C_DIN_WIDTH_WACH bound to: 32 - type: integer 
	Parameter C_DIN_WIDTH_WDCH bound to: 64 - type: integer 
	Parameter C_DIN_WIDTH_WRCH bound to: 2 - type: integer 
	Parameter C_DIN_WIDTH_RACH bound to: 32 - type: integer 
	Parameter C_DIN_WIDTH_RDCH bound to: 64 - type: integer 
	Parameter C_DIN_WIDTH_AXIS bound to: 167 - type: integer 
	Parameter C_WR_DEPTH_WACH bound to: 16 - type: integer 
	Parameter C_WR_DEPTH_WDCH bound to: 1024 - type: integer 
	Parameter C_WR_DEPTH_WRCH bound to: 16 - type: integer 
	Parameter C_WR_DEPTH_RACH bound to: 16 - type: integer 
	Parameter C_WR_DEPTH_RDCH bound to: 1024 - type: integer 
	Parameter C_WR_DEPTH_AXIS bound to: 64 - type: integer 
	Parameter C_WR_PNTR_WIDTH_WACH bound to: 4 - type: integer 
	Parameter C_WR_PNTR_WIDTH_WDCH bound to: 10 - type: integer 
	Parameter C_WR_PNTR_WIDTH_WRCH bound to: 4 - type: integer 
	Parameter C_WR_PNTR_WIDTH_RACH bound to: 4 - type: integer 
	Parameter C_WR_PNTR_WIDTH_RDCH bound to: 10 - type: integer 
	Parameter C_WR_PNTR_WIDTH_AXIS bound to: 6 - type: integer 
	Parameter C_HAS_DATA_COUNTS_WACH bound to: 0 - type: integer 
	Parameter C_HAS_DATA_COUNTS_WDCH bound to: 0 - type: integer 
	Parameter C_HAS_DATA_COUNTS_WRCH bound to: 0 - type: integer 
	Parameter C_HAS_DATA_COUNTS_RACH bound to: 0 - type: integer 
	Parameter C_HAS_DATA_COUNTS_RDCH bound to: 0 - type: integer 
	Parameter C_HAS_DATA_COUNTS_AXIS bound to: 0 - type: integer 
	Parameter C_HAS_PROG_FLAGS_WACH bound to: 0 - type: integer 
	Parameter C_HAS_PROG_FLAGS_WDCH bound to: 0 - type: integer 
	Parameter C_HAS_PROG_FLAGS_WRCH bound to: 0 - type: integer 
	Parameter C_HAS_PROG_FLAGS_RACH bound to: 0 - type: integer 
	Parameter C_HAS_PROG_FLAGS_RDCH bound to: 0 - type: integer 
	Parameter C_HAS_PROG_FLAGS_AXIS bound to: 0 - type: integer 
	Parameter C_PROG_FULL_TYPE_WACH bound to: 0 - type: integer 
	Parameter C_PROG_FULL_TYPE_WDCH bound to: 0 - type: integer 
	Parameter C_PROG_FULL_TYPE_WRCH bound to: 0 - type: integer 
	Parameter C_PROG_FULL_TYPE_RACH bound to: 0 - type: integer 
	Parameter C_PROG_FULL_TYPE_RDCH bound to: 0 - type: integer 
	Parameter C_PROG_FULL_TYPE_AXIS bound to: 1 - type: integer 
	Parameter C_PROG_FULL_THRESH_ASSERT_VAL_WACH bound to: 15 - type: integer 
	Parameter C_PROG_FULL_THRESH_ASSERT_VAL_WDCH bound to: 1023 - type: integer 
	Parameter C_PROG_FULL_THRESH_ASSERT_VAL_WRCH bound to: 15 - type: integer 
	Parameter C_PROG_FULL_THRESH_ASSERT_VAL_RACH bound to: 15 - type: integer 
	Parameter C_PROG_FULL_THRESH_ASSERT_VAL_RDCH bound to: 1023 - type: integer 
	Parameter C_PROG_FULL_THRESH_ASSERT_VAL_AXIS bound to: 45 - type: integer 
	Parameter C_PROG_EMPTY_TYPE_WACH bound to: 0 - type: integer 
	Parameter C_PROG_EMPTY_TYPE_WDCH bound to: 0 - type: integer 
	Parameter C_PROG_EMPTY_TYPE_WRCH bound to: 0 - type: integer 
	Parameter C_PROG_EMPTY_TYPE_RACH bound to: 0 - type: integer 
	Parameter C_PROG_EMPTY_TYPE_RDCH bound to: 0 - type: integer 
	Parameter C_PROG_EMPTY_TYPE_AXIS bound to: 0 - type: integer 
	Parameter C_PROG_EMPTY_THRESH_ASSERT_VAL_WACH bound to: 14 - type: integer 
	Parameter C_PROG_EMPTY_THRESH_ASSERT_VAL_WDCH bound to: 1022 - type: integer 
	Parameter C_PROG_EMPTY_THRESH_ASSERT_VAL_WRCH bound to: 14 - type: integer 
	Parameter C_PROG_EMPTY_THRESH_ASSERT_VAL_RACH bound to: 14 - type: integer 
	Parameter C_PROG_EMPTY_THRESH_ASSERT_VAL_RDCH bound to: 1022 - type: integer 
	Parameter C_PROG_EMPTY_THRESH_ASSERT_VAL_AXIS bound to: 62 - type: integer 
	Parameter C_REG_SLICE_MODE_WACH bound to: 0 - type: integer 
	Parameter C_REG_SLICE_MODE_WDCH bound to: 0 - type: integer 
	Parameter C_REG_SLICE_MODE_WRCH bound to: 0 - type: integer 
	Parameter C_REG_SLICE_MODE_RACH bound to: 0 - type: integer 
	Parameter C_REG_SLICE_MODE_RDCH bound to: 0 - type: integer 
	Parameter C_REG_SLICE_MODE_AXIS bound to: 0 - type: integer 
INFO: [Synth 8-3491] module 'fifo_generator_v13_2_14' declared at '/home/kokunev/data/git_root/dig/dig_board_streamer/dig_streamer/dig_streamer.gen/sources_1/bd/design_1/ipshared/d654/hdl/fifo_generator_v13_2_vhsyn_rfs.vhd:38308' bound to instance 'U0' of component 'fifo_generator_v13_2_14' [/home/kokunev/data/git_root/dig/dig_board_streamer/dig_streamer/dig_streamer.gen/sources_1/bd/design_1/ip/design_1_xdma_0_0/ip_3/synth/pcie2_fifo_generator_dma_cpl.vhd:564]
INFO: [Synth 8-6157] synthesizing module 'xpm_cdc_sync_rst' [/opt/Xilinx_2/2025.2/data/ip/xpm/xpm_cdc/hdl/xpm_cdc.sv:1059]
INFO: [Synth 8-6155] done synthesizing module 'xpm_cdc_sync_rst' (0#1) [/opt/Xilinx_2/2025.2/data/ip/xpm/xpm_cdc/hdl/xpm_cdc.sv:1059]
INFO: [Synth 8-256] done synthesizing module 'pcie2_fifo_generator_dma_cpl' (0#1) [/home/kokunev/data/git_root/dig/dig_board_streamer/dig_streamer/dig_streamer.gen/sources_1/bd/design_1/ip/design_1_xdma_0_0/ip_3/synth/pcie2_fifo_generator_dma_cpl.vhd:81]
WARNING: [Synth 8-7071] port 'wr_rst_busy' of module 'pcie2_fifo_generator_dma_cpl' is unconnected for instance 'dma_cpl_fifo_inst' [/home/kokunev/data/git_root/dig/dig_board_streamer/dig_streamer/dig_streamer.gen/sources_1/bd/design_1/ip/design_1_xdma_0_0/xdma_v4_2/hdl/verilog/design_1_xdma_0_0_rx_demux.sv:286]
WARNING: [Synth 8-7071] port 'rd_rst_busy' of module 'pcie2_fifo_generator_dma_cpl' is unconnected for instance 'dma_cpl_fifo_inst' [/home/kokunev/data/git_root/dig/dig_board_streamer/dig_streamer/dig_streamer.gen/sources_1/bd/design_1/ip/design_1_xdma_0_0/xdma_v4_2/hdl/verilog/design_1_xdma_0_0_rx_demux.sv:286]
WARNING: [Synth 8-7023] instance 'dma_cpl_fifo_inst' of module 'pcie2_fifo_generator_dma_cpl' has 17 connections declared, but only 15 given [/home/kokunev/data/git_root/dig/dig_board_streamer/dig_streamer/dig_streamer.gen/sources_1/bd/design_1/ip/design_1_xdma_0_0/xdma_v4_2/hdl/verilog/design_1_xdma_0_0_rx_demux.sv:286]
INFO: [Synth 8-638] synthesizing module 'pcie2_fifo_generator_tgt_brdg' [/home/kokunev/data/git_root/dig/dig_board_streamer/dig_streamer/dig_streamer.gen/sources_1/bd/design_1/ip/design_1_xdma_0_0/ip_4/synth/pcie2_fifo_generator_tgt_brdg.vhd:81]
	Parameter C_COMMON_CLOCK bound to: 1 - type: integer 
	Parameter C_SELECT_XPM bound to: 0 - type: integer 
	Parameter C_COUNT_TYPE bound to: 0 - type: integer 
	Parameter C_DATA_COUNT_WIDTH bound to: 10 - type: integer 
	Parameter C_DEFAULT_VALUE bound to: BlankString - type: string 
	Parameter C_DIN_WIDTH bound to: 18 - type: integer 
	Parameter C_DOUT_RST_VAL bound to: 0 - type: string 
	Parameter C_DOUT_WIDTH bound to: 18 - type: integer 
	Parameter C_ENABLE_RLOCS bound to: 0 - type: integer 
	Parameter C_FAMILY bound to: artix7 - type: string 
	Parameter C_FULL_FLAGS_RST_VAL bound to: 1 - type: integer 
	Parameter C_HAS_ALMOST_EMPTY bound to: 0 - type: integer 
	Parameter C_HAS_ALMOST_FULL bound to: 0 - type: integer 
	Parameter C_HAS_BACKUP bound to: 0 - type: integer 
	Parameter C_HAS_DATA_COUNT bound to: 0 - type: integer 
	Parameter C_HAS_INT_CLK bound to: 0 - type: integer 
	Parameter C_HAS_MEMINIT_FILE bound to: 0 - type: integer 
	Parameter C_HAS_OVERFLOW bound to: 0 - type: integer 
	Parameter C_HAS_RD_DATA_COUNT bound to: 0 - type: integer 
	Parameter C_HAS_RD_RST bound to: 0 - type: integer 
	Parameter C_HAS_RST bound to: 1 - type: integer 
	Parameter C_HAS_SRST bound to: 0 - type: integer 
	Parameter C_HAS_UNDERFLOW bound to: 0 - type: integer 
	Parameter C_HAS_VALID bound to: 0 - type: integer 
	Parameter C_HAS_WR_ACK bound to: 0 - type: integer 
	Parameter C_HAS_WR_DATA_COUNT bound to: 0 - type: integer 
	Parameter C_HAS_WR_RST bound to: 0 - type: integer 
	Parameter C_IMPLEMENTATION_TYPE bound to: 0 - type: integer 
	Parameter C_INIT_WR_PNTR_VAL bound to: 0 - type: integer 
	Parameter C_MEMORY_TYPE bound to: 1 - type: integer 
	Parameter C_MIF_FILE_NAME bound to: BlankString - type: string 
	Parameter C_OPTIMIZATION_MODE bound to: 0 - type: integer 
	Parameter C_OVERFLOW_LOW bound to: 0 - type: integer 
	Parameter C_PRELOAD_LATENCY bound to: 1 - type: integer 
	Parameter C_PRELOAD_REGS bound to: 0 - type: integer 
	Parameter C_PRIM_FIFO_TYPE bound to: 4kx4 - type: string 
	Parameter C_PROG_EMPTY_THRESH_ASSERT_VAL bound to: 2 - type: integer 
	Parameter C_PROG_EMPTY_THRESH_NEGATE_VAL bound to: 3 - type: integer 
	Parameter C_PROG_EMPTY_TYPE bound to: 0 - type: integer 
	Parameter C_PROG_FULL_THRESH_ASSERT_VAL bound to: 1022 - type: integer 
	Parameter C_PROG_FULL_THRESH_NEGATE_VAL bound to: 1021 - type: integer 
	Parameter C_PROG_FULL_TYPE bound to: 0 - type: integer 
	Parameter C_RD_DATA_COUNT_WIDTH bound to: 10 - type: integer 
	Parameter C_RD_DEPTH bound to: 1024 - type: integer 
	Parameter C_RD_FREQ bound to: 1 - type: integer 
	Parameter C_RD_PNTR_WIDTH bound to: 10 - type: integer 
	Parameter C_UNDERFLOW_LOW bound to: 0 - type: integer 
	Parameter C_USE_DOUT_RST bound to: 1 - type: integer 
	Parameter C_USE_ECC bound to: 0 - type: integer 
	Parameter C_USE_EMBEDDED_REG bound to: 0 - type: integer 
	Parameter C_USE_PIPELINE_REG bound to: 0 - type: integer 
	Parameter C_POWER_SAVING_MODE bound to: 0 - type: integer 
	Parameter C_USE_FIFO16_FLAGS bound to: 0 - type: integer 
	Parameter C_USE_FWFT_DATA_COUNT bound to: 0 - type: integer 
	Parameter C_VALID_LOW bound to: 0 - type: integer 
	Parameter C_WR_ACK_LOW bound to: 0 - type: integer 
	Parameter C_WR_DATA_COUNT_WIDTH bound to: 10 - type: integer 
	Parameter C_WR_DEPTH bound to: 1024 - type: integer 
	Parameter C_WR_FREQ bound to: 1 - type: integer 
	Parameter C_WR_PNTR_WIDTH bound to: 10 - type: integer 
	Parameter C_WR_RESPONSE_LATENCY bound to: 1 - type: integer 
	Parameter C_MSGON_VAL bound to: 1 - type: integer 
	Parameter C_ENABLE_RST_SYNC bound to: 1 - type: integer 
	Parameter C_EN_SAFETY_CKT bound to: 1 - type: integer 
	Parameter C_ERROR_INJECTION_TYPE bound to: 0 - type: integer 
	Parameter C_SYNCHRONIZER_STAGE bound to: 2 - type: integer 
	Parameter C_INTERFACE_TYPE bound to: 1 - type: integer 
	Parameter C_AXI_TYPE bound to: 1 - type: integer 
	Parameter C_HAS_AXI_WR_CHANNEL bound to: 1 - type: integer 
	Parameter C_HAS_AXI_RD_CHANNEL bound to: 1 - type: integer 
	Parameter C_HAS_SLAVE_CE bound to: 0 - type: integer 
	Parameter C_HAS_MASTER_CE bound to: 0 - type: integer 
	Parameter C_ADD_NGC_CONSTRAINT bound to: 0 - type: integer 
	Parameter C_USE_COMMON_OVERFLOW bound to: 0 - type: integer 
	Parameter C_USE_COMMON_UNDERFLOW bound to: 0 - type: integer 
	Parameter C_USE_DEFAULT_SETTINGS bound to: 0 - type: integer 
	Parameter C_AXI_ID_WIDTH bound to: 1 - type: integer 
	Parameter C_AXI_ADDR_WIDTH bound to: 32 - type: integer 
	Parameter C_AXI_DATA_WIDTH bound to: 64 - type: integer 
	Parameter C_AXI_LEN_WIDTH bound to: 8 - type: integer 
	Parameter C_AXI_LOCK_WIDTH bound to: 1 - type: integer 
	Parameter C_HAS_AXI_ID bound to: 0 - type: integer 
	Parameter C_HAS_AXI_AWUSER bound to: 0 - type: integer 
	Parameter C_HAS_AXI_WUSER bound to: 0 - type: integer 
	Parameter C_HAS_AXI_BUSER bound to: 0 - type: integer 
	Parameter C_HAS_AXI_ARUSER bound to: 0 - type: integer 
	Parameter C_HAS_AXI_RUSER bound to: 0 - type: integer 
	Parameter C_AXI_ARUSER_WIDTH bound to: 1 - type: integer 
	Parameter C_AXI_AWUSER_WIDTH bound to: 1 - type: integer 
	Parameter C_AXI_WUSER_WIDTH bound to: 1 - type: integer 
	Parameter C_AXI_BUSER_WIDTH bound to: 1 - type: integer 
	Parameter C_AXI_RUSER_WIDTH bound to: 1 - type: integer 
	Parameter C_HAS_AXIS_TDATA bound to: 1 - type: integer 
	Parameter C_HAS_AXIS_TID bound to: 0 - type: integer 
	Parameter C_HAS_AXIS_TDEST bound to: 0 - type: integer 
	Parameter C_HAS_AXIS_TUSER bound to: 1 - type: integer 
	Parameter C_HAS_AXIS_TREADY bound to: 1 - type: integer 
	Parameter C_HAS_AXIS_TLAST bound to: 1 - type: integer 
	Parameter C_HAS_AXIS_TSTRB bound to: 0 - type: integer 
	Parameter C_HAS_AXIS_TKEEP bound to: 1 - type: integer 
	Parameter C_AXIS_TDATA_WIDTH bound to: 128 - type: integer 
	Parameter C_AXIS_TID_WIDTH bound to: 1 - type: integer 
	Parameter C_AXIS_TDEST_WIDTH bound to: 1 - type: integer 
	Parameter C_AXIS_TUSER_WIDTH bound to: 22 - type: integer 
	Parameter C_AXIS_TSTRB_WIDTH bound to: 16 - type: integer 
	Parameter C_AXIS_TKEEP_WIDTH bound to: 16 - type: integer 
	Parameter C_WACH_TYPE bound to: 0 - type: integer 
	Parameter C_WDCH_TYPE bound to: 0 - type: integer 
	Parameter C_WRCH_TYPE bound to: 0 - type: integer 
	Parameter C_RACH_TYPE bound to: 0 - type: integer 
	Parameter C_RDCH_TYPE bound to: 0 - type: integer 
	Parameter C_AXIS_TYPE bound to: 0 - type: integer 
	Parameter C_IMPLEMENTATION_TYPE_WACH bound to: 2 - type: integer 
	Parameter C_IMPLEMENTATION_TYPE_WDCH bound to: 1 - type: integer 
	Parameter C_IMPLEMENTATION_TYPE_WRCH bound to: 2 - type: integer 
	Parameter C_IMPLEMENTATION_TYPE_RACH bound to: 2 - type: integer 
	Parameter C_IMPLEMENTATION_TYPE_RDCH bound to: 1 - type: integer 
	Parameter C_IMPLEMENTATION_TYPE_AXIS bound to: 2 - type: integer 
	Parameter C_APPLICATION_TYPE_WACH bound to: 0 - type: integer 
	Parameter C_APPLICATION_TYPE_WDCH bound to: 0 - type: integer 
	Parameter C_APPLICATION_TYPE_WRCH bound to: 0 - type: integer 
	Parameter C_APPLICATION_TYPE_RACH bound to: 0 - type: integer 
	Parameter C_APPLICATION_TYPE_RDCH bound to: 0 - type: integer 
	Parameter C_APPLICATION_TYPE_AXIS bound to: 0 - type: integer 
	Parameter C_PRIM_FIFO_TYPE_WACH bound to: 512x36 - type: string 
	Parameter C_PRIM_FIFO_TYPE_WDCH bound to: 1kx36 - type: string 
	Parameter C_PRIM_FIFO_TYPE_WRCH bound to: 512x36 - type: string 
	Parameter C_PRIM_FIFO_TYPE_RACH bound to: 512x36 - type: string 
	Parameter C_PRIM_FIFO_TYPE_RDCH bound to: 1kx36 - type: string 
	Parameter C_PRIM_FIFO_TYPE_AXIS bound to: 512x72 - type: string 
	Parameter C_USE_ECC_WACH bound to: 0 - type: integer 
	Parameter C_USE_ECC_WDCH bound to: 0 - type: integer 
	Parameter C_USE_ECC_WRCH bound to: 0 - type: integer 
	Parameter C_USE_ECC_RACH bound to: 0 - type: integer 
	Parameter C_USE_ECC_RDCH bound to: 0 - type: integer 
	Parameter C_USE_ECC_AXIS bound to: 0 - type: integer 
	Parameter C_ERROR_INJECTION_TYPE_WACH bound to: 0 - type: integer 
	Parameter C_ERROR_INJECTION_TYPE_WDCH bound to: 0 - type: integer 
	Parameter C_ERROR_INJECTION_TYPE_WRCH bound to: 0 - type: integer 
	Parameter C_ERROR_INJECTION_TYPE_RACH bound to: 0 - type: integer 
	Parameter C_ERROR_INJECTION_TYPE_RDCH bound to: 0 - type: integer 
	Parameter C_ERROR_INJECTION_TYPE_AXIS bound to: 0 - type: integer 
	Parameter C_DIN_WIDTH_WACH bound to: 32 - type: integer 
	Parameter C_DIN_WIDTH_WDCH bound to: 64 - type: integer 
	Parameter C_DIN_WIDTH_WRCH bound to: 2 - type: integer 
	Parameter C_DIN_WIDTH_RACH bound to: 32 - type: integer 
	Parameter C_DIN_WIDTH_RDCH bound to: 64 - type: integer 
	Parameter C_DIN_WIDTH_AXIS bound to: 167 - type: integer 
	Parameter C_WR_DEPTH_WACH bound to: 16 - type: integer 
	Parameter C_WR_DEPTH_WDCH bound to: 1024 - type: integer 
	Parameter C_WR_DEPTH_WRCH bound to: 16 - type: integer 
	Parameter C_WR_DEPTH_RACH bound to: 16 - type: integer 
	Parameter C_WR_DEPTH_RDCH bound to: 1024 - type: integer 
	Parameter C_WR_DEPTH_AXIS bound to: 16 - type: integer 
	Parameter C_WR_PNTR_WIDTH_WACH bound to: 4 - type: integer 
	Parameter C_WR_PNTR_WIDTH_WDCH bound to: 10 - type: integer 
	Parameter C_WR_PNTR_WIDTH_WRCH bound to: 4 - type: integer 
	Parameter C_WR_PNTR_WIDTH_RACH bound to: 4 - type: integer 
	Parameter C_WR_PNTR_WIDTH_RDCH bound to: 10 - type: integer 
	Parameter C_WR_PNTR_WIDTH_AXIS bound to: 4 - type: integer 
	Parameter C_HAS_DATA_COUNTS_WACH bound to: 0 - type: integer 
	Parameter C_HAS_DATA_COUNTS_WDCH bound to: 0 - type: integer 
	Parameter C_HAS_DATA_COUNTS_WRCH bound to: 0 - type: integer 
	Parameter C_HAS_DATA_COUNTS_RACH bound to: 0 - type: integer 
	Parameter C_HAS_DATA_COUNTS_RDCH bound to: 0 - type: integer 
	Parameter C_HAS_DATA_COUNTS_AXIS bound to: 0 - type: integer 
	Parameter C_HAS_PROG_FLAGS_WACH bound to: 0 - type: integer 
	Parameter C_HAS_PROG_FLAGS_WDCH bound to: 0 - type: integer 
	Parameter C_HAS_PROG_FLAGS_WRCH bound to: 0 - type: integer 
	Parameter C_HAS_PROG_FLAGS_RACH bound to: 0 - type: integer 
	Parameter C_HAS_PROG_FLAGS_RDCH bound to: 0 - type: integer 
	Parameter C_HAS_PROG_FLAGS_AXIS bound to: 0 - type: integer 
	Parameter C_PROG_FULL_TYPE_WACH bound to: 0 - type: integer 
	Parameter C_PROG_FULL_TYPE_WDCH bound to: 0 - type: integer 
	Parameter C_PROG_FULL_TYPE_WRCH bound to: 0 - type: integer 
	Parameter C_PROG_FULL_TYPE_RACH bound to: 0 - type: integer 
	Parameter C_PROG_FULL_TYPE_RDCH bound to: 0 - type: integer 
	Parameter C_PROG_FULL_TYPE_AXIS bound to: 1 - type: integer 
	Parameter C_PROG_FULL_THRESH_ASSERT_VAL_WACH bound to: 15 - type: integer 
	Parameter C_PROG_FULL_THRESH_ASSERT_VAL_WDCH bound to: 1023 - type: integer 
	Parameter C_PROG_FULL_THRESH_ASSERT_VAL_WRCH bound to: 15 - type: integer 
	Parameter C_PROG_FULL_THRESH_ASSERT_VAL_RACH bound to: 15 - type: integer 
	Parameter C_PROG_FULL_THRESH_ASSERT_VAL_RDCH bound to: 1023 - type: integer 
	Parameter C_PROG_FULL_THRESH_ASSERT_VAL_AXIS bound to: 9 - type: integer 
	Parameter C_PROG_EMPTY_TYPE_WACH bound to: 0 - type: integer 
	Parameter C_PROG_EMPTY_TYPE_WDCH bound to: 0 - type: integer 
	Parameter C_PROG_EMPTY_TYPE_WRCH bound to: 0 - type: integer 
	Parameter C_PROG_EMPTY_TYPE_RACH bound to: 0 - type: integer 
	Parameter C_PROG_EMPTY_TYPE_RDCH bound to: 0 - type: integer 
	Parameter C_PROG_EMPTY_TYPE_AXIS bound to: 0 - type: integer 
	Parameter C_PROG_EMPTY_THRESH_ASSERT_VAL_WACH bound to: 14 - type: integer 
	Parameter C_PROG_EMPTY_THRESH_ASSERT_VAL_WDCH bound to: 1022 - type: integer 
	Parameter C_PROG_EMPTY_THRESH_ASSERT_VAL_WRCH bound to: 14 - type: integer 
	Parameter C_PROG_EMPTY_THRESH_ASSERT_VAL_RACH bound to: 14 - type: integer 
	Parameter C_PROG_EMPTY_THRESH_ASSERT_VAL_RDCH bound to: 1022 - type: integer 
	Parameter C_PROG_EMPTY_THRESH_ASSERT_VAL_AXIS bound to: 14 - type: integer 
	Parameter C_REG_SLICE_MODE_WACH bound to: 0 - type: integer 
	Parameter C_REG_SLICE_MODE_WDCH bound to: 0 - type: integer 
	Parameter C_REG_SLICE_MODE_WRCH bound to: 0 - type: integer 
	Parameter C_REG_SLICE_MODE_RACH bound to: 0 - type: integer 
	Parameter C_REG_SLICE_MODE_RDCH bound to: 0 - type: integer 
	Parameter C_REG_SLICE_MODE_AXIS bound to: 0 - type: integer 
INFO: [Synth 8-3491] module 'fifo_generator_v13_2_14' declared at '/home/kokunev/data/git_root/dig/dig_board_streamer/dig_streamer/dig_streamer.gen/sources_1/bd/design_1/ipshared/d654/hdl/fifo_generator_v13_2_vhsyn_rfs.vhd:38308' bound to instance 'U0' of component 'fifo_generator_v13_2_14' [/home/kokunev/data/git_root/dig/dig_board_streamer/dig_streamer/dig_streamer.gen/sources_1/bd/design_1/ip/design_1_xdma_0_0/ip_4/synth/pcie2_fifo_generator_tgt_brdg.vhd:564]
INFO: [Synth 8-6157] synthesizing module 'xpm_cdc_async_rst' [/opt/Xilinx_2/2025.2/data/ip/xpm/xpm_cdc/hdl/xpm_cdc.sv:1175]
INFO: [Synth 8-6155] done synthesizing module 'xpm_cdc_async_rst' (0#1) [/opt/Xilinx_2/2025.2/data/ip/xpm/xpm_cdc/hdl/xpm_cdc.sv:1175]
INFO: [Synth 8-256] done synthesizing module 'pcie2_fifo_generator_tgt_brdg' (0#1) [/home/kokunev/data/git_root/dig/dig_board_streamer/dig_streamer/dig_streamer.gen/sources_1/bd/design_1/ip/design_1_xdma_0_0/ip_4/synth/pcie2_fifo_generator_tgt_brdg.vhd:81]
WARNING: [Synth 8-7071] port 'wr_rst_busy' of module 'pcie2_fifo_generator_tgt_brdg' is unconnected for instance 'tgt_brdg_fifo_inst' [/home/kokunev/data/git_root/dig/dig_board_streamer/dig_streamer/dig_streamer.gen/sources_1/bd/design_1/ip/design_1_xdma_0_0/xdma_v4_2/hdl/verilog/design_1_xdma_0_0_rx_demux.sv:311]
WARNING: [Synth 8-7071] port 'rd_rst_busy' of module 'pcie2_fifo_generator_tgt_brdg' is unconnected for instance 'tgt_brdg_fifo_inst' [/home/kokunev/data/git_root/dig/dig_board_streamer/dig_streamer/dig_streamer.gen/sources_1/bd/design_1/ip/design_1_xdma_0_0/xdma_v4_2/hdl/verilog/design_1_xdma_0_0_rx_demux.sv:311]
WARNING: [Synth 8-7023] instance 'tgt_brdg_fifo_inst' of module 'pcie2_fifo_generator_tgt_brdg' has 17 connections declared, but only 15 given [/home/kokunev/data/git_root/dig/dig_board_streamer/dig_streamer/dig_streamer.gen/sources_1/bd/design_1/ip/design_1_xdma_0_0/xdma_v4_2/hdl/verilog/design_1_xdma_0_0_rx_demux.sv:311]
INFO: [Synth 8-6157] synthesizing module 'design_1_xdma_0_0_rx_destraddler' [/home/kokunev/data/git_root/dig/dig_board_streamer/dig_streamer/dig_streamer.gen/sources_1/bd/design_1/ip/design_1_xdma_0_0/xdma_v4_2/hdl/verilog/design_1_xdma_0_0_rx_destraddler.sv:79]
INFO: [Synth 8-6155] done synthesizing module 'design_1_xdma_0_0_rx_destraddler' (0#1) [/home/kokunev/data/git_root/dig/dig_board_streamer/dig_streamer/dig_streamer.gen/sources_1/bd/design_1/ip/design_1_xdma_0_0/xdma_v4_2/hdl/verilog/design_1_xdma_0_0_rx_destraddler.sv:79]
INFO: [Synth 8-6155] done synthesizing module 'design_1_xdma_0_0_rx_demux' (0#1) [/home/kokunev/data/git_root/dig/dig_board_streamer/dig_streamer/dig_streamer.gen/sources_1/bd/design_1/ip/design_1_xdma_0_0/xdma_v4_2/hdl/verilog/design_1_xdma_0_0_rx_demux.sv:78]
INFO: [Synth 8-6157] synthesizing module 'design_1_xdma_0_0_tx_mux' [/home/kokunev/data/git_root/dig/dig_board_streamer/dig_streamer/dig_streamer.gen/sources_1/bd/design_1/ip/design_1_xdma_0_0/xdma_v4_2/hdl/verilog/design_1_xdma_0_0_tx_mux.sv:77]
INFO: [Synth 8-226] default block is never used [/home/kokunev/data/git_root/dig/dig_board_streamer/dig_streamer/dig_streamer.gen/sources_1/bd/design_1/ip/design_1_xdma_0_0/xdma_v4_2/hdl/verilog/design_1_xdma_0_0_tx_mux.sv:164]
INFO: [Synth 8-6155] done synthesizing module 'design_1_xdma_0_0_tx_mux' (0#1) [/home/kokunev/data/git_root/dig/dig_board_streamer/dig_streamer/dig_streamer.gen/sources_1/bd/design_1/ip/design_1_xdma_0_0/xdma_v4_2/hdl/verilog/design_1_xdma_0_0_tx_mux.sv:77]
INFO: [Synth 8-6157] synthesizing module 'design_1_xdma_0_0_dma_req' [/home/kokunev/data/git_root/dig/dig_board_streamer/dig_streamer/dig_streamer.gen/sources_1/bd/design_1/ip/design_1_xdma_0_0/xdma_v4_2/hdl/verilog/design_1_xdma_0_0_dma_req.sv:76]
INFO: [Synth 8-155] case statement is not full and has no default [/home/kokunev/data/git_root/dig/dig_board_streamer/dig_streamer/dig_streamer.gen/sources_1/bd/design_1/ip/design_1_xdma_0_0/xdma_v4_2/hdl/verilog/design_1_xdma_0_0_dma_req.sv:513]
INFO: [Synth 8-6155] done synthesizing module 'design_1_xdma_0_0_dma_req' (0#1) [/home/kokunev/data/git_root/dig/dig_board_streamer/dig_streamer/dig_streamer.gen/sources_1/bd/design_1/ip/design_1_xdma_0_0/xdma_v4_2/hdl/verilog/design_1_xdma_0_0_dma_req.sv:76]
INFO: [Synth 8-6157] synthesizing module 'design_1_xdma_0_0_dma_cpl' [/home/kokunev/data/git_root/dig/dig_board_streamer/dig_streamer/dig_streamer.gen/sources_1/bd/design_1/ip/design_1_xdma_0_0/xdma_v4_2/hdl/verilog/design_1_xdma_0_0_dma_cpl.sv:76]
INFO: [Synth 8-155] case statement is not full and has no default [/home/kokunev/data/git_root/dig/dig_board_streamer/dig_streamer/dig_streamer.gen/sources_1/bd/design_1/ip/design_1_xdma_0_0/xdma_v4_2/hdl/verilog/design_1_xdma_0_0_dma_cpl.sv:455]
INFO: [Synth 8-6155] done synthesizing module 'design_1_xdma_0_0_dma_cpl' (0#1) [/home/kokunev/data/git_root/dig/dig_board_streamer/dig_streamer/dig_streamer.gen/sources_1/bd/design_1/ip/design_1_xdma_0_0/xdma_v4_2/hdl/verilog/design_1_xdma_0_0_dma_cpl.sv:76]
INFO: [Synth 8-6157] synthesizing module 'design_1_xdma_0_0_tgt_req' [/home/kokunev/data/git_root/dig/dig_board_streamer/dig_streamer/dig_streamer.gen/sources_1/bd/design_1/ip/design_1_xdma_0_0/xdma_v4_2/hdl/verilog/design_1_xdma_0_0_tgt_req.sv:76]
INFO: [Synth 8-155] case statement is not full and has no default [/home/kokunev/data/git_root/dig/dig_board_streamer/dig_streamer/dig_streamer.gen/sources_1/bd/design_1/ip/design_1_xdma_0_0/xdma_v4_2/hdl/verilog/design_1_xdma_0_0_tgt_req.sv:550]
INFO: [Synth 8-6155] done synthesizing module 'design_1_xdma_0_0_tgt_req' (0#1) [/home/kokunev/data/git_root/dig/dig_board_streamer/dig_streamer/dig_streamer.gen/sources_1/bd/design_1/ip/design_1_xdma_0_0/xdma_v4_2/hdl/verilog/design_1_xdma_0_0_tgt_req.sv:76]
INFO: [Synth 8-6157] synthesizing module 'design_1_xdma_0_0_tgt_cpl' [/home/kokunev/data/git_root/dig/dig_board_streamer/dig_streamer/dig_streamer.gen/sources_1/bd/design_1/ip/design_1_xdma_0_0/xdma_v4_2/hdl/verilog/design_1_xdma_0_0_tgt_cpl.sv:77]
INFO: [Synth 8-155] case statement is not full and has no default [/home/kokunev/data/git_root/dig/dig_board_streamer/dig_streamer/dig_streamer.gen/sources_1/bd/design_1/ip/design_1_xdma_0_0/xdma_v4_2/hdl/verilog/design_1_xdma_0_0_tgt_cpl.sv:356]
INFO: [Synth 8-6155] done synthesizing module 'design_1_xdma_0_0_tgt_cpl' (0#1) [/home/kokunev/data/git_root/dig/dig_board_streamer/dig_streamer/dig_streamer.gen/sources_1/bd/design_1/ip/design_1_xdma_0_0/xdma_v4_2/hdl/verilog/design_1_xdma_0_0_tgt_cpl.sv:77]
INFO: [Synth 8-6155] done synthesizing module 'design_1_xdma_0_0_axi_stream_intf' (0#1) [/home/kokunev/data/git_root/dig/dig_board_streamer/dig_streamer/dig_streamer.gen/sources_1/bd/design_1/ip/design_1_xdma_0_0/xdma_v4_2/hdl/verilog/design_1_xdma_0_0_axi_stream_intf.sv:58]
INFO: [Synth 8-6157] synthesizing module 'design_1_xdma_0_0_cfg_sideband' [/home/kokunev/data/git_root/dig/dig_board_streamer/dig_streamer/dig_streamer.gen/sources_1/bd/design_1/ip/design_1_xdma_0_0/xdma_v4_2/hdl/verilog/design_1_xdma_0_0_cfg_sideband.sv:58]
INFO: [Synth 8-6155] done synthesizing module 'design_1_xdma_0_0_cfg_sideband' (0#1) [/home/kokunev/data/git_root/dig/dig_board_streamer/dig_streamer/dig_streamer.gen/sources_1/bd/design_1/ip/design_1_xdma_0_0/xdma_v4_2/hdl/verilog/design_1_xdma_0_0_cfg_sideband.sv:58]
INFO: [Synth 8-6157] synthesizing module 'design_1_xdma_0_0_pcie2_ip' [/home/kokunev/data/git_root/dig/dig_board_streamer/dig_streamer/dig_streamer.gen/sources_1/bd/design_1/ip/design_1_xdma_0_0/ip_0/synth/design_1_xdma_0_0_pcie2_ip.v:53]
INFO: [Synth 8-6157] synthesizing module 'design_1_xdma_0_0_pcie2_ip_pcie2_top' [/home/kokunev/data/git_root/dig/dig_board_streamer/dig_streamer/dig_streamer.gen/sources_1/bd/design_1/ip/design_1_xdma_0_0/ip_0/source/design_1_xdma_0_0_pcie2_ip_pcie2_top.v:59]
INFO: [Synth 8-6157] synthesizing module 'design_1_xdma_0_0_pcie2_ip_core_top' [/home/kokunev/data/git_root/dig/dig_board_streamer/dig_streamer/dig_streamer.gen/sources_1/bd/design_1/ip/design_1_xdma_0_0/ip_0/source/design_1_xdma_0_0_pcie2_ip_core_top.v:63]
INFO: [Synth 8-6157] synthesizing module 'xpm_cdc_single__parameterized0' [/opt/Xilinx_2/2025.2/data/ip/xpm/xpm_cdc/hdl/xpm_cdc.sv:152]
INFO: [Synth 8-6155] done synthesizing module 'xpm_cdc_single__parameterized0' (0#1) [/opt/Xilinx_2/2025.2/data/ip/xpm/xpm_cdc/hdl/xpm_cdc.sv:152]
INFO: [Synth 8-6157] synthesizing module 'design_1_xdma_0_0_pcie2_ip_pcie_top' [/home/kokunev/data/git_root/dig/dig_board_streamer/dig_streamer/dig_streamer.gen/sources_1/bd/design_1/ip/design_1_xdma_0_0/ip_0/source/design_1_xdma_0_0_pcie2_ip_pcie_top.v:62]
INFO: [Synth 8-6157] synthesizing module 'design_1_xdma_0_0_pcie2_ip_axi_basic_top' [/home/kokunev/data/git_root/dig/dig_board_streamer/dig_streamer/dig_streamer.gen/sources_1/bd/design_1/ip/design_1_xdma_0_0/ip_0/source/design_1_xdma_0_0_pcie2_ip_axi_basic_top.v:68]
INFO: [Synth 8-6157] synthesizing module 'design_1_xdma_0_0_pcie2_ip_axi_basic_rx' [/home/kokunev/data/git_root/dig/dig_board_streamer/dig_streamer/dig_streamer.gen/sources_1/bd/design_1/ip/design_1_xdma_0_0/ip_0/source/design_1_xdma_0_0_pcie2_ip_axi_basic_rx.v:70]
INFO: [Synth 8-6157] synthesizing module 'design_1_xdma_0_0_pcie2_ip_axi_basic_rx_pipeline' [/home/kokunev/data/git_root/dig/dig_board_streamer/dig_streamer/dig_streamer.gen/sources_1/bd/design_1/ip/design_1_xdma_0_0/ip_0/source/design_1_xdma_0_0_pcie2_ip_axi_basic_rx_pipeline.v:70]
INFO: [Synth 8-6155] done synthesizing module 'design_1_xdma_0_0_pcie2_ip_axi_basic_rx_pipeline' (0#1) [/home/kokunev/data/git_root/dig/dig_board_streamer/dig_streamer/dig_streamer.gen/sources_1/bd/design_1/ip/design_1_xdma_0_0/ip_0/source/design_1_xdma_0_0_pcie2_ip_axi_basic_rx_pipeline.v:70]
INFO: [Synth 8-6157] synthesizing module 'design_1_xdma_0_0_pcie2_ip_axi_basic_rx_null_gen' [/home/kokunev/data/git_root/dig/dig_board_streamer/dig_streamer/dig_streamer.gen/sources_1/bd/design_1/ip/design_1_xdma_0_0/ip_0/source/design_1_xdma_0_0_pcie2_ip_axi_basic_rx_null_gen.v:71]
INFO: [Synth 8-226] default block is never used [/home/kokunev/data/git_root/dig/dig_board_streamer/dig_streamer/dig_streamer.gen/sources_1/bd/design_1/ip/design_1_xdma_0_0/ip_0/source/design_1_xdma_0_0_pcie2_ip_axi_basic_rx_null_gen.v:253]
INFO: [Synth 8-6155] done synthesizing module 'design_1_xdma_0_0_pcie2_ip_axi_basic_rx_null_gen' (0#1) [/home/kokunev/data/git_root/dig/dig_board_streamer/dig_streamer/dig_streamer.gen/sources_1/bd/design_1/ip/design_1_xdma_0_0/ip_0/source/design_1_xdma_0_0_pcie2_ip_axi_basic_rx_null_gen.v:71]
INFO: [Synth 8-6155] done synthesizing module 'design_1_xdma_0_0_pcie2_ip_axi_basic_rx' (0#1) [/home/kokunev/data/git_root/dig/dig_board_streamer/dig_streamer/dig_streamer.gen/sources_1/bd/design_1/ip/design_1_xdma_0_0/ip_0/source/design_1_xdma_0_0_pcie2_ip_axi_basic_rx.v:70]
INFO: [Synth 8-6157] synthesizing module 'design_1_xdma_0_0_pcie2_ip_axi_basic_tx' [/home/kokunev/data/git_root/dig/dig_board_streamer/dig_streamer/dig_streamer.gen/sources_1/bd/design_1/ip/design_1_xdma_0_0/ip_0/source/design_1_xdma_0_0_pcie2_ip_axi_basic_tx.v:70]
INFO: [Synth 8-6157] synthesizing module 'design_1_xdma_0_0_pcie2_ip_axi_basic_tx_thrtl_ctl' [/home/kokunev/data/git_root/dig/dig_board_streamer/dig_streamer/dig_streamer.gen/sources_1/bd/design_1/ip/design_1_xdma_0_0/ip_0/source/design_1_xdma_0_0_pcie2_ip_axi_basic_tx_thrtl_ctl.v:71]
INFO: [Synth 8-226] default block is never used [/home/kokunev/data/git_root/dig/dig_board_streamer/dig_streamer/dig_streamer.gen/sources_1/bd/design_1/ip/design_1_xdma_0_0/ip_0/source/design_1_xdma_0_0_pcie2_ip_axi_basic_tx_thrtl_ctl.v:573]
INFO: [Synth 8-6155] done synthesizing module 'design_1_xdma_0_0_pcie2_ip_axi_basic_tx_thrtl_ctl' (0#1) [/home/kokunev/data/git_root/dig/dig_board_streamer/dig_streamer/dig_streamer.gen/sources_1/bd/design_1/ip/design_1_xdma_0_0/ip_0/source/design_1_xdma_0_0_pcie2_ip_axi_basic_tx_thrtl_ctl.v:71]
INFO: [Synth 8-6157] synthesizing module 'design_1_xdma_0_0_pcie2_ip_axi_basic_tx_pipeline' [/home/kokunev/data/git_root/dig/dig_board_streamer/dig_streamer/dig_streamer.gen/sources_1/bd/design_1/ip/design_1_xdma_0_0/ip_0/source/design_1_xdma_0_0_pcie2_ip_axi_basic_tx_pipeline.v:71]
INFO: [Synth 8-6155] done synthesizing module 'design_1_xdma_0_0_pcie2_ip_axi_basic_tx_pipeline' (0#1) [/home/kokunev/data/git_root/dig/dig_board_streamer/dig_streamer/dig_streamer.gen/sources_1/bd/design_1/ip/design_1_xdma_0_0/ip_0/source/design_1_xdma_0_0_pcie2_ip_axi_basic_tx_pipeline.v:71]
INFO: [Synth 8-6155] done synthesizing module 'design_1_xdma_0_0_pcie2_ip_axi_basic_tx' (0#1) [/home/kokunev/data/git_root/dig/dig_board_streamer/dig_streamer/dig_streamer.gen/sources_1/bd/design_1/ip/design_1_xdma_0_0/ip_0/source/design_1_xdma_0_0_pcie2_ip_axi_basic_tx.v:70]
INFO: [Synth 8-6155] done synthesizing module 'design_1_xdma_0_0_pcie2_ip_axi_basic_top' (0#1) [/home/kokunev/data/git_root/dig/dig_board_streamer/dig_streamer/dig_streamer.gen/sources_1/bd/design_1/ip/design_1_xdma_0_0/ip_0/source/design_1_xdma_0_0_pcie2_ip_axi_basic_top.v:68]
INFO: [Synth 8-6157] synthesizing module 'design_1_xdma_0_0_pcie2_ip_pcie_7x' [/home/kokunev/data/git_root/dig/dig_board_streamer/dig_streamer/dig_streamer.gen/sources_1/bd/design_1/ip/design_1_xdma_0_0/ip_0/source/design_1_xdma_0_0_pcie2_ip_pcie_7x.v:63]
INFO: [Common 17-14] Message 'Synth 8-6157' appears 100 times and further instances of the messages will be disabled. Use the Tcl command set_msg_config to change the current settings.
WARNING: [Synth 8-11581] system function call 'time' not supported [/home/kokunev/data/git_root/dig/dig_board_streamer/dig_streamer/dig_streamer.gen/sources_1/bd/design_1/ip/design_1_xdma_0_0/ip_0/source/design_1_xdma_0_0_pcie2_ip_pcie_bram_top_7x.v:139]
INFO: [Synth 8-251] [1'b0]  ROWS_TX 1 COLS_TX 4 [/home/kokunev/data/git_root/dig/dig_board_streamer/dig_streamer/dig_streamer.gen/sources_1/bd/design_1/ip/design_1_xdma_0_0/ip_0/source/design_1_xdma_0_0_pcie2_ip_pcie_bram_top_7x.v:139]
WARNING: [Synth 8-11581] system function call 'time' not supported [/home/kokunev/data/git_root/dig/dig_board_streamer/dig_streamer/dig_streamer.gen/sources_1/bd/design_1/ip/design_1_xdma_0_0/ip_0/source/design_1_xdma_0_0_pcie2_ip_pcie_bram_top_7x.v:140]
INFO: [Synth 8-251] [1'b0]  ROWS_RX 1 COLS_RX 4 [/home/kokunev/data/git_root/dig/dig_board_streamer/dig_streamer/dig_streamer.gen/sources_1/bd/design_1/ip/design_1_xdma_0_0/ip_0/source/design_1_xdma_0_0_pcie2_ip_pcie_bram_top_7x.v:140]
INFO: [Synth 8-6155] done synthesizing module 'RAMB36E1' (0#1) [/opt/Xilinx_2/2025.2/Vivado/scripts/rt/data/unisim_comp.v:159948]
INFO: [Synth 8-6155] done synthesizing module 'xil_internal_svlib_BRAM_TDP_MACRO' (0#1) [/opt/Xilinx_2/2025.2/data/verilog/src/unimacro/BRAM_TDP_MACRO.v:30]
INFO: [Synth 8-6155] done synthesizing module 'design_1_xdma_0_0_pcie2_ip_pcie_bram_7x' (0#1) [/home/kokunev/data/git_root/dig/dig_board_streamer/dig_streamer/dig_streamer.gen/sources_1/bd/design_1/ip/design_1_xdma_0_0/ip_0/source/design_1_xdma_0_0_pcie2_ip_pcie_bram_7x.v:63]
INFO: [Synth 8-6155] done synthesizing module 'design_1_xdma_0_0_pcie2_ip_pcie_brams_7x' (0#1) [/home/kokunev/data/git_root/dig/dig_board_streamer/dig_streamer/dig_streamer.gen/sources_1/bd/design_1/ip/design_1_xdma_0_0/ip_0/source/design_1_xdma_0_0_pcie2_ip_pcie_brams_7x.v:65]
INFO: [Synth 8-6155] done synthesizing module 'design_1_xdma_0_0_pcie2_ip_pcie_bram_top_7x' (0#1) [/home/kokunev/data/git_root/dig/dig_board_streamer/dig_streamer/dig_streamer.gen/sources_1/bd/design_1/ip/design_1_xdma_0_0/ip_0/source/design_1_xdma_0_0_pcie2_ip_pcie_bram_top_7x.v:72]
INFO: [Synth 8-6155] done synthesizing module 'PCIE_2_1' (0#1) [/opt/Xilinx_2/2025.2/Vivado/scripts/rt/data/unisim_comp.v:129233]
INFO: [Synth 8-6155] done synthesizing module 'design_1_xdma_0_0_pcie2_ip_pcie_7x' (0#1) [/home/kokunev/data/git_root/dig/dig_board_streamer/dig_streamer/dig_streamer.gen/sources_1/bd/design_1/ip/design_1_xdma_0_0/ip_0/source/design_1_xdma_0_0_pcie2_ip_pcie_7x.v:63]
INFO: [Synth 8-6155] done synthesizing module 'design_1_xdma_0_0_pcie2_ip_pcie_pipe_lane' (0#1) [/home/kokunev/data/git_root/dig/dig_board_streamer/dig_streamer/dig_streamer.gen/sources_1/bd/design_1/ip/design_1_xdma_0_0/ip_0/source/design_1_xdma_0_0_pcie2_ip_pcie_pipe_lane.v:63]
INFO: [Synth 8-6155] done synthesizing module 'design_1_xdma_0_0_pcie2_ip_pcie_pipe_misc' (0#1) [/home/kokunev/data/git_root/dig/dig_board_streamer/dig_streamer/dig_streamer.gen/sources_1/bd/design_1/ip/design_1_xdma_0_0/ip_0/source/design_1_xdma_0_0_pcie2_ip_pcie_pipe_misc.v:63]
INFO: [Synth 8-6155] done synthesizing module 'design_1_xdma_0_0_pcie2_ip_pcie_pipe_pipeline' (0#1) [/home/kokunev/data/git_root/dig/dig_board_streamer/dig_streamer/dig_streamer.gen/sources_1/bd/design_1/ip/design_1_xdma_0_0/ip_0/source/design_1_xdma_0_0_pcie2_ip_pcie_pipe_pipeline.v:63]
INFO: [Common 17-14] Message 'Synth 8-6155' appears 100 times and further instances of the messages will be disabled. Use the Tcl command set_msg_config to change the current settings.
INFO: [Synth 8-155] case statement is not full and has no default [/home/kokunev/data/git_root/dig/dig_board_streamer/dig_streamer/dig_streamer.gen/sources_1/bd/design_1/ip/design_1_xdma_0_0/ip_0/source/design_1_xdma_0_0_pcie2_ip_gt_rx_valid_filter_7x.v:191]
INFO: [Synth 8-226] default block is never used [/home/kokunev/data/git_root/dig/dig_board_streamer/dig_streamer/dig_streamer.gen/sources_1/bd/design_1/ip/design_1_xdma_0_0/ip_0/source/design_1_xdma_0_0_pcie2_ip_pipe_eq.v:402]
INFO: [Synth 8-226] default block is never used [/home/kokunev/data/git_root/dig/dig_board_streamer/dig_streamer/dig_streamer.gen/sources_1/bd/design_1/ip/design_1_xdma_0_0/ip_0/source/design_1_xdma_0_0_pcie2_ip_pipe_user.v:354]
INFO: [Synth 8-7071] port 'cfg_fc_vc_sel' of module 'design_1_xdma_0_0_core_top' is unconnected for instance 'inst' [/home/kokunev/data/git_root/dig/dig_board_streamer/dig_streamer/dig_streamer.gen/sources_1/bd/design_1/ip/design_1_xdma_0_0/synth/design_1_xdma_0_0.sv:593]
INFO: [Synth 8-7023] instance 'inst' of module 'design_1_xdma_0_0_core_top' has 1313 connections declared, but only 1312 given [/home/kokunev/data/git_root/dig/dig_board_streamer/dig_streamer/dig_streamer.gen/sources_1/bd/design_1/ip/design_1_xdma_0_0/synth/design_1_xdma_0_0.sv:593]
WARNING: [Synth 8-7071] port 'user_lnk_up' of module 'design_1_xdma_0_0' is unconnected for instance 'xdma_0' [/home/kokunev/data/git_root/dig/dig_board_streamer/dig_streamer/dig_streamer.gen/sources_1/bd/design_1/synth/design_1.v:287]
WARNING: [Synth 8-7071] port 'usr_irq_ack' of module 'design_1_xdma_0_0' is unconnected for instance 'xdma_0' [/home/kokunev/data/git_root/dig/dig_board_streamer/dig_streamer/dig_streamer.gen/sources_1/bd/design_1/synth/design_1.v:287]
WARNING: [Synth 8-7071] port 'msi_enable' of module 'design_1_xdma_0_0' is unconnected for instance 'xdma_0' [/home/kokunev/data/git_root/dig/dig_board_streamer/dig_streamer/dig_streamer.gen/sources_1/bd/design_1/synth/design_1.v:287]
WARNING: [Synth 8-7071] port 'msi_vector_width' of module 'design_1_xdma_0_0' is unconnected for instance 'xdma_0' [/home/kokunev/data/git_root/dig/dig_board_streamer/dig_streamer/dig_streamer.gen/sources_1/bd/design_1/synth/design_1.v:287]
WARNING: [Synth 8-7071] port 'cfg_mgmt_read_data' of module 'design_1_xdma_0_0' is unconnected for instance 'xdma_0' [/home/kokunev/data/git_root/dig/dig_board_streamer/dig_streamer/dig_streamer.gen/sources_1/bd/design_1/synth/design_1.v:287]
WARNING: [Synth 8-7071] port 'cfg_mgmt_read_write_done' of module 'design_1_xdma_0_0' is unconnected for instance 'xdma_0' [/home/kokunev/data/git_root/dig/dig_board_streamer/dig_streamer/dig_streamer.gen/sources_1/bd/design_1/synth/design_1.v:287]
WARNING: [Synth 8-7071] port 'm_axis_h2c_tdata_1' of module 'design_1_xdma_0_0' is unconnected for instance 'xdma_0' [/home/kokunev/data/git_root/dig/dig_board_streamer/dig_streamer/dig_streamer.gen/sources_1/bd/design_1/synth/design_1.v:287]
WARNING: [Synth 8-7071] port 'm_axis_h2c_tlast_1' of module 'design_1_xdma_0_0' is unconnected for instance 'xdma_0' [/home/kokunev/data/git_root/dig/dig_board_streamer/dig_streamer/dig_streamer.gen/sources_1/bd/design_1/synth/design_1.v:287]
WARNING: [Synth 8-7071] port 'm_axis_h2c_tvalid_1' of module 'design_1_xdma_0_0' is unconnected for instance 'xdma_0' [/home/kokunev/data/git_root/dig/dig_board_streamer/dig_streamer/dig_streamer.gen/sources_1/bd/design_1/synth/design_1.v:287]
WARNING: [Synth 8-7071] port 'm_axis_h2c_tkeep_1' of module 'design_1_xdma_0_0' is unconnected for instance 'xdma_0' [/home/kokunev/data/git_root/dig/dig_board_streamer/dig_streamer/dig_streamer.gen/sources_1/bd/design_1/synth/design_1.v:287]
WARNING: [Synth 8-7023] instance 'xdma_0' of module 'design_1_xdma_0_0' has 60 connections declared, but only 50 given [/home/kokunev/data/git_root/dig/dig_board_streamer/dig_streamer/dig_streamer.gen/sources_1/bd/design_1/synth/design_1.v:287]
INFO: [Synth 8-6014] Unused sequential element curr_awsize_reg_reg was removed.  [/home/kokunev/data/git_root/dig/dig_board_streamer/dig_streamer/dig_streamer.gen/sources_1/bd/design_1/ipshared/2f03/hdl/axi_bram_ctrl_v4_1_rfs.vhd:25239]
INFO: [Synth 8-6014] Unused sequential element aw_active_d1_reg was removed.  [/home/kokunev/data/git_root/dig/dig_board_streamer/dig_streamer/dig_streamer.gen/sources_1/bd/design_1/ipshared/2f03/hdl/axi_bram_ctrl_v4_1_rfs.vhd:25664]
INFO: [Synth 8-6014] Unused sequential element GEN_NO_RD_CMD_OPT.curr_arsize_reg_reg was removed.  [/home/kokunev/data/git_root/dig/dig_board_streamer/dig_streamer/dig_streamer.gen/sources_1/bd/design_1/ipshared/2f03/hdl/axi_bram_ctrl_v4_1_rfs.vhd:15924]
INFO: [Synth 8-6014] Unused sequential element GEN_NO_RD_CMD_OPT.do_cmplt_burst_reg was removed.  [/home/kokunev/data/git_root/dig/dig_board_streamer/dig_streamer/dig_streamer.gen/sources_1/bd/design_1/ipshared/2f03/hdl/axi_bram_ctrl_v4_1_rfs.vhd:21170]
WARNING: [Synth 8-6014] Unused sequential element samples_added_reg was removed.  [/home/kokunev/data/git_root/dig/dig_board_streamer/dig_streamer/dig_streamer.srcs/sources_1/imports/new/samples_generator.v:164]
WARNING: [Synth 8-6014] Unused sequential element total_in_beat_reg was removed.  [/home/kokunev/data/git_root/dig/dig_board_streamer/dig_streamer/dig_streamer.srcs/sources_1/imports/new/samples_generator.v:167]
WARNING: [Synth 8-6014] Unused sequential element rrq_did_nn1_reg was removed. 
WARNING: [Synth 8-6014] Unused sequential element rrq_did_nn1_reg was removed. 
WARNING: [Synth 8-6014] Unused sequential element rrq_dadr_nn1_reg was removed. 
WARNING: [Synth 8-6014] Unused sequential element rrq_did_nn1_reg was removed. 
WARNING: [Synth 8-6014] Unused sequential element rrq_dadr_nn1_reg was removed. 
WARNING: [Synth 8-6014] Unused sequential element rrq_did_nn1_reg was removed. 
WARNING: [Synth 8-6014] Unused sequential element m_axi_awcacheq_reg was removed. 
WARNING: [Synth 8-6014] Unused sequential element m_axi_reqidq_reg was removed. 
WARNING: [Synth 8-6014] Unused sequential element m_axi_barq_reg was removed. 
WARNING: [Synth 8-6014] Unused sequential element m_axi_arcacheissueq_reg was removed. 
WARNING: [Synth 8-6014] Unused sequential element m_axi_reqidq_reg was removed. 
WARNING: [Synth 8-6014] Unused sequential element m_axi_arlenpendq_reg was removed. 
WARNING: [Synth 8-6014] Unused sequential element m_axi_barq_reg was removed. 
WARNING: [Synth 8-4767] Trying to implement RAM 'MemArray_reg' in registers. Block RAM or DRAM implementation is not possible; see log for reasons. [/home/kokunev/data/git_root/dig/dig_board_streamer/dig_streamer/dig_streamer.gen/sources_1/bd/design_1/ipshared/d6c9/hdl/verilog/axidma_fifo.vh:1118]
Reason is one or more of the following :
	1: Only 1 word in RAM 
WARNING: [Synth 8-6014] Unused sequential element tag_rrq_usr_ofst_mem_even_reg was removed. 
WARNING: [Synth 8-6014] Unused sequential element tag_rrq_usr_ofst_mem_odd_reg was removed. 
WARNING: [Synth 8-6014] Unused sequential element gen_rd_b.gen_doutb_pipe.enb_pipe_reg[0] was removed.  [/opt/Xilinx_2/2025.2/data/ip/xpm/xpm_memory/hdl/xpm_memory.sv:3087]
WARNING: [Synth 8-6014] Unused sequential element data_width_128.prev_keep_half_reg was removed.  [/home/kokunev/data/git_root/dig/dig_board_streamer/dig_streamer/dig_streamer.gen/sources_1/bd/design_1/ip/design_1_xdma_0_0/xdma_v4_2/hdl/verilog/design_1_xdma_0_0_rx_destraddler.sv:140]
WARNING: [Synth 8-6014] Unused sequential element tx_128.req_cid_reg was removed.  [/home/kokunev/data/git_root/dig/dig_board_streamer/dig_streamer/dig_streamer.gen/sources_1/bd/design_1/ip/design_1_xdma_0_0/xdma_v4_2/hdl/verilog/design_1_xdma_0_0_dma_req.sv:500]
WARNING: [Synth 8-6014] Unused sequential element rc_128.wr_tc_reg was removed.  [/home/kokunev/data/git_root/dig/dig_board_streamer/dig_streamer/dig_streamer.gen/sources_1/bd/design_1/ip/design_1_xdma_0_0/xdma_v4_2/hdl/verilog/design_1_xdma_0_0_dma_cpl.sv:438]
WARNING: [Synth 8-6014] Unused sequential element rc_128.wr_td_reg was removed.  [/home/kokunev/data/git_root/dig/dig_board_streamer/dig_streamer/dig_streamer.gen/sources_1/bd/design_1/ip/design_1_xdma_0_0/xdma_v4_2/hdl/verilog/design_1_xdma_0_0_dma_cpl.sv:439]
WARNING: [Synth 8-6014] Unused sequential element rc_128.wr_ep_reg was removed.  [/home/kokunev/data/git_root/dig/dig_board_streamer/dig_streamer/dig_streamer.gen/sources_1/bd/design_1/ip/design_1_xdma_0_0/xdma_v4_2/hdl/verilog/design_1_xdma_0_0_dma_cpl.sv:440]
WARNING: [Synth 8-6014] Unused sequential element rc_128.wr_attr_reg was removed.  [/home/kokunev/data/git_root/dig/dig_board_streamer/dig_streamer/dig_streamer.gen/sources_1/bd/design_1/ip/design_1_xdma_0_0/xdma_v4_2/hdl/verilog/design_1_xdma_0_0_dma_cpl.sv:441]
WARNING: [Synth 8-6014] Unused sequential element rc_128.wr_rid_reg was removed.  [/home/kokunev/data/git_root/dig/dig_board_streamer/dig_streamer/dig_streamer.gen/sources_1/bd/design_1/ip/design_1_xdma_0_0/xdma_v4_2/hdl/verilog/design_1_xdma_0_0_dma_cpl.sv:443]
WARNING: [Synth 8-6014] Unused sequential element rc_128.wr_cid_reg was removed.  [/home/kokunev/data/git_root/dig/dig_board_streamer/dig_streamer/dig_streamer.gen/sources_1/bd/design_1/ip/design_1_xdma_0_0/xdma_v4_2/hdl/verilog/design_1_xdma_0_0_dma_cpl.sv:444]
WARNING: [Synth 8-6014] Unused sequential element rc_128.wr_tag_reg was removed.  [/home/kokunev/data/git_root/dig/dig_board_streamer/dig_streamer/dig_streamer.gen/sources_1/bd/design_1/ip/design_1_xdma_0_0/xdma_v4_2/hdl/verilog/design_1_xdma_0_0_dma_cpl.sv:445]
WARNING: [Synth 8-6014] Unused sequential element rc_128.wr_be_reg was removed.  [/home/kokunev/data/git_root/dig/dig_board_streamer/dig_streamer/dig_streamer.gen/sources_1/bd/design_1/ip/design_1_xdma_0_0/xdma_v4_2/hdl/verilog/design_1_xdma_0_0_dma_cpl.sv:446]
WARNING: [Synth 8-6014] Unused sequential element rc_128.wr_addr_reg was removed.  [/home/kokunev/data/git_root/dig/dig_board_streamer/dig_streamer/dig_streamer.gen/sources_1/bd/design_1/ip/design_1_xdma_0_0/xdma_v4_2/hdl/verilog/design_1_xdma_0_0_dma_cpl.sv:447]
WARNING: [Synth 8-6014] Unused sequential element rc_128.wr_byte_reg was removed.  [/home/kokunev/data/git_root/dig/dig_board_streamer/dig_streamer/dig_streamer.gen/sources_1/bd/design_1/ip/design_1_xdma_0_0/xdma_v4_2/hdl/verilog/design_1_xdma_0_0_dma_cpl.sv:448]
WARNING: [Synth 8-6014] Unused sequential element rc_128.wr_compl_status_reg was removed.  [/home/kokunev/data/git_root/dig/dig_board_streamer/dig_streamer/dig_streamer.gen/sources_1/bd/design_1/ip/design_1_xdma_0_0/xdma_v4_2/hdl/verilog/design_1_xdma_0_0_dma_cpl.sv:449]
WARNING: [Synth 8-6014] Unused sequential element rc_128.wr_data_reg was removed.  [/home/kokunev/data/git_root/dig/dig_board_streamer/dig_streamer/dig_streamer.gen/sources_1/bd/design_1/ip/design_1_xdma_0_0/xdma_v4_2/hdl/verilog/design_1_xdma_0_0_dma_cpl.sv:451]
WARNING: [Synth 8-6014] Unused sequential element wr_data_reg_reg was removed.  [/home/kokunev/data/git_root/dig/dig_board_streamer/dig_streamer/dig_streamer.gen/sources_1/bd/design_1/ip/design_1_xdma_0_0/xdma_v4_2/hdl/verilog/design_1_xdma_0_0_dma_cpl.sv:161]
WARNING: [Synth 8-3848] Net req_tc in module/entity design_1_xdma_0_0_tgt_req does not have driver. [/home/kokunev/data/git_root/dig/dig_board_streamer/dig_streamer/dig_streamer.gen/sources_1/bd/design_1/ip/design_1_xdma_0_0/xdma_v4_2/hdl/verilog/design_1_xdma_0_0_tgt_req.sv:136]
WARNING: [Synth 8-3848] Net req_attr in module/entity design_1_xdma_0_0_tgt_req does not have driver. [/home/kokunev/data/git_root/dig/dig_board_streamer/dig_streamer/dig_streamer.gen/sources_1/bd/design_1/ip/design_1_xdma_0_0/xdma_v4_2/hdl/verilog/design_1_xdma_0_0_tgt_req.sv:124]
WARNING: [Synth 8-6014] Unused sequential element tx_128.compl_ecrc_reg was removed.  [/home/kokunev/data/git_root/dig/dig_board_streamer/dig_streamer/dig_streamer.gen/sources_1/bd/design_1/ip/design_1_xdma_0_0/xdma_v4_2/hdl/verilog/design_1_xdma_0_0_tgt_cpl.sv:351]
WARNING: [Synth 8-6014] Unused sequential element tx_128.compl_data_reg was removed.  [/home/kokunev/data/git_root/dig/dig_board_streamer/dig_streamer/dig_streamer.gen/sources_1/bd/design_1/ip/design_1_xdma_0_0/xdma_v4_2/hdl/verilog/design_1_xdma_0_0_tgt_cpl.sv:352]
WARNING: [Synth 8-3848] Net pcie_rq_tag in module/entity design_1_xdma_0_0_axi_stream_intf does not have driver. [/home/kokunev/data/git_root/dig/dig_board_streamer/dig_streamer/dig_streamer.gen/sources_1/bd/design_1/ip/design_1_xdma_0_0/xdma_v4_2/hdl/verilog/design_1_xdma_0_0_axi_stream_intf.sv:145]
WARNING: [Synth 8-3848] Net pcie_rq_tag_vld in module/entity design_1_xdma_0_0_axi_stream_intf does not have driver. [/home/kokunev/data/git_root/dig/dig_board_streamer/dig_streamer/dig_streamer.gen/sources_1/bd/design_1/ip/design_1_xdma_0_0/xdma_v4_2/hdl/verilog/design_1_xdma_0_0_axi_stream_intf.sv:146]
WARNING: [Synth 8-6014] Unused sequential element s_axis_tx_tlast_reg was removed.  [/home/kokunev/data/git_root/dig/dig_board_streamer/dig_streamer/dig_streamer.gen/sources_1/bd/design_1/ip/design_1_xdma_0_0/xdma_v4_2/hdl/verilog/design_1_xdma_0_0_cfg_sideband.sv:793]
WARNING: [Synth 8-3848] Net g2ip_pl_transmit_hot_rst in module/entity design_1_xdma_0_0_cfg_sideband does not have driver. [/home/kokunev/data/git_root/dig/dig_board_streamer/dig_streamer/dig_streamer.gen/sources_1/bd/design_1/ip/design_1_xdma_0_0/xdma_v4_2/hdl/verilog/design_1_xdma_0_0_cfg_sideband.sv:265]
WARNING: [Synth 8-3848] Net g2ip_pl_downstream_deemph_source in module/entity design_1_xdma_0_0_cfg_sideband does not have driver. [/home/kokunev/data/git_root/dig/dig_board_streamer/dig_streamer/dig_streamer.gen/sources_1/bd/design_1/ip/design_1_xdma_0_0/xdma_v4_2/hdl/verilog/design_1_xdma_0_0_cfg_sideband.sv:266]
WARNING: [Synth 8-3848] Net cfg_function_power_state in module/entity design_1_xdma_0_0_cfg_sideband does not have driver. [/home/kokunev/data/git_root/dig/dig_board_streamer/dig_streamer/dig_streamer.gen/sources_1/bd/design_1/ip/design_1_xdma_0_0/xdma_v4_2/hdl/verilog/design_1_xdma_0_0_cfg_sideband.sv:286]
WARNING: [Synth 8-3848] Net cfg_link_power_state in module/entity design_1_xdma_0_0_cfg_sideband does not have driver. [/home/kokunev/data/git_root/dig/dig_board_streamer/dig_streamer/dig_streamer.gen/sources_1/bd/design_1/ip/design_1_xdma_0_0/xdma_v4_2/hdl/verilog/design_1_xdma_0_0_cfg_sideband.sv:287]
WARNING: [Synth 8-3848] Net cfg_ltssm_state in module/entity design_1_xdma_0_0_cfg_sideband does not have driver. [/home/kokunev/data/git_root/dig/dig_board_streamer/dig_streamer/dig_streamer.gen/sources_1/bd/design_1/ip/design_1_xdma_0_0/xdma_v4_2/hdl/verilog/design_1_xdma_0_0_cfg_sideband.sv:305]
WARNING: [Synth 8-3848] Net cfg_dpa_substate_change in module/entity design_1_xdma_0_0_cfg_sideband does not have driver. [/home/kokunev/data/git_root/dig/dig_board_streamer/dig_streamer/dig_streamer.gen/sources_1/bd/design_1/ip/design_1_xdma_0_0/xdma_v4_2/hdl/verilog/design_1_xdma_0_0_cfg_sideband.sv:307]
WARNING: [Synth 8-3848] Net cfg_obff_enable in module/entity design_1_xdma_0_0_cfg_sideband does not have driver. [/home/kokunev/data/git_root/dig/dig_board_streamer/dig_streamer/dig_streamer.gen/sources_1/bd/design_1/ip/design_1_xdma_0_0/xdma_v4_2/hdl/verilog/design_1_xdma_0_0_cfg_sideband.sv:308]
WARNING: [Synth 8-3848] Net cfg_pl_status_change in module/entity design_1_xdma_0_0_cfg_sideband does not have driver. [/home/kokunev/data/git_root/dig/dig_board_streamer/dig_streamer/dig_streamer.gen/sources_1/bd/design_1/ip/design_1_xdma_0_0/xdma_v4_2/hdl/verilog/design_1_xdma_0_0_cfg_sideband.sv:309]
WARNING: [Synth 8-3848] Net cfg_msg_received in module/entity design_1_xdma_0_0_cfg_sideband does not have driver. [/home/kokunev/data/git_root/dig/dig_board_streamer/dig_streamer/dig_streamer.gen/sources_1/bd/design_1/ip/design_1_xdma_0_0/xdma_v4_2/hdl/verilog/design_1_xdma_0_0_cfg_sideband.sv:311]
WARNING: [Synth 8-3848] Net cfg_msg_received_data in module/entity design_1_xdma_0_0_cfg_sideband does not have driver. [/home/kokunev/data/git_root/dig/dig_board_streamer/dig_streamer/dig_streamer.gen/sources_1/bd/design_1/ip/design_1_xdma_0_0/xdma_v4_2/hdl/verilog/design_1_xdma_0_0_cfg_sideband.sv:312]
WARNING: [Synth 8-3848] Net cfg_msg_received_type in module/entity design_1_xdma_0_0_cfg_sideband does not have driver. [/home/kokunev/data/git_root/dig/dig_board_streamer/dig_streamer/dig_streamer.gen/sources_1/bd/design_1/ip/design_1_xdma_0_0/xdma_v4_2/hdl/verilog/design_1_xdma_0_0_cfg_sideband.sv:313]
WARNING: [Synth 8-3848] Net cfg_msg_transmit_done in module/entity design_1_xdma_0_0_cfg_sideband does not have driver. [/home/kokunev/data/git_root/dig/dig_board_streamer/dig_streamer/dig_streamer.gen/sources_1/bd/design_1/ip/design_1_xdma_0_0/xdma_v4_2/hdl/verilog/design_1_xdma_0_0_cfg_sideband.sv:318]
WARNING: [Synth 8-3848] Net cfg_per_func_status_data in module/entity design_1_xdma_0_0_cfg_sideband does not have driver. [/home/kokunev/data/git_root/dig/dig_board_streamer/dig_streamer/dig_streamer.gen/sources_1/bd/design_1/ip/design_1_xdma_0_0/xdma_v4_2/hdl/verilog/design_1_xdma_0_0_cfg_sideband.sv:329]
WARNING: [Synth 8-3848] Net cfg_per_function_update_done in module/entity design_1_xdma_0_0_cfg_sideband does not have driver. [/home/kokunev/data/git_root/dig/dig_board_streamer/dig_streamer/dig_streamer.gen/sources_1/bd/design_1/ip/design_1_xdma_0_0/xdma_v4_2/hdl/verilog/design_1_xdma_0_0_cfg_sideband.sv:332]
WARNING: [Synth 8-3848] Net cfg_power_state_change_interrupt in module/entity design_1_xdma_0_0_cfg_sideband does not have driver. [/home/kokunev/data/git_root/dig/dig_board_streamer/dig_streamer/dig_streamer.gen/sources_1/bd/design_1/ip/design_1_xdma_0_0/xdma_v4_2/hdl/verilog/design_1_xdma_0_0_cfg_sideband.sv:336]
WARNING: [Synth 8-3848] Net cfg_ext_read_received in module/entity design_1_xdma_0_0_cfg_sideband does not have driver. [/home/kokunev/data/git_root/dig/dig_board_streamer/dig_streamer/dig_streamer.gen/sources_1/bd/design_1/ip/design_1_xdma_0_0/xdma_v4_2/hdl/verilog/design_1_xdma_0_0_cfg_sideband.sv:342]
WARNING: [Synth 8-3848] Net cfg_ext_write_received in module/entity design_1_xdma_0_0_cfg_sideband does not have driver. [/home/kokunev/data/git_root/dig/dig_board_streamer/dig_streamer/dig_streamer.gen/sources_1/bd/design_1/ip/design_1_xdma_0_0/xdma_v4_2/hdl/verilog/design_1_xdma_0_0_cfg_sideband.sv:343]
WARNING: [Synth 8-3848] Net cfg_ext_register_number in module/entity design_1_xdma_0_0_cfg_sideband does not have driver. [/home/kokunev/data/git_root/dig/dig_board_streamer/dig_streamer/dig_streamer.gen/sources_1/bd/design_1/ip/design_1_xdma_0_0/xdma_v4_2/hdl/verilog/design_1_xdma_0_0_cfg_sideband.sv:344]
WARNING: [Synth 8-3848] Net cfg_ext_function_number in module/entity design_1_xdma_0_0_cfg_sideband does not have driver. [/home/kokunev/data/git_root/dig/dig_board_streamer/dig_streamer/dig_streamer.gen/sources_1/bd/design_1/ip/design_1_xdma_0_0/xdma_v4_2/hdl/verilog/design_1_xdma_0_0_cfg_sideband.sv:345]
WARNING: [Synth 8-3848] Net cfg_ext_write_data in module/entity design_1_xdma_0_0_cfg_sideband does not have driver. [/home/kokunev/data/git_root/dig/dig_board_streamer/dig_streamer/dig_streamer.gen/sources_1/bd/design_1/ip/design_1_xdma_0_0/xdma_v4_2/hdl/verilog/design_1_xdma_0_0_cfg_sideband.sv:346]
WARNING: [Synth 8-3848] Net cfg_ext_write_byte_enable in module/entity design_1_xdma_0_0_cfg_sideband does not have driver. [/home/kokunev/data/git_root/dig/dig_board_streamer/dig_streamer/dig_streamer.gen/sources_1/bd/design_1/ip/design_1_xdma_0_0/xdma_v4_2/hdl/verilog/design_1_xdma_0_0_cfg_sideband.sv:347]
WARNING: [Synth 8-3848] Net cfg_interrupt_msi_mask_update in module/entity design_1_xdma_0_0_cfg_sideband does not have driver. [/home/kokunev/data/git_root/dig/dig_board_streamer/dig_streamer/dig_streamer.gen/sources_1/bd/design_1/ip/design_1_xdma_0_0/xdma_v4_2/hdl/verilog/design_1_xdma_0_0_cfg_sideband.sv:362]
WARNING: [Synth 8-3848] Net cfg_interrupt_msi_data in module/entity design_1_xdma_0_0_cfg_sideband does not have driver. [/home/kokunev/data/git_root/dig/dig_board_streamer/dig_streamer/dig_streamer.gen/sources_1/bd/design_1/ip/design_1_xdma_0_0/xdma_v4_2/hdl/verilog/design_1_xdma_0_0_cfg_sideband.sv:363]
WARNING: [Synth 8-3848] Net cfg_interrupt_msi_vf_enable in module/entity design_1_xdma_0_0_cfg_sideband does not have driver. [/home/kokunev/data/git_root/dig/dig_board_streamer/dig_streamer/dig_streamer.gen/sources_1/bd/design_1/ip/design_1_xdma_0_0/xdma_v4_2/hdl/verilog/design_1_xdma_0_0_cfg_sideband.sv:375]
WARNING: [Synth 8-3848] Net cfg_vf_status in module/entity design_1_xdma_0_0_cfg_sideband does not have driver. [/home/kokunev/data/git_root/dig/dig_board_streamer/dig_streamer/dig_streamer.gen/sources_1/bd/design_1/ip/design_1_xdma_0_0/xdma_v4_2/hdl/verilog/design_1_xdma_0_0_cfg_sideband.sv:376]
WARNING: [Synth 8-3848] Net cfg_vf_power_state in module/entity design_1_xdma_0_0_cfg_sideband does not have driver. [/home/kokunev/data/git_root/dig/dig_board_streamer/dig_streamer/dig_streamer.gen/sources_1/bd/design_1/ip/design_1_xdma_0_0/xdma_v4_2/hdl/verilog/design_1_xdma_0_0_cfg_sideband.sv:377]
WARNING: [Synth 8-3848] Net cfg_tph_requester_enable in module/entity design_1_xdma_0_0_cfg_sideband does not have driver. [/home/kokunev/data/git_root/dig/dig_board_streamer/dig_streamer/dig_streamer.gen/sources_1/bd/design_1/ip/design_1_xdma_0_0/xdma_v4_2/hdl/verilog/design_1_xdma_0_0_cfg_sideband.sv:378]
WARNING: [Synth 8-3848] Net cfg_tph_st_mode in module/entity design_1_xdma_0_0_cfg_sideband does not have driver. [/home/kokunev/data/git_root/dig/dig_board_streamer/dig_streamer/dig_streamer.gen/sources_1/bd/design_1/ip/design_1_xdma_0_0/xdma_v4_2/hdl/verilog/design_1_xdma_0_0_cfg_sideband.sv:379]
WARNING: [Synth 8-3848] Net cfg_vf_tph_requester_enable in module/entity design_1_xdma_0_0_cfg_sideband does not have driver. [/home/kokunev/data/git_root/dig/dig_board_streamer/dig_streamer/dig_streamer.gen/sources_1/bd/design_1/ip/design_1_xdma_0_0/xdma_v4_2/hdl/verilog/design_1_xdma_0_0_cfg_sideband.sv:380]
WARNING: [Synth 8-3848] Net cfg_vf_tph_st_mode in module/entity design_1_xdma_0_0_cfg_sideband does not have driver. [/home/kokunev/data/git_root/dig/dig_board_streamer/dig_streamer/dig_streamer.gen/sources_1/bd/design_1/ip/design_1_xdma_0_0/xdma_v4_2/hdl/verilog/design_1_xdma_0_0_cfg_sideband.sv:381]
WARNING: [Synth 8-3848] Net cfg_flr_in_process in module/entity design_1_xdma_0_0_cfg_sideband does not have driver. [/home/kokunev/data/git_root/dig/dig_board_streamer/dig_streamer/dig_streamer.gen/sources_1/bd/design_1/ip/design_1_xdma_0_0/xdma_v4_2/hdl/verilog/design_1_xdma_0_0_cfg_sideband.sv:382]
WARNING: [Synth 8-3848] Net cfg_vf_flr_in_process in module/entity design_1_xdma_0_0_cfg_sideband does not have driver. [/home/kokunev/data/git_root/dig/dig_board_streamer/dig_streamer/dig_streamer.gen/sources_1/bd/design_1/ip/design_1_xdma_0_0/xdma_v4_2/hdl/verilog/design_1_xdma_0_0_cfg_sideband.sv:383]
WARNING: [Synth 8-3848] Net cfg_hot_reset_out in module/entity design_1_xdma_0_0_cfg_sideband does not have driver. [/home/kokunev/data/git_root/dig/dig_board_streamer/dig_streamer/dig_streamer.gen/sources_1/bd/design_1/ip/design_1_xdma_0_0/xdma_v4_2/hdl/verilog/design_1_xdma_0_0_cfg_sideband.sv:388]
INFO: [Synth 8-6014] Unused sequential element reg_tlast_reg was removed.  [/home/kokunev/data/git_root/dig/dig_board_streamer/dig_streamer/dig_streamer.gen/sources_1/bd/design_1/ip/design_1_xdma_0_0/ip_0/source/design_1_xdma_0_0_pcie2_ip_axi_basic_rx_pipeline.v:284]
INFO: [Synth 8-6014] Unused sequential element reg_tkeep_reg was removed.  [/home/kokunev/data/git_root/dig/dig_board_streamer/dig_streamer/dig_streamer.gen/sources_1/bd/design_1/ip/design_1_xdma_0_0/ip_0/source/design_1_xdma_0_0_pcie2_ip_axi_basic_rx_pipeline.v:285]
INFO: [Synth 8-6014] Unused sequential element trn_rdllp_src_rdy_d_reg was removed.  [/home/kokunev/data/git_root/dig/dig_board_streamer/dig_streamer/dig_streamer.gen/sources_1/bd/design_1/ip/design_1_xdma_0_0/ip_0/source/design_1_xdma_0_0_pcie2_ip_axi_basic_tx_thrtl_ctl.v:421]
INFO: [Synth 8-6014] Unused sequential element reg_tlast_reg was removed.  [/home/kokunev/data/git_root/dig/dig_board_streamer/dig_streamer/dig_streamer.gen/sources_1/bd/design_1/ip/design_1_xdma_0_0/ip_0/source/design_1_xdma_0_0_pcie2_ip_axi_basic_tx_thrtl_ctl.v:655]
INFO: [Synth 8-6014] Unused sequential element flush_axi_reg was removed.  [/home/kokunev/data/git_root/dig/dig_board_streamer/dig_streamer/dig_streamer.gen/sources_1/bd/design_1/ip/design_1_xdma_0_0/ip_0/source/design_1_xdma_0_0_pcie2_ip_axi_basic_tx_pipeline.v:528]
INFO: [Synth 8-6014] Unused sequential element reg_eios_detected_reg was removed.  [/home/kokunev/data/git_root/dig/dig_board_streamer/dig_streamer/dig_streamer.gen/sources_1/bd/design_1/ip/design_1_xdma_0_0/ip_0/source/design_1_xdma_0_0_pcie2_ip_gt_rx_valid_filter_7x.v:135]
INFO: [Synth 8-6014] Unused sequential element gt_rx_is_skp0_q_reg was removed.  [/home/kokunev/data/git_root/dig/dig_board_streamer/dig_streamer/dig_streamer.gen/sources_1/bd/design_1/ip/design_1_xdma_0_0/ip_0/source/design_1_xdma_0_0_pcie2_ip_gt_rx_valid_filter_7x.v:144]
INFO: [Synth 8-6014] Unused sequential element gt_rx_is_skp1_q_reg was removed.  [/home/kokunev/data/git_root/dig/dig_board_streamer/dig_streamer/dig_streamer.gen/sources_1/bd/design_1/ip/design_1_xdma_0_0/ip_0/source/design_1_xdma_0_0_pcie2_ip_gt_rx_valid_filter_7x.v:145]
INFO: [Synth 8-6014] Unused sequential element pclk_sel_slave_reg was removed.  [/home/kokunev/data/git_root/dig/dig_board_streamer/dig_streamer/dig_streamer.gen/sources_1/bd/design_1/ip/design_1_xdma_0_0/ip_0/source/design_1_xdma_0_0_pcie2_ip_pipe_clock.v:590]
INFO: [Synth 8-6014] Unused sequential element gen3_rdy_reg was removed.  [/home/kokunev/data/git_root/dig/dig_board_streamer/dig_streamer/dig_streamer.gen/sources_1/bd/design_1/ip/design_1_xdma_0_0/ip_0/source/design_1_xdma_0_0_pcie2_ip_pipe_user.v:562]
WARNING: [Synth 8-6014] Unused sequential element rxsync_fsm_disable.rxsync_done_reg was removed.  [/home/kokunev/data/git_root/dig/dig_board_streamer/dig_streamer/dig_streamer.gen/sources_1/bd/design_1/ip/design_1_xdma_0_0/ip_0/source/design_1_xdma_0_0_pcie2_ip_pipe_sync.v:613]
INFO: [Synth 8-6014] Unused sequential element pipe_lane[0].gt_rxrcvrdet_c_reg was removed.  [/home/kokunev/data/git_root/dig/dig_board_streamer/dig_streamer/dig_streamer.gen/sources_1/bd/design_1/ip/design_1_xdma_0_0/ip_0/source/design_1_xdma_0_0_pcie2_ip_pipe_wrapper.v:1660]
INFO: [Synth 8-6014] Unused sequential element pipe_lane[1].gt_rxrcvrdet_c_reg was removed.  [/home/kokunev/data/git_root/dig/dig_board_streamer/dig_streamer/dig_streamer.gen/sources_1/bd/design_1/ip/design_1_xdma_0_0/ip_0/source/design_1_xdma_0_0_pcie2_ip_pipe_wrapper.v:1660]
INFO: [Synth 8-6014] Unused sequential element pipe_lane[2].gt_rxrcvrdet_c_reg was removed.  [/home/kokunev/data/git_root/dig/dig_board_streamer/dig_streamer/dig_streamer.gen/sources_1/bd/design_1/ip/design_1_xdma_0_0/ip_0/source/design_1_xdma_0_0_pcie2_ip_pipe_wrapper.v:1660]
INFO: [Synth 8-6014] Unused sequential element pipe_lane[3].gt_rxrcvrdet_c_reg was removed.  [/home/kokunev/data/git_root/dig/dig_board_streamer/dig_streamer/dig_streamer.gen/sources_1/bd/design_1/ip/design_1_xdma_0_0/ip_0/source/design_1_xdma_0_0_pcie2_ip_pipe_wrapper.v:1660]
WARNING: [Synth 8-6014] Unused sequential element sys_rst_lock_reg_reg was removed.  [/home/kokunev/data/git_root/dig/dig_board_streamer/dig_streamer/dig_streamer.gen/sources_1/bd/design_1/ip/design_1_xdma_0_0/xdma_v4_2/hdl/verilog/design_1_xdma_0_0_core_top.sv:4090]
WARNING: [Synth 8-3848] Net gt_drp_clk in module/entity design_1_xdma_0_0_core_top does not have driver. [/home/kokunev/data/git_root/dig/dig_board_streamer/dig_streamer/dig_streamer.gen/sources_1/bd/design_1/ip/design_1_xdma_0_0/xdma_v4_2/hdl/verilog/design_1_xdma_0_0_core_top.sv:2429]
WARNING: [Synth 8-3848] Net cfg_interrupt_msix_enable_int in module/entity design_1_xdma_0_0_core_top does not have driver. [/home/kokunev/data/git_root/dig/dig_board_streamer/dig_streamer/dig_streamer.gen/sources_1/bd/design_1/ip/design_1_xdma_0_0/xdma_v4_2/hdl/verilog/design_1_xdma_0_0_core_top.sv:3844]
WARNING: [Synth 8-3848] Net m_axis_h2c_tuser_2 in module/entity design_1_xdma_0_0_core_top does not have driver. [/home/kokunev/data/git_root/dig/dig_board_streamer/dig_streamer/dig_streamer.gen/sources_1/bd/design_1/ip/design_1_xdma_0_0/xdma_v4_2/hdl/verilog/design_1_xdma_0_0_core_top.sv:2569]
WARNING: [Synth 8-3848] Net m_axis_h2c_tkeep_2 in module/entity design_1_xdma_0_0_core_top does not have driver. [/home/kokunev/data/git_root/dig/dig_board_streamer/dig_streamer/dig_streamer.gen/sources_1/bd/design_1/ip/design_1_xdma_0_0/xdma_v4_2/hdl/verilog/design_1_xdma_0_0_core_top.sv:2570]
WARNING: [Synth 8-3848] Net m_axis_h2c_tuser_3 in module/entity design_1_xdma_0_0_core_top does not have driver. [/home/kokunev/data/git_root/dig/dig_board_streamer/dig_streamer/dig_streamer.gen/sources_1/bd/design_1/ip/design_1_xdma_0_0/xdma_v4_2/hdl/verilog/design_1_xdma_0_0_core_top.sv:2576]
WARNING: [Synth 8-3848] Net m_axis_h2c_tkeep_3 in module/entity design_1_xdma_0_0_core_top does not have driver. [/home/kokunev/data/git_root/dig/dig_board_streamer/dig_streamer/dig_streamer.gen/sources_1/bd/design_1/ip/design_1_xdma_0_0/xdma_v4_2/hdl/verilog/design_1_xdma_0_0_core_top.sv:2577]
WARNING: [Synth 8-3848] Net c2h_sts_0 in module/entity design_1_xdma_0_0_core_top does not have driver. [/home/kokunev/data/git_root/dig/dig_board_streamer/dig_streamer/dig_streamer.gen/sources_1/bd/design_1/ip/design_1_xdma_0_0/xdma_v4_2/hdl/verilog/design_1_xdma_0_0_core_top.sv:2720]
WARNING: [Synth 8-3848] Net h2c_sts_0 in module/entity design_1_xdma_0_0_core_top does not have driver. [/home/kokunev/data/git_root/dig/dig_board_streamer/dig_streamer/dig_streamer.gen/sources_1/bd/design_1/ip/design_1_xdma_0_0/xdma_v4_2/hdl/verilog/design_1_xdma_0_0_core_top.sv:2721]
WARNING: [Synth 8-3848] Net c2h_sts_1 in module/entity design_1_xdma_0_0_core_top does not have driver. [/home/kokunev/data/git_root/dig/dig_board_streamer/dig_streamer/dig_streamer.gen/sources_1/bd/design_1/ip/design_1_xdma_0_0/xdma_v4_2/hdl/verilog/design_1_xdma_0_0_core_top.sv:2724]
WARNING: [Synth 8-3848] Net h2c_sts_1 in module/entity design_1_xdma_0_0_core_top does not have driver. [/home/kokunev/data/git_root/dig/dig_board_streamer/dig_streamer/dig_streamer.gen/sources_1/bd/design_1/ip/design_1_xdma_0_0/xdma_v4_2/hdl/verilog/design_1_xdma_0_0_core_top.sv:2725]
WARNING: [Synth 8-3848] Net c2h_sts_2 in module/entity design_1_xdma_0_0_core_top does not have driver. [/home/kokunev/data/git_root/dig/dig_board_streamer/dig_streamer/dig_streamer.gen/sources_1/bd/design_1/ip/design_1_xdma_0_0/xdma_v4_2/hdl/verilog/design_1_xdma_0_0_core_top.sv:2728]
WARNING: [Synth 8-3848] Net h2c_sts_2 in module/entity design_1_xdma_0_0_core_top does not have driver. [/home/kokunev/data/git_root/dig/dig_board_streamer/dig_streamer/dig_streamer.gen/sources_1/bd/design_1/ip/design_1_xdma_0_0/xdma_v4_2/hdl/verilog/design_1_xdma_0_0_core_top.sv:2729]
WARNING: [Synth 8-3848] Net c2h_sts_3 in module/entity design_1_xdma_0_0_core_top does not have driver. [/home/kokunev/data/git_root/dig/dig_board_streamer/dig_streamer/dig_streamer.gen/sources_1/bd/design_1/ip/design_1_xdma_0_0/xdma_v4_2/hdl/verilog/design_1_xdma_0_0_core_top.sv:2732]
WARNING: [Synth 8-3848] Net h2c_sts_3 in module/entity design_1_xdma_0_0_core_top does not have driver. [/home/kokunev/data/git_root/dig/dig_board_streamer/dig_streamer/dig_streamer.gen/sources_1/bd/design_1/ip/design_1_xdma_0_0/xdma_v4_2/hdl/verilog/design_1_xdma_0_0_core_top.sv:2733]
WARNING: [Synth 8-3848] Net pipe_debug_debug_out_128_0 in module/entity design_1_xdma_0_0_core_top does not have driver. [/home/kokunev/data/git_root/dig/dig_board_streamer/dig_streamer/dig_streamer.gen/sources_1/bd/design_1/ip/design_1_xdma_0_0/xdma_v4_2/hdl/verilog/design_1_xdma_0_0_core_top.sv:2358]
WARNING: [Synth 8-3848] Net pipe_debug_debug_out_ext_16_0 in module/entity design_1_xdma_0_0_core_top does not have driver. [/home/kokunev/data/git_root/dig/dig_board_streamer/dig_streamer/dig_streamer.gen/sources_1/bd/design_1/ip/design_1_xdma_0_0/xdma_v4_2/hdl/verilog/design_1_xdma_0_0_core_top.sv:2359]
WARNING: [Synth 8-3848] Net pipe_debug_debug_out_128_1 in module/entity design_1_xdma_0_0_core_top does not have driver. [/home/kokunev/data/git_root/dig/dig_board_streamer/dig_streamer/dig_streamer.gen/sources_1/bd/design_1/ip/design_1_xdma_0_0/xdma_v4_2/hdl/verilog/design_1_xdma_0_0_core_top.sv:2360]
WARNING: [Synth 8-3848] Net pipe_debug_debug_out_ext_16_1 in module/entity design_1_xdma_0_0_core_top does not have driver. [/home/kokunev/data/git_root/dig/dig_board_streamer/dig_streamer/dig_streamer.gen/sources_1/bd/design_1/ip/design_1_xdma_0_0/xdma_v4_2/hdl/verilog/design_1_xdma_0_0_core_top.sv:2361]
WARNING: [Synth 8-3848] Net pipe_debug_debug_out_128_2 in module/entity design_1_xdma_0_0_core_top does not have driver. [/home/kokunev/data/git_root/dig/dig_board_streamer/dig_streamer/dig_streamer.gen/sources_1/bd/design_1/ip/design_1_xdma_0_0/xdma_v4_2/hdl/verilog/design_1_xdma_0_0_core_top.sv:2362]
WARNING: [Synth 8-3848] Net pipe_debug_debug_out_ext_16_2 in module/entity design_1_xdma_0_0_core_top does not have driver. [/home/kokunev/data/git_root/dig/dig_board_streamer/dig_streamer/dig_streamer.gen/sources_1/bd/design_1/ip/design_1_xdma_0_0/xdma_v4_2/hdl/verilog/design_1_xdma_0_0_core_top.sv:2363]
WARNING: [Synth 8-3848] Net pipe_debug_debug_out_128_3 in module/entity design_1_xdma_0_0_core_top does not have driver. [/home/kokunev/data/git_root/dig/dig_board_streamer/dig_streamer/dig_streamer.gen/sources_1/bd/design_1/ip/design_1_xdma_0_0/xdma_v4_2/hdl/verilog/design_1_xdma_0_0_core_top.sv:2364]
WARNING: [Synth 8-3848] Net pipe_debug_debug_out_ext_16_3 in module/entity design_1_xdma_0_0_core_top does not have driver. [/home/kokunev/data/git_root/dig/dig_board_streamer/dig_streamer/dig_streamer.gen/sources_1/bd/design_1/ip/design_1_xdma_0_0/xdma_v4_2/hdl/verilog/design_1_xdma_0_0_core_top.sv:2365]
WARNING: [Synth 8-3848] Net pipe_debug_inject_tx_status in module/entity design_1_xdma_0_0_core_top does not have driver. [/home/kokunev/data/git_root/dig/dig_board_streamer/dig_streamer/dig_streamer.gen/sources_1/bd/design_1/ip/design_1_xdma_0_0/xdma_v4_2/hdl/verilog/design_1_xdma_0_0_core_top.sv:2366]
WARNING: [Synth 8-3848] Net pipe_debug_inject_rx_status in module/entity design_1_xdma_0_0_core_top does not have driver. [/home/kokunev/data/git_root/dig/dig_board_streamer/dig_streamer/dig_streamer.gen/sources_1/bd/design_1/ip/design_1_xdma_0_0/xdma_v4_2/hdl/verilog/design_1_xdma_0_0_core_top.sv:2367]
WARNING: [Synth 8-3848] Net pipe_rxprbserr in module/entity design_1_xdma_0_0_core_top does not have driver. [/home/kokunev/data/git_root/dig/dig_board_streamer/dig_streamer/dig_streamer.gen/sources_1/bd/design_1/ip/design_1_xdma_0_0/xdma_v4_2/hdl/verilog/design_1_xdma_0_0_core_top.sv:2968]
WARNING: [Synth 8-3848] Net pipe_rst_fsm in module/entity design_1_xdma_0_0_core_top does not have driver. [/home/kokunev/data/git_root/dig/dig_board_streamer/dig_streamer/dig_streamer.gen/sources_1/bd/design_1/ip/design_1_xdma_0_0/xdma_v4_2/hdl/verilog/design_1_xdma_0_0_core_top.sv:2970]
WARNING: [Synth 8-3848] Net pipe_qrst_fsm in module/entity design_1_xdma_0_0_core_top does not have driver. [/home/kokunev/data/git_root/dig/dig_board_streamer/dig_streamer/dig_streamer.gen/sources_1/bd/design_1/ip/design_1_xdma_0_0/xdma_v4_2/hdl/verilog/design_1_xdma_0_0_core_top.sv:2971]
WARNING: [Synth 8-3848] Net pipe_rate_fsm in module/entity design_1_xdma_0_0_core_top does not have driver. [/home/kokunev/data/git_root/dig/dig_board_streamer/dig_streamer/dig_streamer.gen/sources_1/bd/design_1/ip/design_1_xdma_0_0/xdma_v4_2/hdl/verilog/design_1_xdma_0_0_core_top.sv:2972]
WARNING: [Synth 8-3848] Net pipe_sync_fsm_tx in module/entity design_1_xdma_0_0_core_top does not have driver. [/home/kokunev/data/git_root/dig/dig_board_streamer/dig_streamer/dig_streamer.gen/sources_1/bd/design_1/ip/design_1_xdma_0_0/xdma_v4_2/hdl/verilog/design_1_xdma_0_0_core_top.sv:2973]
WARNING: [Synth 8-3848] Net pipe_sync_fsm_rx in module/entity design_1_xdma_0_0_core_top does not have driver. [/home/kokunev/data/git_root/dig/dig_board_streamer/dig_streamer/dig_streamer.gen/sources_1/bd/design_1/ip/design_1_xdma_0_0/xdma_v4_2/hdl/verilog/design_1_xdma_0_0_core_top.sv:2974]
WARNING: [Synth 8-3848] Net pipe_drp_fsm in module/entity design_1_xdma_0_0_core_top does not have driver. [/home/kokunev/data/git_root/dig/dig_board_streamer/dig_streamer/dig_streamer.gen/sources_1/bd/design_1/ip/design_1_xdma_0_0/xdma_v4_2/hdl/verilog/design_1_xdma_0_0_core_top.sv:2975]
WARNING: [Synth 8-3848] Net pipe_rst_idle in module/entity design_1_xdma_0_0_core_top does not have driver. [/home/kokunev/data/git_root/dig/dig_board_streamer/dig_streamer/dig_streamer.gen/sources_1/bd/design_1/ip/design_1_xdma_0_0/xdma_v4_2/hdl/verilog/design_1_xdma_0_0_core_top.sv:2976]
WARNING: [Synth 8-3848] Net pipe_qrst_idle in module/entity design_1_xdma_0_0_core_top does not have driver. [/home/kokunev/data/git_root/dig/dig_board_streamer/dig_streamer/dig_streamer.gen/sources_1/bd/design_1/ip/design_1_xdma_0_0/xdma_v4_2/hdl/verilog/design_1_xdma_0_0_core_top.sv:2977]
WARNING: [Synth 8-3848] Net pipe_rate_idle in module/entity design_1_xdma_0_0_core_top does not have driver. [/home/kokunev/data/git_root/dig/dig_board_streamer/dig_streamer/dig_streamer.gen/sources_1/bd/design_1/ip/design_1_xdma_0_0/xdma_v4_2/hdl/verilog/design_1_xdma_0_0_core_top.sv:2978]
WARNING: [Synth 8-3848] Net pipe_eyescandataerror in module/entity design_1_xdma_0_0_core_top does not have driver. [/home/kokunev/data/git_root/dig/dig_board_streamer/dig_streamer/dig_streamer.gen/sources_1/bd/design_1/ip/design_1_xdma_0_0/xdma_v4_2/hdl/verilog/design_1_xdma_0_0_core_top.sv:2979]
WARNING: [Synth 8-3848] Net pipe_rxstatus in module/entity design_1_xdma_0_0_core_top does not have driver. [/home/kokunev/data/git_root/dig/dig_board_streamer/dig_streamer/dig_streamer.gen/sources_1/bd/design_1/ip/design_1_xdma_0_0/xdma_v4_2/hdl/verilog/design_1_xdma_0_0_core_top.sv:2980]
WARNING: [Synth 8-3848] Net pipe_dmonitorout in module/entity design_1_xdma_0_0_core_top does not have driver. [/home/kokunev/data/git_root/dig/dig_board_streamer/dig_streamer/dig_streamer.gen/sources_1/bd/design_1/ip/design_1_xdma_0_0/xdma_v4_2/hdl/verilog/design_1_xdma_0_0_core_top.sv:2981]
WARNING: [Synth 8-3848] Net pipe_cpll_lock in module/entity design_1_xdma_0_0_core_top does not have driver. [/home/kokunev/data/git_root/dig/dig_board_streamer/dig_streamer/dig_streamer.gen/sources_1/bd/design_1/ip/design_1_xdma_0_0/xdma_v4_2/hdl/verilog/design_1_xdma_0_0_core_top.sv:2982]
WARNING: [Synth 8-3848] Net pipe_qpll_lock in module/entity design_1_xdma_0_0_core_top does not have driver. [/home/kokunev/data/git_root/dig/dig_board_streamer/dig_streamer/dig_streamer.gen/sources_1/bd/design_1/ip/design_1_xdma_0_0/xdma_v4_2/hdl/verilog/design_1_xdma_0_0_core_top.sv:2983]
WARNING: [Synth 8-3848] Net pipe_rxpmaresetdone in module/entity design_1_xdma_0_0_core_top does not have driver. [/home/kokunev/data/git_root/dig/dig_board_streamer/dig_streamer/dig_streamer.gen/sources_1/bd/design_1/ip/design_1_xdma_0_0/xdma_v4_2/hdl/verilog/design_1_xdma_0_0_core_top.sv:2984]
WARNING: [Synth 8-3848] Net pipe_rxbufstatus in module/entity design_1_xdma_0_0_core_top does not have driver. [/home/kokunev/data/git_root/dig/dig_board_streamer/dig_streamer/dig_streamer.gen/sources_1/bd/design_1/ip/design_1_xdma_0_0/xdma_v4_2/hdl/verilog/design_1_xdma_0_0_core_top.sv:2985]
WARNING: [Synth 8-3848] Net pipe_txphaligndone in module/entity design_1_xdma_0_0_core_top does not have driver. [/home/kokunev/data/git_root/dig/dig_board_streamer/dig_streamer/dig_streamer.gen/sources_1/bd/design_1/ip/design_1_xdma_0_0/xdma_v4_2/hdl/verilog/design_1_xdma_0_0_core_top.sv:2986]
WARNING: [Synth 8-3848] Net pipe_txphinitdone in module/entity design_1_xdma_0_0_core_top does not have driver. [/home/kokunev/data/git_root/dig/dig_board_streamer/dig_streamer/dig_streamer.gen/sources_1/bd/design_1/ip/design_1_xdma_0_0/xdma_v4_2/hdl/verilog/design_1_xdma_0_0_core_top.sv:2987]
WARNING: [Synth 8-3848] Net pipe_txdlysresetdone in module/entity design_1_xdma_0_0_core_top does not have driver. [/home/kokunev/data/git_root/dig/dig_board_streamer/dig_streamer/dig_streamer.gen/sources_1/bd/design_1/ip/design_1_xdma_0_0/xdma_v4_2/hdl/verilog/design_1_xdma_0_0_core_top.sv:2988]
WARNING: [Synth 8-3848] Net pipe_rxphaligndone in module/entity design_1_xdma_0_0_core_top does not have driver. [/home/kokunev/data/git_root/dig/dig_board_streamer/dig_streamer/dig_streamer.gen/sources_1/bd/design_1/ip/design_1_xdma_0_0/xdma_v4_2/hdl/verilog/design_1_xdma_0_0_core_top.sv:2989]
WARNING: [Synth 8-3848] Net pipe_rxdlysresetdone in module/entity design_1_xdma_0_0_core_top does not have driver. [/home/kokunev/data/git_root/dig/dig_board_streamer/dig_streamer/dig_streamer.gen/sources_1/bd/design_1/ip/design_1_xdma_0_0/xdma_v4_2/hdl/verilog/design_1_xdma_0_0_core_top.sv:2990]
WARNING: [Synth 8-3848] Net pipe_rxsyncdone in module/entity design_1_xdma_0_0_core_top does not have driver. [/home/kokunev/data/git_root/dig/dig_board_streamer/dig_streamer/dig_streamer.gen/sources_1/bd/design_1/ip/design_1_xdma_0_0/xdma_v4_2/hdl/verilog/design_1_xdma_0_0_core_top.sv:2991]
WARNING: [Synth 8-3848] Net pipe_rxdisperr in module/entity design_1_xdma_0_0_core_top does not have driver. [/home/kokunev/data/git_root/dig/dig_board_streamer/dig_streamer/dig_streamer.gen/sources_1/bd/design_1/ip/design_1_xdma_0_0/xdma_v4_2/hdl/verilog/design_1_xdma_0_0_core_top.sv:2992]
WARNING: [Synth 8-3848] Net pipe_rxnotintable in module/entity design_1_xdma_0_0_core_top does not have driver. [/home/kokunev/data/git_root/dig/dig_board_streamer/dig_streamer/dig_streamer.gen/sources_1/bd/design_1/ip/design_1_xdma_0_0/xdma_v4_2/hdl/verilog/design_1_xdma_0_0_core_top.sv:2993]
WARNING: [Synth 8-3848] Net pipe_rxcommadet in module/entity design_1_xdma_0_0_core_top does not have driver. [/home/kokunev/data/git_root/dig/dig_board_streamer/dig_streamer/dig_streamer.gen/sources_1/bd/design_1/ip/design_1_xdma_0_0/xdma_v4_2/hdl/verilog/design_1_xdma_0_0_core_top.sv:2994]
WARNING: [Synth 8-3848] Net gt_ch_drp_rdy in module/entity design_1_xdma_0_0_core_top does not have driver. [/home/kokunev/data/git_root/dig/dig_board_streamer/dig_streamer/dig_streamer.gen/sources_1/bd/design_1/ip/design_1_xdma_0_0/xdma_v4_2/hdl/verilog/design_1_xdma_0_0_core_top.sv:2995]
WARNING: [Synth 8-3848] Net pipe_debug_0 in module/entity design_1_xdma_0_0_core_top does not have driver. [/home/kokunev/data/git_root/dig/dig_board_streamer/dig_streamer/dig_streamer.gen/sources_1/bd/design_1/ip/design_1_xdma_0_0/xdma_v4_2/hdl/verilog/design_1_xdma_0_0_core_top.sv:2996]
WARNING: [Synth 8-3848] Net pipe_debug_1 in module/entity design_1_xdma_0_0_core_top does not have driver. [/home/kokunev/data/git_root/dig/dig_board_streamer/dig_streamer/dig_streamer.gen/sources_1/bd/design_1/ip/design_1_xdma_0_0/xdma_v4_2/hdl/verilog/design_1_xdma_0_0_core_top.sv:2997]
WARNING: [Synth 8-3848] Net pipe_debug_2 in module/entity design_1_xdma_0_0_core_top does not have driver. [/home/kokunev/data/git_root/dig/dig_board_streamer/dig_streamer/dig_streamer.gen/sources_1/bd/design_1/ip/design_1_xdma_0_0/xdma_v4_2/hdl/verilog/design_1_xdma_0_0_core_top.sv:2998]
WARNING: [Synth 8-3848] Net pipe_debug_3 in module/entity design_1_xdma_0_0_core_top does not have driver. [/home/kokunev/data/git_root/dig/dig_board_streamer/dig_streamer/dig_streamer.gen/sources_1/bd/design_1/ip/design_1_xdma_0_0/xdma_v4_2/hdl/verilog/design_1_xdma_0_0_core_top.sv:2999]
WARNING: [Synth 8-3848] Net pipe_debug_4 in module/entity design_1_xdma_0_0_core_top does not have driver. [/home/kokunev/data/git_root/dig/dig_board_streamer/dig_streamer/dig_streamer.gen/sources_1/bd/design_1/ip/design_1_xdma_0_0/xdma_v4_2/hdl/verilog/design_1_xdma_0_0_core_top.sv:3000]
WARNING: [Synth 8-3848] Net pipe_debug_5 in module/entity design_1_xdma_0_0_core_top does not have driver. [/home/kokunev/data/git_root/dig/dig_board_streamer/dig_streamer/dig_streamer.gen/sources_1/bd/design_1/ip/design_1_xdma_0_0/xdma_v4_2/hdl/verilog/design_1_xdma_0_0_core_top.sv:3001]
WARNING: [Synth 8-3848] Net pipe_debug_6 in module/entity design_1_xdma_0_0_core_top does not have driver. [/home/kokunev/data/git_root/dig/dig_board_streamer/dig_streamer/dig_streamer.gen/sources_1/bd/design_1/ip/design_1_xdma_0_0/xdma_v4_2/hdl/verilog/design_1_xdma_0_0_core_top.sv:3002]
WARNING: [Synth 8-3848] Net pipe_debug_7 in module/entity design_1_xdma_0_0_core_top does not have driver. [/home/kokunev/data/git_root/dig/dig_board_streamer/dig_streamer/dig_streamer.gen/sources_1/bd/design_1/ip/design_1_xdma_0_0/xdma_v4_2/hdl/verilog/design_1_xdma_0_0_core_top.sv:3003]
WARNING: [Synth 8-3848] Net pipe_debug_8 in module/entity design_1_xdma_0_0_core_top does not have driver. [/home/kokunev/data/git_root/dig/dig_board_streamer/dig_streamer/dig_streamer.gen/sources_1/bd/design_1/ip/design_1_xdma_0_0/xdma_v4_2/hdl/verilog/design_1_xdma_0_0_core_top.sv:3004]
WARNING: [Synth 8-3848] Net pipe_debug_9 in module/entity design_1_xdma_0_0_core_top does not have driver. [/home/kokunev/data/git_root/dig/dig_board_streamer/dig_streamer/dig_streamer.gen/sources_1/bd/design_1/ip/design_1_xdma_0_0/xdma_v4_2/hdl/verilog/design_1_xdma_0_0_core_top.sv:3005]
WARNING: [Synth 8-3848] Net pipe_debug in module/entity design_1_xdma_0_0_core_top does not have driver. [/home/kokunev/data/git_root/dig/dig_board_streamer/dig_streamer/dig_streamer.gen/sources_1/bd/design_1/ip/design_1_xdma_0_0/xdma_v4_2/hdl/verilog/design_1_xdma_0_0_core_top.sv:3006]
WARNING: [Synth 8-3848] Net gt_txelecidle in module/entity design_1_xdma_0_0_core_top does not have driver. [/home/kokunev/data/git_root/dig/dig_board_streamer/dig_streamer/dig_streamer.gen/sources_1/bd/design_1/ip/design_1_xdma_0_0/xdma_v4_2/hdl/verilog/design_1_xdma_0_0_core_top.sv:3021]
INFO: [Common 17-14] Message 'Synth 8-3848' appears 100 times and further instances of the messages will be disabled. Use the Tcl command set_msg_config to change the current settings.
WARNING: [Synth 8-7129] Port GT_RXDISPERR[7] in module design_1_xdma_0_0_pcie2_ip_gt_wrapper is either unconnected or has no load
WARNING: [Synth 8-7129] Port GT_RXDISPERR[6] in module design_1_xdma_0_0_pcie2_ip_gt_wrapper is either unconnected or has no load
WARNING: [Synth 8-7129] Port GT_RXDISPERR[5] in module design_1_xdma_0_0_pcie2_ip_gt_wrapper is either unconnected or has no load
WARNING: [Synth 8-7129] Port GT_RXDISPERR[4] in module design_1_xdma_0_0_pcie2_ip_gt_wrapper is either unconnected or has no load
WARNING: [Synth 8-7129] Port GT_RXNOTINTABLE[7] in module design_1_xdma_0_0_pcie2_ip_gt_wrapper is either unconnected or has no load
WARNING: [Synth 8-7129] Port GT_RXNOTINTABLE[6] in module design_1_xdma_0_0_pcie2_ip_gt_wrapper is either unconnected or has no load
WARNING: [Synth 8-7129] Port GT_RXNOTINTABLE[5] in module design_1_xdma_0_0_pcie2_ip_gt_wrapper is either unconnected or has no load
WARNING: [Synth 8-7129] Port GT_RXNOTINTABLE[4] in module design_1_xdma_0_0_pcie2_ip_gt_wrapper is either unconnected or has no load
WARNING: [Synth 8-7129] Port GT_RXCHBONDO[4] in module design_1_xdma_0_0_pcie2_ip_gt_wrapper is either unconnected or has no load
WARNING: [Synth 8-7129] Port GT_GEN3 in module design_1_xdma_0_0_pcie2_ip_gt_wrapper is either unconnected or has no load
WARNING: [Synth 8-7129] Port GT_RX_CONVERGE in module design_1_xdma_0_0_pcie2_ip_gt_wrapper is either unconnected or has no load
WARNING: [Synth 8-7129] Port GT_GTREFCLK0 in module design_1_xdma_0_0_pcie2_ip_gt_wrapper is either unconnected or has no load
WARNING: [Synth 8-7129] Port GT_CPLLPD in module design_1_xdma_0_0_pcie2_ip_gt_wrapper is either unconnected or has no load
WARNING: [Synth 8-7129] Port GT_CPLLRESET in module design_1_xdma_0_0_pcie2_ip_gt_wrapper is either unconnected or has no load
WARNING: [Synth 8-7129] Port GT_RXDFELPMRESET in module design_1_xdma_0_0_pcie2_ip_gt_wrapper is either unconnected or has no load
WARNING: [Synth 8-7129] Port GT_RXCHBONDI[4] in module design_1_xdma_0_0_pcie2_ip_gt_wrapper is either unconnected or has no load
WARNING: [Synth 8-7129] Port CLK_CLK in module design_1_xdma_0_0_pcie2_ip_pipe_clock is either unconnected or has no load
WARNING: [Synth 8-7129] Port CLK_RXOUTCLK_IN[3] in module design_1_xdma_0_0_pcie2_ip_pipe_clock is either unconnected or has no load
WARNING: [Synth 8-7129] Port CLK_RXOUTCLK_IN[2] in module design_1_xdma_0_0_pcie2_ip_pipe_clock is either unconnected or has no load
WARNING: [Synth 8-7129] Port CLK_RXOUTCLK_IN[1] in module design_1_xdma_0_0_pcie2_ip_pipe_clock is either unconnected or has no load
WARNING: [Synth 8-7129] Port CLK_RXOUTCLK_IN[0] in module design_1_xdma_0_0_pcie2_ip_pipe_clock is either unconnected or has no load
WARNING: [Synth 8-7129] Port INT_QPLLLOCK_OUT[1] in module design_1_xdma_0_0_pcie2_ip_pipe_wrapper is either unconnected or has no load
WARNING: [Synth 8-7129] Port INT_QPLLOUTCLK_OUT[1] in module design_1_xdma_0_0_pcie2_ip_pipe_wrapper is either unconnected or has no load
WARNING: [Synth 8-7129] Port INT_QPLLOUTREFCLK_OUT[1] in module design_1_xdma_0_0_pcie2_ip_pipe_wrapper is either unconnected or has no load
WARNING: [Synth 8-7129] Port QPLL_QPLLRESET[1] in module design_1_xdma_0_0_pcie2_ip_pipe_wrapper is either unconnected or has no load
WARNING: [Synth 8-7129] Port PIPE_PCLK_IN in module design_1_xdma_0_0_pcie2_ip_pipe_wrapper is either unconnected or has no load
WARNING: [Synth 8-7129] Port PIPE_RXUSRCLK_IN in module design_1_xdma_0_0_pcie2_ip_pipe_wrapper is either unconnected or has no load
WARNING: [Synth 8-7129] Port PIPE_RXOUTCLK_IN[3] in module design_1_xdma_0_0_pcie2_ip_pipe_wrapper is either unconnected or has no load
WARNING: [Synth 8-7129] Port PIPE_RXOUTCLK_IN[2] in module design_1_xdma_0_0_pcie2_ip_pipe_wrapper is either unconnected or has no load
WARNING: [Synth 8-7129] Port PIPE_RXOUTCLK_IN[1] in module design_1_xdma_0_0_pcie2_ip_pipe_wrapper is either unconnected or has no load
WARNING: [Synth 8-7129] Port PIPE_RXOUTCLK_IN[0] in module design_1_xdma_0_0_pcie2_ip_pipe_wrapper is either unconnected or has no load
WARNING: [Synth 8-7129] Port PIPE_DCLK_IN in module design_1_xdma_0_0_pcie2_ip_pipe_wrapper is either unconnected or has no load
WARNING: [Synth 8-7129] Port PIPE_USERCLK1_IN in module design_1_xdma_0_0_pcie2_ip_pipe_wrapper is either unconnected or has no load
WARNING: [Synth 8-7129] Port PIPE_USERCLK2_IN in module design_1_xdma_0_0_pcie2_ip_pipe_wrapper is either unconnected or has no load
WARNING: [Synth 8-7129] Port PIPE_OOBCLK_IN in module design_1_xdma_0_0_pcie2_ip_pipe_wrapper is either unconnected or has no load
WARNING: [Synth 8-7129] Port PIPE_MMCM_LOCK_IN in module design_1_xdma_0_0_pcie2_ip_pipe_wrapper is either unconnected or has no load
WARNING: [Synth 8-7129] Port QPLL_DRP_CRSCODE[11] in module design_1_xdma_0_0_pcie2_ip_pipe_wrapper is either unconnected or has no load
WARNING: [Synth 8-7129] Port QPLL_DRP_CRSCODE[10] in module design_1_xdma_0_0_pcie2_ip_pipe_wrapper is either unconnected or has no load
WARNING: [Synth 8-7129] Port QPLL_DRP_CRSCODE[9] in module design_1_xdma_0_0_pcie2_ip_pipe_wrapper is either unconnected or has no load
WARNING: [Synth 8-7129] Port QPLL_DRP_CRSCODE[8] in module design_1_xdma_0_0_pcie2_ip_pipe_wrapper is either unconnected or has no load
WARNING: [Synth 8-7129] Port QPLL_DRP_CRSCODE[7] in module design_1_xdma_0_0_pcie2_ip_pipe_wrapper is either unconnected or has no load
WARNING: [Synth 8-7129] Port QPLL_DRP_CRSCODE[6] in module design_1_xdma_0_0_pcie2_ip_pipe_wrapper is either unconnected or has no load
WARNING: [Synth 8-7129] Port QPLL_DRP_CRSCODE[5] in module design_1_xdma_0_0_pcie2_ip_pipe_wrapper is either unconnected or has no load
WARNING: [Synth 8-7129] Port QPLL_DRP_CRSCODE[4] in module design_1_xdma_0_0_pcie2_ip_pipe_wrapper is either unconnected or has no load
WARNING: [Synth 8-7129] Port QPLL_DRP_CRSCODE[3] in module design_1_xdma_0_0_pcie2_ip_pipe_wrapper is either unconnected or has no load
WARNING: [Synth 8-7129] Port QPLL_DRP_CRSCODE[2] in module design_1_xdma_0_0_pcie2_ip_pipe_wrapper is either unconnected or has no load
WARNING: [Synth 8-7129] Port QPLL_DRP_CRSCODE[1] in module design_1_xdma_0_0_pcie2_ip_pipe_wrapper is either unconnected or has no load
WARNING: [Synth 8-7129] Port QPLL_DRP_CRSCODE[0] in module design_1_xdma_0_0_pcie2_ip_pipe_wrapper is either unconnected or has no load
WARNING: [Synth 8-7129] Port QPLL_DRP_FSM[17] in module design_1_xdma_0_0_pcie2_ip_pipe_wrapper is either unconnected or has no load
WARNING: [Synth 8-7129] Port QPLL_DRP_FSM[16] in module design_1_xdma_0_0_pcie2_ip_pipe_wrapper is either unconnected or has no load
WARNING: [Synth 8-7129] Port QPLL_DRP_FSM[15] in module design_1_xdma_0_0_pcie2_ip_pipe_wrapper is either unconnected or has no load
WARNING: [Synth 8-7129] Port QPLL_DRP_FSM[14] in module design_1_xdma_0_0_pcie2_ip_pipe_wrapper is either unconnected or has no load
WARNING: [Synth 8-7129] Port QPLL_DRP_FSM[13] in module design_1_xdma_0_0_pcie2_ip_pipe_wrapper is either unconnected or has no load
WARNING: [Synth 8-7129] Port QPLL_DRP_FSM[12] in module design_1_xdma_0_0_pcie2_ip_pipe_wrapper is either unconnected or has no load
WARNING: [Synth 8-7129] Port QPLL_DRP_FSM[11] in module design_1_xdma_0_0_pcie2_ip_pipe_wrapper is either unconnected or has no load
WARNING: [Synth 8-7129] Port QPLL_DRP_FSM[10] in module design_1_xdma_0_0_pcie2_ip_pipe_wrapper is either unconnected or has no load
WARNING: [Synth 8-7129] Port QPLL_DRP_FSM[9] in module design_1_xdma_0_0_pcie2_ip_pipe_wrapper is either unconnected or has no load
WARNING: [Synth 8-7129] Port QPLL_DRP_FSM[8] in module design_1_xdma_0_0_pcie2_ip_pipe_wrapper is either unconnected or has no load
WARNING: [Synth 8-7129] Port QPLL_DRP_FSM[7] in module design_1_xdma_0_0_pcie2_ip_pipe_wrapper is either unconnected or has no load
WARNING: [Synth 8-7129] Port QPLL_DRP_FSM[6] in module design_1_xdma_0_0_pcie2_ip_pipe_wrapper is either unconnected or has no load
WARNING: [Synth 8-7129] Port QPLL_DRP_FSM[5] in module design_1_xdma_0_0_pcie2_ip_pipe_wrapper is either unconnected or has no load
WARNING: [Synth 8-7129] Port QPLL_DRP_FSM[4] in module design_1_xdma_0_0_pcie2_ip_pipe_wrapper is either unconnected or has no load
WARNING: [Synth 8-7129] Port QPLL_DRP_FSM[3] in module design_1_xdma_0_0_pcie2_ip_pipe_wrapper is either unconnected or has no load
WARNING: [Synth 8-7129] Port QPLL_DRP_FSM[2] in module design_1_xdma_0_0_pcie2_ip_pipe_wrapper is either unconnected or has no load
WARNING: [Synth 8-7129] Port QPLL_DRP_FSM[1] in module design_1_xdma_0_0_pcie2_ip_pipe_wrapper is either unconnected or has no load
WARNING: [Synth 8-7129] Port QPLL_DRP_FSM[0] in module design_1_xdma_0_0_pcie2_ip_pipe_wrapper is either unconnected or has no load
WARNING: [Synth 8-7129] Port QPLL_DRP_DONE[1] in module design_1_xdma_0_0_pcie2_ip_pipe_wrapper is either unconnected or has no load
WARNING: [Synth 8-7129] Port QPLL_DRP_DONE[0] in module design_1_xdma_0_0_pcie2_ip_pipe_wrapper is either unconnected or has no load
WARNING: [Synth 8-7129] Port QPLL_DRP_RESET[1] in module design_1_xdma_0_0_pcie2_ip_pipe_wrapper is either unconnected or has no load
WARNING: [Synth 8-7129] Port QPLL_DRP_RESET[0] in module design_1_xdma_0_0_pcie2_ip_pipe_wrapper is either unconnected or has no load
WARNING: [Synth 8-7129] Port QPLL_QPLLLOCK[1] in module design_1_xdma_0_0_pcie2_ip_pipe_wrapper is either unconnected or has no load
WARNING: [Synth 8-7129] Port QPLL_QPLLLOCK[0] in module design_1_xdma_0_0_pcie2_ip_pipe_wrapper is either unconnected or has no load
WARNING: [Synth 8-7129] Port QPLL_QPLLOUTCLK[1] in module design_1_xdma_0_0_pcie2_ip_pipe_wrapper is either unconnected or has no load
WARNING: [Synth 8-7129] Port QPLL_QPLLOUTCLK[0] in module design_1_xdma_0_0_pcie2_ip_pipe_wrapper is either unconnected or has no load
WARNING: [Synth 8-7129] Port QPLL_QPLLOUTREFCLK[1] in module design_1_xdma_0_0_pcie2_ip_pipe_wrapper is either unconnected or has no load
WARNING: [Synth 8-7129] Port QPLL_QPLLOUTREFCLK[0] in module design_1_xdma_0_0_pcie2_ip_pipe_wrapper is either unconnected or has no load
WARNING: [Synth 8-7129] Port PIPE_JTAG_EN in module design_1_xdma_0_0_pcie2_ip_pipe_wrapper is either unconnected or has no load
WARNING: [Synth 8-7129] Port PLM_IN_RS in module design_1_xdma_0_0_pcie2_ip_gt_rx_valid_filter_7x is either unconnected or has no load
WARNING: [Synth 8-7129] Port pipe_tx_reset in module design_1_xdma_0_0_pcie2_ip_gt_top is either unconnected or has no load
WARNING: [Synth 8-7129] Port pipe_rx4_polarity in module design_1_xdma_0_0_pcie2_ip_gt_top is either unconnected or has no load
WARNING: [Synth 8-7129] Port pipe_tx4_compliance in module design_1_xdma_0_0_pcie2_ip_gt_top is either unconnected or has no load
WARNING: [Synth 8-7129] Port pipe_tx4_char_is_k[1] in module design_1_xdma_0_0_pcie2_ip_gt_top is either unconnected or has no load
WARNING: [Synth 8-7129] Port pipe_tx4_char_is_k[0] in module design_1_xdma_0_0_pcie2_ip_gt_top is either unconnected or has no load
WARNING: [Synth 8-7129] Port pipe_tx4_data[15] in module design_1_xdma_0_0_pcie2_ip_gt_top is either unconnected or has no load
WARNING: [Synth 8-7129] Port pipe_tx4_data[14] in module design_1_xdma_0_0_pcie2_ip_gt_top is either unconnected or has no load
WARNING: [Synth 8-7129] Port pipe_tx4_data[13] in module design_1_xdma_0_0_pcie2_ip_gt_top is either unconnected or has no load
WARNING: [Synth 8-7129] Port pipe_tx4_data[12] in module design_1_xdma_0_0_pcie2_ip_gt_top is either unconnected or has no load
WARNING: [Synth 8-7129] Port pipe_tx4_data[11] in module design_1_xdma_0_0_pcie2_ip_gt_top is either unconnected or has no load
WARNING: [Synth 8-7129] Port pipe_tx4_data[10] in module design_1_xdma_0_0_pcie2_ip_gt_top is either unconnected or has no load
WARNING: [Synth 8-7129] Port pipe_tx4_data[9] in module design_1_xdma_0_0_pcie2_ip_gt_top is either unconnected or has no load
WARNING: [Synth 8-7129] Port pipe_tx4_data[8] in module design_1_xdma_0_0_pcie2_ip_gt_top is either unconnected or has no load
WARNING: [Synth 8-7129] Port pipe_tx4_data[7] in module design_1_xdma_0_0_pcie2_ip_gt_top is either unconnected or has no load
WARNING: [Synth 8-7129] Port pipe_tx4_data[6] in module design_1_xdma_0_0_pcie2_ip_gt_top is either unconnected or has no load
WARNING: [Synth 8-7129] Port pipe_tx4_data[5] in module design_1_xdma_0_0_pcie2_ip_gt_top is either unconnected or has no load
WARNING: [Synth 8-7129] Port pipe_tx4_data[4] in module design_1_xdma_0_0_pcie2_ip_gt_top is either unconnected or has no load
WARNING: [Synth 8-7129] Port pipe_tx4_data[3] in module design_1_xdma_0_0_pcie2_ip_gt_top is either unconnected or has no load
WARNING: [Synth 8-7129] Port pipe_tx4_data[2] in module design_1_xdma_0_0_pcie2_ip_gt_top is either unconnected or has no load
WARNING: [Synth 8-7129] Port pipe_tx4_data[1] in module design_1_xdma_0_0_pcie2_ip_gt_top is either unconnected or has no load
WARNING: [Synth 8-7129] Port pipe_tx4_data[0] in module design_1_xdma_0_0_pcie2_ip_gt_top is either unconnected or has no load
WARNING: [Synth 8-7129] Port pipe_tx4_elec_idle in module design_1_xdma_0_0_pcie2_ip_gt_top is either unconnected or has no load
INFO: [Common 17-14] Message 'Synth 8-7129' appears 100 times and further instances of the messages will be disabled. Use the Tcl command set_msg_config to change the current settings.
---------------------------------------------------------------------------------
Finished RTL Elaboration : Time (s): cpu = 00:00:18 ; elapsed = 00:00:19 . Memory (MB): peak = 2933.938 ; gain = 1183.281 ; free physical = 46938 ; free virtual = 59552
---------------------------------------------------------------------------------
---------------------------------------------------------------------------------
Start Handling Custom Attributes
---------------------------------------------------------------------------------
---------------------------------------------------------------------------------
Finished Handling Custom Attributes : Time (s): cpu = 00:00:18 ; elapsed = 00:00:20 . Memory (MB): peak = 2933.938 ; gain = 1183.281 ; free physical = 46963 ; free virtual = 59576
---------------------------------------------------------------------------------
---------------------------------------------------------------------------------
Finished RTL Optimization Phase 1 : Time (s): cpu = 00:00:18 ; elapsed = 00:00:20 . Memory (MB): peak = 2933.938 ; gain = 1183.281 ; free physical = 46963 ; free virtual = 59576
---------------------------------------------------------------------------------
Netlist sorting complete. Time (s): cpu = 00:00:00.77 ; elapsed = 00:00:00.78 . Memory (MB): peak = 2933.938 ; gain = 0.000 ; free physical = 46946 ; free virtual = 59559
WARNING: [Netlist 29-345] The value of SIM_DEVICE on instance 'design_1_i/xdma_0/inst/design_1_xdma_0_0_pcie2_to_pcie3_wrapper_i/pcie2_ip_i/inst/inst/gt_top_i/pipe_wrapper_i/pipe_clock_int.pipe_clock_i/pclk_i1_bufgctrl.pclk_i1' of type 'BUFGCTRL' is 'ULTRASCALE'; it is being changed to match the current FPGA architecture, '7SERIES'. For functional simulation to match hardware behavior, the value of SIM_DEVICE should be changed in the source netlist. 
INFO: [Netlist 29-17] Analyzing 74 Unisim elements for replacement
INFO: [Netlist 29-28] Unisim Transformation completed in 0 CPU seconds
WARNING: [Netlist 29-1115] Found multi-term driver net: design_1_i/util_ds_buf_0/U0/<const0>.
WARNING: [Netlist 29-1115] Found multi-term driver net: design_1_i/util_ds_buf/U0/<const0>.
INFO: [Project 1-570] Preparing netlist for logic optimization

Processing XDC Constraints
Initializing timing engine
Parsing XDC File [/home/kokunev/data/git_root/dig/dig_board_streamer/dig_streamer/dig_streamer.srcs/constrs_1/imports/new/early.xdc]
Finished Parsing XDC File [/home/kokunev/data/git_root/dig/dig_board_streamer/dig_streamer/dig_streamer.srcs/constrs_1/imports/new/early.xdc]
INFO: [Project 1-236] Implementation specific constraints were found while reading constraint file [/home/kokunev/data/git_root/dig/dig_board_streamer/dig_streamer/dig_streamer.srcs/constrs_1/imports/new/early.xdc]. These constraints will be ignored for synthesis but will be used in implementation. Impacted constraints are listed in the file [.Xil/design_1_wrapper_propImpl.xdc].
Resolution: To avoid this warning, move constraints listed in [.Xil/design_1_wrapper_propImpl.xdc] to another XDC file and exclude this new file from synthesis with the used_in_synthesis property (File Properties dialog in GUI) and re-run elaboration/synthesis.
Parsing XDC File [/home/kokunev/data/git_root/dig/dig_board_streamer/dig_streamer/dig_streamer.gen/sources_1/bd/design_1/ip/design_1_xdma_0_0/ip_4/pcie2_fifo_generator_tgt_brdg.xdc] for cell 'design_1_i/xdma_0/inst/design_1_xdma_0_0_pcie2_to_pcie3_wrapper_i/design_1_xdma_0_0_axi_stream_intf_i/design_1_xdma_0_0_rx_demux_i/tgt_brdg_fifo_inst/U0'
Finished Parsing XDC File [/home/kokunev/data/git_root/dig/dig_board_streamer/dig_streamer/dig_streamer.gen/sources_1/bd/design_1/ip/design_1_xdma_0_0/ip_4/pcie2_fifo_generator_tgt_brdg.xdc] for cell 'design_1_i/xdma_0/inst/design_1_xdma_0_0_pcie2_to_pcie3_wrapper_i/design_1_xdma_0_0_axi_stream_intf_i/design_1_xdma_0_0_rx_demux_i/tgt_brdg_fifo_inst/U0'
Parsing XDC File [/home/kokunev/data/git_root/dig/dig_board_streamer/dig_streamer/dig_streamer.gen/sources_1/bd/design_1/ip/design_1_xdma_0_0/ip_3/pcie2_fifo_generator_dma_cpl.xdc] for cell 'design_1_i/xdma_0/inst/design_1_xdma_0_0_pcie2_to_pcie3_wrapper_i/design_1_xdma_0_0_axi_stream_intf_i/design_1_xdma_0_0_rx_demux_i/dma_cpl_fifo_inst/U0'
Finished Parsing XDC File [/home/kokunev/data/git_root/dig/dig_board_streamer/dig_streamer/dig_streamer.gen/sources_1/bd/design_1/ip/design_1_xdma_0_0/ip_3/pcie2_fifo_generator_dma_cpl.xdc] for cell 'design_1_i/xdma_0/inst/design_1_xdma_0_0_pcie2_to_pcie3_wrapper_i/design_1_xdma_0_0_axi_stream_intf_i/design_1_xdma_0_0_rx_demux_i/dma_cpl_fifo_inst/U0'
Parsing XDC File [/home/kokunev/data/git_root/dig/dig_board_streamer/dig_streamer/dig_streamer.gen/sources_1/bd/design_1/ip/design_1_xdma_0_0/ip_0/source/design_1_xdma_0_0_pcie2_ip-PCIE_X0Y0.xdc] for cell 'design_1_i/xdma_0/inst/design_1_xdma_0_0_pcie2_to_pcie3_wrapper_i/pcie2_ip_i/inst'
INFO: [Timing 38-2] Deriving generated clocks [/home/kokunev/data/git_root/dig/dig_board_streamer/dig_streamer/dig_streamer.gen/sources_1/bd/design_1/ip/design_1_xdma_0_0/ip_0/source/design_1_xdma_0_0_pcie2_ip-PCIE_X0Y0.xdc:139]
Finished Parsing XDC File [/home/kokunev/data/git_root/dig/dig_board_streamer/dig_streamer/dig_streamer.gen/sources_1/bd/design_1/ip/design_1_xdma_0_0/ip_0/source/design_1_xdma_0_0_pcie2_ip-PCIE_X0Y0.xdc] for cell 'design_1_i/xdma_0/inst/design_1_xdma_0_0_pcie2_to_pcie3_wrapper_i/pcie2_ip_i/inst'
INFO: [Project 1-236] Implementation specific constraints were found while reading constraint file [/home/kokunev/data/git_root/dig/dig_board_streamer/dig_streamer/dig_streamer.gen/sources_1/bd/design_1/ip/design_1_xdma_0_0/ip_0/source/design_1_xdma_0_0_pcie2_ip-PCIE_X0Y0.xdc]. These constraints will be ignored for synthesis but will be used in implementation. Impacted constraints are listed in the file [.Xil/design_1_wrapper_propImpl.xdc].
Resolution: To avoid this warning, move constraints listed in [.Xil/design_1_wrapper_propImpl.xdc] to another XDC file and exclude this new file from synthesis with the used_in_synthesis property (File Properties dialog in GUI) and re-run elaboration/synthesis.
Parsing XDC File [/home/kokunev/data/git_root/dig/dig_board_streamer/dig_streamer/dig_streamer.gen/sources_1/bd/design_1/ip/design_1_xdma_0_0/design_1_xdma_0_0_board.xdc] for cell 'design_1_i/xdma_0/inst'
Finished Parsing XDC File [/home/kokunev/data/git_root/dig/dig_board_streamer/dig_streamer/dig_streamer.gen/sources_1/bd/design_1/ip/design_1_xdma_0_0/design_1_xdma_0_0_board.xdc] for cell 'design_1_i/xdma_0/inst'
Parsing XDC File [/home/kokunev/data/git_root/dig/dig_board_streamer/dig_streamer/dig_streamer.gen/sources_1/bd/design_1/ip/design_1_xdma_0_0/source/design_1_xdma_0_0_pcie3_7vx_ip.xdc] for cell 'design_1_i/xdma_0/inst'
Finished Parsing XDC File [/home/kokunev/data/git_root/dig/dig_board_streamer/dig_streamer/dig_streamer.gen/sources_1/bd/design_1/ip/design_1_xdma_0_0/source/design_1_xdma_0_0_pcie3_7vx_ip.xdc] for cell 'design_1_i/xdma_0/inst'
INFO: [Project 1-236] Implementation specific constraints were found while reading constraint file [/home/kokunev/data/git_root/dig/dig_board_streamer/dig_streamer/dig_streamer.gen/sources_1/bd/design_1/ip/design_1_xdma_0_0/source/design_1_xdma_0_0_pcie3_7vx_ip.xdc]. These constraints will be ignored for synthesis but will be used in implementation. Impacted constraints are listed in the file [.Xil/design_1_wrapper_propImpl.xdc].
Resolution: To avoid this warning, move constraints listed in [.Xil/design_1_wrapper_propImpl.xdc] to another XDC file and exclude this new file from synthesis with the used_in_synthesis property (File Properties dialog in GUI) and re-run elaboration/synthesis.
Parsing XDC File [/home/kokunev/data/git_root/dig/dig_board_streamer/dig_streamer/dig_streamer.gen/sources_1/bd/design_1/ip/design_1_util_ds_buf_0/design_1_util_ds_buf_0_board.xdc] for cell 'design_1_i/util_ds_buf/U0'
Finished Parsing XDC File [/home/kokunev/data/git_root/dig/dig_board_streamer/dig_streamer/dig_streamer.gen/sources_1/bd/design_1/ip/design_1_util_ds_buf_0/design_1_util_ds_buf_0_board.xdc] for cell 'design_1_i/util_ds_buf/U0'
Parsing XDC File [/home/kokunev/data/git_root/dig/dig_board_streamer/dig_streamer/dig_streamer.gen/sources_1/bd/design_1/ip/design_1_util_ds_buf_0_0/design_1_util_ds_buf_0_0_board.xdc] for cell 'design_1_i/util_ds_buf_0/U0'
Finished Parsing XDC File [/home/kokunev/data/git_root/dig/dig_board_streamer/dig_streamer/dig_streamer.gen/sources_1/bd/design_1/ip/design_1_util_ds_buf_0_0/design_1_util_ds_buf_0_0_board.xdc] for cell 'design_1_i/util_ds_buf_0/U0'
Parsing XDC File [/home/kokunev/data/git_root/dig/dig_board_streamer/dig_streamer/dig_streamer.srcs/constrs_1/imports/new/io.xdc]
Finished Parsing XDC File [/home/kokunev/data/git_root/dig/dig_board_streamer/dig_streamer/dig_streamer.srcs/constrs_1/imports/new/io.xdc]
INFO: [Project 1-236] Implementation specific constraints were found while reading constraint file [/home/kokunev/data/git_root/dig/dig_board_streamer/dig_streamer/dig_streamer.srcs/constrs_1/imports/new/io.xdc]. These constraints will be ignored for synthesis but will be used in implementation. Impacted constraints are listed in the file [.Xil/design_1_wrapper_propImpl.xdc].
Resolution: To avoid this warning, move constraints listed in [.Xil/design_1_wrapper_propImpl.xdc] to another XDC file and exclude this new file from synthesis with the used_in_synthesis property (File Properties dialog in GUI) and re-run elaboration/synthesis.
Parsing XDC File [/home/kokunev/data/git_root/dig/dig_board_streamer/dig_streamer/dig_streamer.runs/synth_1/dont_touch.xdc]
Finished Parsing XDC File [/home/kokunev/data/git_root/dig/dig_board_streamer/dig_streamer/dig_streamer.runs/synth_1/dont_touch.xdc]
INFO: [Project 1-236] Implementation specific constraints were found while reading constraint file [/home/kokunev/data/git_root/dig/dig_board_streamer/dig_streamer/dig_streamer.runs/synth_1/dont_touch.xdc]. These constraints will be ignored for synthesis but will be used in implementation. Impacted constraints are listed in the file [.Xil/design_1_wrapper_propImpl.xdc].
Resolution: To avoid this warning, move constraints listed in [.Xil/design_1_wrapper_propImpl.xdc] to another XDC file and exclude this new file from synthesis with the used_in_synthesis property (File Properties dialog in GUI) and re-run elaboration/synthesis.
INFO: [Timing 38-2] Deriving generated clocks
Parsing XDC File [/home/kokunev/data/git_root/dig/dig_board_streamer/dig_streamer/dig_streamer.gen/sources_1/bd/design_1/ip/design_1_xdma_0_0/ip_0/source/ip_xilinx_pcie_2_1_7x_late.xdc] for cell 'design_1_i/xdma_0/inst/design_1_xdma_0_0_pcie2_to_pcie3_wrapper_i/pcie2_ip_i/inst'
Finished Parsing XDC File [/home/kokunev/data/git_root/dig/dig_board_streamer/dig_streamer/dig_streamer.gen/sources_1/bd/design_1/ip/design_1_xdma_0_0/ip_0/source/ip_xilinx_pcie_2_1_7x_late.xdc] for cell 'design_1_i/xdma_0/inst/design_1_xdma_0_0_pcie2_to_pcie3_wrapper_i/pcie2_ip_i/inst'
INFO: [Project 1-236] Implementation specific constraints were found while reading constraint file [/home/kokunev/data/git_root/dig/dig_board_streamer/dig_streamer/dig_streamer.gen/sources_1/bd/design_1/ip/design_1_xdma_0_0/ip_0/source/ip_xilinx_pcie_2_1_7x_late.xdc]. These constraints will be ignored for synthesis but will be used in implementation. Impacted constraints are listed in the file [.Xil/design_1_wrapper_propImpl.xdc].
Resolution: To avoid this warning, move constraints listed in [.Xil/design_1_wrapper_propImpl.xdc] to another XDC file and exclude this new file from synthesis with the used_in_synthesis property (File Properties dialog in GUI) and re-run elaboration/synthesis.
INFO: [Project 1-236] Implementation specific constraints were found while reading constraint file [/opt/Xilinx_2/2025.2/data/ip/xpm/xpm_cdc/tcl/xpm_cdc_single.tcl]. These constraints will be ignored for synthesis but will be used in implementation. Impacted constraints are listed in the file [.Xil/design_1_wrapper_propImpl.xdc].
Resolution: To avoid this warning, move constraints listed in [.Xil/design_1_wrapper_propImpl.xdc] to another XDC file and exclude this new file from synthesis with the used_in_synthesis property (File Properties dialog in GUI) and re-run elaboration/synthesis.
INFO: [Project 1-236] Implementation specific constraints were found while reading constraint file [/opt/Xilinx_2/2025.2/data/ip/xpm/xpm_memory/tcl/xpm_memory_xdc.tcl]. These constraints will be ignored for synthesis but will be used in implementation. Impacted constraints are listed in the file [.Xil/design_1_wrapper_propImpl.xdc].
Resolution: To avoid this warning, move constraints listed in [.Xil/design_1_wrapper_propImpl.xdc] to another XDC file and exclude this new file from synthesis with the used_in_synthesis property (File Properties dialog in GUI) and re-run elaboration/synthesis.
INFO: [Project 1-1714] 23 XPM XDC files have been applied to the design.
Completed Processing XDC Constraints

Netlist sorting complete. Time (s): cpu = 00:00:00.01 ; elapsed = 00:00:00.01 . Memory (MB): peak = 3078.551 ; gain = 0.000 ; free physical = 46921 ; free virtual = 59534
INFO: [Project 1-111] Unisim Transformation Summary:
  A total of 5 instances were transformed.
  FDR => FDRE: 1 instance 
  MUXCY_L => MUXCY: 4 instances

---------------------------------------------------------------------------------
Finished Mimic Skeleton from Reference : Time (s): cpu = 00:00:44 ; elapsed = 00:00:44 . Memory (MB): peak = 3098.477 ; gain = 1347.820 ; free physical = 42002 ; free virtual = 54627
---------------------------------------------------------------------------------


Incremental Synthesis Report Summary:

1. Incremental synthesis run: yes

   Stitch points used : changed


2. Change Summary

Report Incremental Modules: 
+-+----------------+------------+----------+----------+
| |Changed Modules |Replication |Instances |Changed % |
+-+----------------+------------+----------+----------+
+-+----------------+------------+----------+----------+


   Full Design Size (number of cells) : 215909
   Resynthesis Design Size (number of cells) : 3
   Resynth % : 0.0014,  Reuse % : 99.9986

3. Reference Checkpoint Information

+-------------------------------------------------------------------------------------------------------------------------------------------------+
| DCP Location:  | /home/kokunev/data/git_root/dig/dig_board_streamer/dig_streamer/dig_streamer.srcs/utils_1/imports/synth_1/design_1_wrapper.dcp |
+-------------------------------------------------------------------------------------------------------------------------------------------------+


+--------------------------------+------------------------------+
|         DCP Information        |             Value            |
+--------------------------------+------------------------------+
| Vivado Version                 |                    v2025.2 |
| DCP State                      |                              |
+--------------------------------+------------------------------+



Report RTL Partitions: 
+------+---------------------------------------------+------------+----------+
|      |RTL Partition                                |Replication |Instances |
+------+---------------------------------------------+------------+----------+
|1     |xdma_v4_2_2_vul_rdwr_#REUSE#                 |           1|         0|
|2     |xdma_v4_2_2_vul_rdwr__parameterized0_#REUSE# |           1|         0|
|3     |xdma_v4_2_2_vul_top__GB2_#REUSE#             |           1|         0|
|4     |xdma_v4_2_2_dma_pcie_req__GB0_#REUSE#        |           1|         0|
|5     |xdma_v4_2_2_dma_pcie_req__GB1_#REUSE#        |           1|         0|
|6     |xdma_v4_2_2_udma_top__GCB0_#REUSE#           |           1|         0|
|7     |xdma_v4_2_2_udma_top__GCB1_#REUSE#           |           1|         0|
|8     |xdma_v4_2_2_udma_wrapper__GC0_#REUSE#        |           1|         0|
|9     |design_1_xdma_0_0_core_top__GC0_#REUSE#      |           1|         0|
|10    |design_1__GC0_#REUSE#                        |           1|         0|
+------+---------------------------------------------+------------+----------+
---------------------------------------------------------------------------------
Start RTL Component Statistics 
---------------------------------------------------------------------------------
---------------------------------------------------------------------------------
Finished RTL Component Statistics 
---------------------------------------------------------------------------------
---------------------------------------------------------------------------------
Start Part Resource Summary
---------------------------------------------------------------------------------
Part Resources:
DSPs: 240 (col length:80)
BRAMs: 270 (col length: RAMB18 80 RAMB36 40)
---------------------------------------------------------------------------------
Finished Part Resource Summary
---------------------------------------------------------------------------------
---------------------------------------------------------------------------------
Start Cross Boundary and Area Optimization
---------------------------------------------------------------------------------
WARNING: [Synth 8-7077] IncrSyn: subsequent runs will still be incremental as the reference run was parallel and that data is reused
---------------------------------------------------------------------------------
Finished Cross Boundary and Area Optimization : Time (s): cpu = 00:00:48 ; elapsed = 00:00:48 . Memory (MB): peak = 3102.562 ; gain = 1351.906 ; free physical = 41314 ; free virtual = 54050
---------------------------------------------------------------------------------
---------------------------------------------------------------------------------
Start Stitch Unchanged AreaOpt Partitions
---------------------------------------------------------------------------------
---------------------------------------------------------------------------------
Finished Stitch Unchanged AreaOpt Partitions : Time (s): cpu = 00:00:49 ; elapsed = 00:00:53 . Memory (MB): peak = 3106.480 ; gain = 1355.824 ; free physical = 41663 ; free virtual = 54400
---------------------------------------------------------------------------------
---------------------------------------------------------------------------------
Start Applying XDC Timing Constraints
---------------------------------------------------------------------------------
INFO: [Synth 8-5578] Moved timing constraint from pin 'design_1_xdma_0_0_pcie2_to_pcie3_wrapper_i/design_1_xdma_0_0_axi_stream_intf_i/design_1_xdma_0_0_rx_demux_i/tgt_brdg_fifo_inst/U0/inst_fifo_gen/gaxis_fifo.gaxisf.axisf/grf.rf/rstblk/ngwrdrst.grst.g7serrst.gnsckt_wrst.rst_wr_reg2_inst/src_arst' to pin 'design_1_xdma_0_0_pcie2_to_pcie3_wrapper_i/design_1_xdma_0_0_axi_stream_intf_i/design_1_xdma_0_0_rx_demux_i/tgt_brdg_fifo_inst/U0/inst_fifo_gen/inverted_reset_inferred/i_0/O'
INFO: [Synth 8-5819] Moved 1 constraints on hierarchical pins to their respective driving/loading pins
---------------------------------------------------------------------------------
Finished Applying XDC Timing Constraints : Time (s): cpu = 00:00:53 ; elapsed = 00:00:57 . Memory (MB): peak = 3121.562 ; gain = 1370.906 ; free physical = 41462 ; free virtual = 54289
---------------------------------------------------------------------------------
---------------------------------------------------------------------------------
Start Timing Optimization
---------------------------------------------------------------------------------
---------------------------------------------------------------------------------
Finished Timing Optimization : Time (s): cpu = 00:00:53 ; elapsed = 00:00:58 . Memory (MB): peak = 3124.562 ; gain = 1373.906 ; free physical = 41464 ; free virtual = 54291
---------------------------------------------------------------------------------
---------------------------------------------------------------------------------
Start Technology Mapping
---------------------------------------------------------------------------------
WARNING: [Synth 8-7077] IncrSyn: subsequent runs will still be incremental as the reference run was parallel and that data is reused
---------------------------------------------------------------------------------
Finished Technology Mapping : Time (s): cpu = 00:00:53 ; elapsed = 00:00:58 . Memory (MB): peak = 3136.523 ; gain = 1385.867 ; free physical = 41448 ; free virtual = 54276
---------------------------------------------------------------------------------
---------------------------------------------------------------------------------
Start Stitch Unchanged Partitions
---------------------------------------------------------------------------------
---------------------------------------------------------------------------------
Finished Stitch Unchanged Partitions : Time (s): cpu = 00:00:54 ; elapsed = 00:00:59 . Memory (MB): peak = 3136.523 ; gain = 1385.867 ; free physical = 41444 ; free virtual = 54272
---------------------------------------------------------------------------------
---------------------------------------------------------------------------------
Start IO Insertion
---------------------------------------------------------------------------------
---------------------------------------------------------------------------------
Start Flattening Before IO Insertion
---------------------------------------------------------------------------------
---------------------------------------------------------------------------------
Finished Flattening Before IO Insertion
---------------------------------------------------------------------------------
---------------------------------------------------------------------------------
Start Final Netlist Cleanup
---------------------------------------------------------------------------------
INFO: [Synth 8-7052] The timing for the instance design_1_i/xdma_0/inst/udma_wrapper/dma_top/dma_enable.vul_dma/WR/gen_rdwr_loop[0].gen_rdwr_eng.RDWR_INST/rrq_wadr_nn1_reg (implemented as a Block RAM) might be sub-optimal as no optional output register could be merged into the ram block. Providing additional output register may help in improving timing.
INFO: [Synth 8-7052] The timing for the instance design_1_i/xdma_0/inst/udma_wrapper/dma_top/dma_enable.vul_dma/WR/gen_rdwr_loop[0].gen_rdwr_eng.RDWR_INST/rrq_dadr_nn1_reg (implemented as a Block RAM) might be sub-optimal as no optional output register could be merged into the ram block. Providing additional output register may help in improving timing.
INFO: [Synth 8-7052] The timing for the instance design_1_i/xdma_0/inst/udma_wrapper/dma_top/dma_enable.vul_dma/WR/gen_rdwr_loop[1].gen_rdwr_eng.RDWR_INST/rrq_wadr_nn1_reg (implemented as a Block RAM) might be sub-optimal as no optional output register could be merged into the ram block. Providing additional output register may help in improving timing.
INFO: [Synth 8-7052] The timing for the instance design_1_i/xdma_0/inst/udma_wrapper/dma_top/dma_enable.vul_dma/WR/gen_rdwr_loop[1].gen_rdwr_eng.RDWR_INST/rrq_dadr_nn1_reg (implemented as a Block RAM) might be sub-optimal as no optional output register could be merged into the ram block. Providing additional output register may help in improving timing.
INFO: [Synth 8-7052] The timing for the instance design_1_i/xdma_0/inst/udma_wrapper/dma_top/dma_enable.vul_dma/RD/gen_rdwr_loop[0].gen_rdwr_eng.RDWR_INST/rrq_wadr_nn1_reg (implemented as a Block RAM) might be sub-optimal as no optional output register could be merged into the ram block. Providing additional output register may help in improving timing.
INFO: [Synth 8-7052] The timing for the instance design_1_i/xdma_0/inst/udma_wrapper/dma_top/dma_enable.vul_dma/RD/gen_rdwr_loop[1].gen_rdwr_eng.RDWR_INST/rrq_wadr_nn1_reg (implemented as a Block RAM) might be sub-optimal as no optional output register could be merged into the ram block. Providing additional output register may help in improving timing.
INFO: [Synth 8-7052] The timing for the instance design_1_i/xdma_0/inst/udma_wrapper/dma_top/base/IRQ_INST/msix_internal_xdma.pf0_msix_table/msix_ram_gen[1].msix_ram_reg (implemented as a Block RAM) might be sub-optimal as no optional output register could be merged into the ram block. Providing additional output register may help in improving timing.
INFO: [Synth 8-7052] The timing for the instance design_1_i/xdma_0/inst/ram_top/mas_bridge_ram_write_512.MASTER_WRITE_FIFO/xpm_memory_sdpram_inst_loop[0].xpm_memory_sdpram_inst/xpm_memory_base_inst/gen_wr_a.gen_word_narrow.mem_reg_0 (implemented as a Block RAM) might be sub-optimal as no optional output register could be merged into the ram block. Providing additional output register may help in improving timing.
INFO: [Synth 8-7052] The timing for the instance design_1_i/xdma_0/inst/ram_top/mas_bridge_ram_write_512.MASTER_WRITE_FIFO/xpm_memory_sdpram_inst_loop[0].xpm_memory_sdpram_inst/xpm_memory_base_inst/gen_wr_a.gen_word_narrow.mem_reg_1 (implemented as a Block RAM) might be sub-optimal as no optional output register could be merged into the ram block. Providing additional output register may help in improving timing.
INFO: [Synth 8-7052] The timing for the instance design_1_i/xdma_0/inst/ram_top/MASTER_READ_BRAM/xpm_memory_sdpram_inst_loop[0].xpm_memory_sdpram_inst/xpm_memory_base_inst/gen_wr_a.gen_word_narrow.mem_reg_0 (implemented as a Block RAM) might be sub-optimal as no optional output register could be merged into the ram block. Providing additional output register may help in improving timing.
INFO: [Synth 8-7052] The timing for the instance design_1_i/xdma_0/inst/ram_top/MASTER_READ_BRAM/xpm_memory_sdpram_inst_loop[0].xpm_memory_sdpram_inst/xpm_memory_base_inst/gen_wr_a.gen_word_narrow.mem_reg_1 (implemented as a Block RAM) might be sub-optimal as no optional output register could be merged into the ram block. Providing additional output register may help in improving timing.
WARNING: [Synth 8-3332] Sequential element (dma_top/dma_enable.axist.dma_axist/axist_h2c[1].dma_axist_mst/wpl_sod_nn4_reg_dma_top_dma_enable.axist.dma_axist_axist_h2c_s_1) is unused and will be removed from module xdma_v4_2_2_udma_wrapper.
WARNING: [Synth 8-3332] Sequential element (dma_top/dma_enable.axist.dma_axist/axist_h2c[1].dma_axist_mst/wpl_sod_nn5_reg) is unused and will be removed from module xdma_v4_2_2_udma_wrapper.
---------------------------------------------------------------------------------
Finished Final Netlist Cleanup
---------------------------------------------------------------------------------
WARNING: [Synth 8-5396] Clock pin C has keep related attribute (keep/mark_debug/dont_touch) which could create extra logic on its net [/home/kokunev/data/git_root/dig/dig_board_streamer/dig_streamer/dig_streamer.gen/sources_1/bd/design_1/ipshared/2f03/hdl/axi_bram_ctrl_v4_1_rfs.vhd:15768]
WARNING: [Synth 8-5396] Clock pin C has keep related attribute (keep/mark_debug/dont_touch) which could create extra logic on its net [/home/kokunev/data/git_root/dig/dig_board_streamer/dig_streamer/dig_streamer.gen/sources_1/bd/design_1/ipshared/2f03/hdl/axi_bram_ctrl_v4_1_rfs.vhd:20066]
WARNING: [Synth 8-5396] Clock pin C has keep related attribute (keep/mark_debug/dont_touch) which could create extra logic on its net [/home/kokunev/data/git_root/dig/dig_board_streamer/dig_streamer/dig_streamer.gen/sources_1/bd/design_1/ipshared/2f03/hdl/axi_bram_ctrl_v4_1_rfs.vhd:20066]
WARNING: [Synth 8-5396] Clock pin C has keep related attribute (keep/mark_debug/dont_touch) which could create extra logic on its net [/home/kokunev/data/git_root/dig/dig_board_streamer/dig_streamer/dig_streamer.gen/sources_1/bd/design_1/ipshared/2f03/hdl/axi_bram_ctrl_v4_1_rfs.vhd:20066]
WARNING: [Synth 8-5396] Clock pin C has keep related attribute (keep/mark_debug/dont_touch) which could create extra logic on its net [/home/kokunev/data/git_root/dig/dig_board_streamer/dig_streamer/dig_streamer.gen/sources_1/bd/design_1/ipshared/2f03/hdl/axi_bram_ctrl_v4_1_rfs.vhd:20066]
WARNING: [Synth 8-5396] Clock pin C has keep related attribute (keep/mark_debug/dont_touch) which could create extra logic on its net [/home/kokunev/data/git_root/dig/dig_board_streamer/dig_streamer/dig_streamer.gen/sources_1/bd/design_1/ipshared/2f03/hdl/axi_bram_ctrl_v4_1_rfs.vhd:20066]
WARNING: [Synth 8-5396] Clock pin C has keep related attribute (keep/mark_debug/dont_touch) which could create extra logic on its net [/home/kokunev/data/git_root/dig/dig_board_streamer/dig_streamer/dig_streamer.gen/sources_1/bd/design_1/ipshared/2f03/hdl/axi_bram_ctrl_v4_1_rfs.vhd:20066]
WARNING: [Synth 8-5396] Clock pin C has keep related attribute (keep/mark_debug/dont_touch) which could create extra logic on its net [/home/kokunev/data/git_root/dig/dig_board_streamer/dig_streamer/dig_streamer.gen/sources_1/bd/design_1/ipshared/2f03/hdl/axi_bram_ctrl_v4_1_rfs.vhd:20066]
WARNING: [Synth 8-5396] Clock pin C has keep related attribute (keep/mark_debug/dont_touch) which could create extra logic on its net [/home/kokunev/data/git_root/dig/dig_board_streamer/dig_streamer/dig_streamer.gen/sources_1/bd/design_1/ipshared/2f03/hdl/axi_bram_ctrl_v4_1_rfs.vhd:20066]
WARNING: [Synth 8-5396] Clock pin C has keep related attribute (keep/mark_debug/dont_touch) which could create extra logic on its net [/home/kokunev/data/git_root/dig/dig_board_streamer/dig_streamer/dig_streamer.gen/sources_1/bd/design_1/ipshared/2f03/hdl/axi_bram_ctrl_v4_1_rfs.vhd:20066]
WARNING: [Synth 8-5396] Clock pin C has keep related attribute (keep/mark_debug/dont_touch) which could create extra logic on its net [/home/kokunev/data/git_root/dig/dig_board_streamer/dig_streamer/dig_streamer.gen/sources_1/bd/design_1/ipshared/2f03/hdl/axi_bram_ctrl_v4_1_rfs.vhd:20066]
WARNING: [Synth 8-5396] Clock pin C has keep related attribute (keep/mark_debug/dont_touch) which could create extra logic on its net [/home/kokunev/data/git_root/dig/dig_board_streamer/dig_streamer/dig_streamer.gen/sources_1/bd/design_1/ipshared/2f03/hdl/axi_bram_ctrl_v4_1_rfs.vhd:20066]
WARNING: [Synth 8-5396] Clock pin C has keep related attribute (keep/mark_debug/dont_touch) which could create extra logic on its net [/home/kokunev/data/git_root/dig/dig_board_streamer/dig_streamer/dig_streamer.gen/sources_1/bd/design_1/ipshared/2f03/hdl/axi_bram_ctrl_v4_1_rfs.vhd:20066]
WARNING: [Synth 8-5396] Clock pin C has keep related attribute (keep/mark_debug/dont_touch) which could create extra logic on its net [/home/kokunev/data/git_root/dig/dig_board_streamer/dig_streamer/dig_streamer.gen/sources_1/bd/design_1/ipshared/2f03/hdl/axi_bram_ctrl_v4_1_rfs.vhd:20066]
WARNING: [Synth 8-5396] Clock pin C has keep related attribute (keep/mark_debug/dont_touch) which could create extra logic on its net [/home/kokunev/data/git_root/dig/dig_board_streamer/dig_streamer/dig_streamer.gen/sources_1/bd/design_1/ipshared/2f03/hdl/axi_bram_ctrl_v4_1_rfs.vhd:20066]
WARNING: [Synth 8-5396] Clock pin C has keep related attribute (keep/mark_debug/dont_touch) which could create extra logic on its net [/home/kokunev/data/git_root/dig/dig_board_streamer/dig_streamer/dig_streamer.gen/sources_1/bd/design_1/ipshared/2f03/hdl/axi_bram_ctrl_v4_1_rfs.vhd:20066]
WARNING: [Synth 8-5396] Clock pin C has keep related attribute (keep/mark_debug/dont_touch) which could create extra logic on its net [/home/kokunev/data/git_root/dig/dig_board_streamer/dig_streamer/dig_streamer.gen/sources_1/bd/design_1/ipshared/2f03/hdl/axi_bram_ctrl_v4_1_rfs.vhd:20066]
WARNING: [Synth 8-5396] Clock pin C has keep related attribute (keep/mark_debug/dont_touch) which could create extra logic on its net [/home/kokunev/data/git_root/dig/dig_board_streamer/dig_streamer/dig_streamer.gen/sources_1/bd/design_1/ipshared/2f03/hdl/axi_bram_ctrl_v4_1_rfs.vhd:19825]
WARNING: [Synth 8-5396] Clock pin C has keep related attribute (keep/mark_debug/dont_touch) which could create extra logic on its net [/home/kokunev/data/git_root/dig/dig_board_streamer/dig_streamer/dig_streamer.gen/sources_1/bd/design_1/ipshared/2f03/hdl/axi_bram_ctrl_v4_1_rfs.vhd:15179]
WARNING: [Synth 8-5396] Clock pin C has keep related attribute (keep/mark_debug/dont_touch) which could create extra logic on its net [/home/kokunev/data/git_root/dig/dig_board_streamer/dig_streamer/dig_streamer.gen/sources_1/bd/design_1/ipshared/2f03/hdl/axi_bram_ctrl_v4_1_rfs.vhd:15210]
WARNING: [Synth 8-5396] Clock pin C has keep related attribute (keep/mark_debug/dont_touch) which could create extra logic on its net [/home/kokunev/data/git_root/dig/dig_board_streamer/dig_streamer/dig_streamer.gen/sources_1/bd/design_1/ipshared/2f03/hdl/axi_bram_ctrl_v4_1_rfs.vhd:19827]
WARNING: [Synth 8-5396] Clock pin C has keep related attribute (keep/mark_debug/dont_touch) which could create extra logic on its net [/home/kokunev/data/git_root/dig/dig_board_streamer/dig_streamer/dig_streamer.gen/sources_1/bd/design_1/ipshared/2f03/hdl/axi_bram_ctrl_v4_1_rfs.vhd:19832]
WARNING: [Synth 8-5396] Clock pin C has keep related attribute (keep/mark_debug/dont_touch) which could create extra logic on its net [/home/kokunev/data/git_root/dig/dig_board_streamer/dig_streamer/dig_streamer.gen/sources_1/bd/design_1/ipshared/2f03/hdl/axi_bram_ctrl_v4_1_rfs.vhd:19828]
WARNING: [Synth 8-5396] Clock pin C has keep related attribute (keep/mark_debug/dont_touch) which could create extra logic on its net [/home/kokunev/data/git_root/dig/dig_board_streamer/dig_streamer/dig_streamer.gen/sources_1/bd/design_1/ipshared/2f03/hdl/axi_bram_ctrl_v4_1_rfs.vhd:17033]
WARNING: [Synth 8-5396] Clock pin C has keep related attribute (keep/mark_debug/dont_touch) which could create extra logic on its net [/home/kokunev/data/git_root/dig/dig_board_streamer/dig_streamer/dig_streamer.gen/sources_1/bd/design_1/ipshared/2f03/hdl/axi_bram_ctrl_v4_1_rfs.vhd:17261]
WARNING: [Synth 8-5396] Clock pin C has keep related attribute (keep/mark_debug/dont_touch) which could create extra logic on its net [/home/kokunev/data/git_root/dig/dig_board_streamer/dig_streamer/dig_streamer.gen/sources_1/bd/design_1/ipshared/2f03/hdl/axi_bram_ctrl_v4_1_rfs.vhd:15432]
WARNING: [Synth 8-5396] Clock pin C has keep related attribute (keep/mark_debug/dont_touch) which could create extra logic on its net [/home/kokunev/data/git_root/dig/dig_board_streamer/dig_streamer/dig_streamer.gen/sources_1/bd/design_1/ipshared/2f03/hdl/axi_bram_ctrl_v4_1_rfs.vhd:15360]
WARNING: [Synth 8-5396] Clock pin C has keep related attribute (keep/mark_debug/dont_touch) which could create extra logic on its net [/home/kokunev/data/git_root/dig/dig_board_streamer/dig_streamer/dig_streamer.gen/sources_1/bd/design_1/ipshared/2f03/hdl/axi_bram_ctrl_v4_1_rfs.vhd:17039]
WARNING: [Synth 8-5396] Clock pin C has keep related attribute (keep/mark_debug/dont_touch) which could create extra logic on its net [/home/kokunev/data/git_root/dig/dig_board_streamer/dig_streamer/dig_streamer.gen/sources_1/bd/design_1/ipshared/2f03/hdl/axi_bram_ctrl_v4_1_rfs.vhd:16919]
WARNING: [Synth 8-5396] Clock pin C has keep related attribute (keep/mark_debug/dont_touch) which could create extra logic on its net [/home/kokunev/data/git_root/dig/dig_board_streamer/dig_streamer/dig_streamer.gen/sources_1/bd/design_1/ipshared/2f03/hdl/axi_bram_ctrl_v4_1_rfs.vhd:16919]
WARNING: [Synth 8-5396] Clock pin C has keep related attribute (keep/mark_debug/dont_touch) which could create extra logic on its net [/home/kokunev/data/git_root/dig/dig_board_streamer/dig_streamer/dig_streamer.gen/sources_1/bd/design_1/ipshared/2f03/hdl/axi_bram_ctrl_v4_1_rfs.vhd:16919]
WARNING: [Synth 8-5396] Clock pin C has keep related attribute (keep/mark_debug/dont_touch) which could create extra logic on its net [/home/kokunev/data/git_root/dig/dig_board_streamer/dig_streamer/dig_streamer.gen/sources_1/bd/design_1/ipshared/2f03/hdl/axi_bram_ctrl_v4_1_rfs.vhd:16919]
WARNING: [Synth 8-5396] Clock pin C has keep related attribute (keep/mark_debug/dont_touch) which could create extra logic on its net [/home/kokunev/data/git_root/dig/dig_board_streamer/dig_streamer/dig_streamer.gen/sources_1/bd/design_1/ipshared/2f03/hdl/axi_bram_ctrl_v4_1_rfs.vhd:16919]
WARNING: [Synth 8-5396] Clock pin C has keep related attribute (keep/mark_debug/dont_touch) which could create extra logic on its net [/home/kokunev/data/git_root/dig/dig_board_streamer/dig_streamer/dig_streamer.gen/sources_1/bd/design_1/ipshared/2f03/hdl/axi_bram_ctrl_v4_1_rfs.vhd:16919]
WARNING: [Synth 8-5396] Clock pin C has keep related attribute (keep/mark_debug/dont_touch) which could create extra logic on its net [/home/kokunev/data/git_root/dig/dig_board_streamer/dig_streamer/dig_streamer.gen/sources_1/bd/design_1/ipshared/2f03/hdl/axi_bram_ctrl_v4_1_rfs.vhd:16919]
WARNING: [Synth 8-5396] Clock pin C has keep related attribute (keep/mark_debug/dont_touch) which could create extra logic on its net [/home/kokunev/data/git_root/dig/dig_board_streamer/dig_streamer/dig_streamer.gen/sources_1/bd/design_1/ipshared/2f03/hdl/axi_bram_ctrl_v4_1_rfs.vhd:16919]
WARNING: [Synth 8-5396] Clock pin C has keep related attribute (keep/mark_debug/dont_touch) which could create extra logic on its net [/home/kokunev/data/git_root/dig/dig_board_streamer/dig_streamer/dig_streamer.gen/sources_1/bd/design_1/ipshared/2f03/hdl/axi_bram_ctrl_v4_1_rfs.vhd:19829]
WARNING: [Synth 8-5396] Clock pin C has keep related attribute (keep/mark_debug/dont_touch) which could create extra logic on its net [/home/kokunev/data/git_root/dig/dig_board_streamer/dig_streamer/dig_streamer.gen/sources_1/bd/design_1/ipshared/2f03/hdl/axi_bram_ctrl_v4_1_rfs.vhd:15621]
WARNING: [Synth 8-5396] Clock pin C has keep related attribute (keep/mark_debug/dont_touch) which could create extra logic on its net [/home/kokunev/data/git_root/dig/dig_board_streamer/dig_streamer/dig_streamer.gen/sources_1/bd/design_1/ipshared/2f03/hdl/axi_bram_ctrl_v4_1_rfs.vhd:15621]
WARNING: [Synth 8-5396] Clock pin C has keep related attribute (keep/mark_debug/dont_touch) which could create extra logic on its net [/home/kokunev/data/git_root/dig/dig_board_streamer/dig_streamer/dig_streamer.gen/sources_1/bd/design_1/ipshared/2f03/hdl/axi_bram_ctrl_v4_1_rfs.vhd:15621]
WARNING: [Synth 8-5396] Clock pin C has keep related attribute (keep/mark_debug/dont_touch) which could create extra logic on its net [/home/kokunev/data/git_root/dig/dig_board_streamer/dig_streamer/dig_streamer.gen/sources_1/bd/design_1/ipshared/2f03/hdl/axi_bram_ctrl_v4_1_rfs.vhd:15621]
WARNING: [Synth 8-5396] Clock pin C has keep related attribute (keep/mark_debug/dont_touch) which could create extra logic on its net [/home/kokunev/data/git_root/dig/dig_board_streamer/dig_streamer/dig_streamer.gen/sources_1/bd/design_1/ipshared/2f03/hdl/axi_bram_ctrl_v4_1_rfs.vhd:15621]
WARNING: [Synth 8-5396] Clock pin C has keep related attribute (keep/mark_debug/dont_touch) which could create extra logic on its net [/home/kokunev/data/git_root/dig/dig_board_streamer/dig_streamer/dig_streamer.gen/sources_1/bd/design_1/ipshared/2f03/hdl/axi_bram_ctrl_v4_1_rfs.vhd:15621]
WARNING: [Synth 8-5396] Clock pin C has keep related attribute (keep/mark_debug/dont_touch) which could create extra logic on its net [/home/kokunev/data/git_root/dig/dig_board_streamer/dig_streamer/dig_streamer.gen/sources_1/bd/design_1/ipshared/2f03/hdl/axi_bram_ctrl_v4_1_rfs.vhd:15621]
WARNING: [Synth 8-5396] Clock pin C has keep related attribute (keep/mark_debug/dont_touch) which could create extra logic on its net [/home/kokunev/data/git_root/dig/dig_board_streamer/dig_streamer/dig_streamer.gen/sources_1/bd/design_1/ipshared/2f03/hdl/axi_bram_ctrl_v4_1_rfs.vhd:15621]
WARNING: [Synth 8-5396] Clock pin C has keep related attribute (keep/mark_debug/dont_touch) which could create extra logic on its net [/home/kokunev/data/git_root/dig/dig_board_streamer/dig_streamer/dig_streamer.gen/sources_1/bd/design_1/ipshared/2f03/hdl/axi_bram_ctrl_v4_1_rfs.vhd:15621]
WARNING: [Synth 8-5396] Clock pin C has keep related attribute (keep/mark_debug/dont_touch) which could create extra logic on its net [/home/kokunev/data/git_root/dig/dig_board_streamer/dig_streamer/dig_streamer.gen/sources_1/bd/design_1/ipshared/2f03/hdl/axi_bram_ctrl_v4_1_rfs.vhd:15621]
WARNING: [Synth 8-5396] Clock pin C has keep related attribute (keep/mark_debug/dont_touch) which could create extra logic on its net [/home/kokunev/data/git_root/dig/dig_board_streamer/dig_streamer/dig_streamer.gen/sources_1/bd/design_1/ipshared/2f03/hdl/axi_bram_ctrl_v4_1_rfs.vhd:15276]
WARNING: [Synth 8-5396] Clock pin C has keep related attribute (keep/mark_debug/dont_touch) which could create extra logic on its net [/home/kokunev/data/git_root/dig/dig_board_streamer/dig_streamer/dig_streamer.gen/sources_1/bd/design_1/ipshared/2f03/hdl/axi_bram_ctrl_v4_1_rfs.vhd:15276]
WARNING: [Synth 8-5396] Clock pin C has keep related attribute (keep/mark_debug/dont_touch) which could create extra logic on its net [/home/kokunev/data/git_root/dig/dig_board_streamer/dig_streamer/dig_streamer.gen/sources_1/bd/design_1/ipshared/2f03/hdl/axi_bram_ctrl_v4_1_rfs.vhd:15276]
WARNING: [Synth 8-5396] Clock pin C has keep related attribute (keep/mark_debug/dont_touch) which could create extra logic on its net [/home/kokunev/data/git_root/dig/dig_board_streamer/dig_streamer/dig_streamer.gen/sources_1/bd/design_1/ipshared/2f03/hdl/axi_bram_ctrl_v4_1_rfs.vhd:15276]
WARNING: [Synth 8-5396] Clock pin C has keep related attribute (keep/mark_debug/dont_touch) which could create extra logic on its net [/home/kokunev/data/git_root/dig/dig_board_streamer/dig_streamer/dig_streamer.gen/sources_1/bd/design_1/ipshared/2f03/hdl/axi_bram_ctrl_v4_1_rfs.vhd:15276]
WARNING: [Synth 8-5396] Clock pin C has keep related attribute (keep/mark_debug/dont_touch) which could create extra logic on its net [/home/kokunev/data/git_root/dig/dig_board_streamer/dig_streamer/dig_streamer.gen/sources_1/bd/design_1/ipshared/2f03/hdl/axi_bram_ctrl_v4_1_rfs.vhd:15402]
WARNING: [Synth 8-5396] Clock pin C has keep related attribute (keep/mark_debug/dont_touch) which could create extra logic on its net [/home/kokunev/data/git_root/dig/dig_board_streamer/dig_streamer/dig_streamer.gen/sources_1/bd/design_1/ipshared/2f03/hdl/axi_bram_ctrl_v4_1_rfs.vhd:25973]
WARNING: [Synth 8-5396] Clock pin C has keep related attribute (keep/mark_debug/dont_touch) which could create extra logic on its net [/home/kokunev/data/git_root/dig/dig_board_streamer/dig_streamer/dig_streamer.gen/sources_1/bd/design_1/ipshared/2f03/hdl/axi_bram_ctrl_v4_1_rfs.vhd:25973]
WARNING: [Synth 8-5396] Clock pin C has keep related attribute (keep/mark_debug/dont_touch) which could create extra logic on its net [/home/kokunev/data/git_root/dig/dig_board_streamer/dig_streamer/dig_streamer.gen/sources_1/bd/design_1/ipshared/2f03/hdl/axi_bram_ctrl_v4_1_rfs.vhd:25973]
WARNING: [Synth 8-5396] Clock pin C has keep related attribute (keep/mark_debug/dont_touch) which could create extra logic on its net [/home/kokunev/data/git_root/dig/dig_board_streamer/dig_streamer/dig_streamer.gen/sources_1/bd/design_1/ipshared/2f03/hdl/axi_bram_ctrl_v4_1_rfs.vhd:25973]
WARNING: [Synth 8-5396] Clock pin C has keep related attribute (keep/mark_debug/dont_touch) which could create extra logic on its net [/home/kokunev/data/git_root/dig/dig_board_streamer/dig_streamer/dig_streamer.gen/sources_1/bd/design_1/ipshared/2f03/hdl/axi_bram_ctrl_v4_1_rfs.vhd:25973]
WARNING: [Synth 8-5396] Clock pin C has keep related attribute (keep/mark_debug/dont_touch) which could create extra logic on its net [/home/kokunev/data/git_root/dig/dig_board_streamer/dig_streamer/dig_streamer.gen/sources_1/bd/design_1/ipshared/2f03/hdl/axi_bram_ctrl_v4_1_rfs.vhd:25973]
WARNING: [Synth 8-5396] Clock pin C has keep related attribute (keep/mark_debug/dont_touch) which could create extra logic on its net [/home/kokunev/data/git_root/dig/dig_board_streamer/dig_streamer/dig_streamer.gen/sources_1/bd/design_1/ipshared/2f03/hdl/axi_bram_ctrl_v4_1_rfs.vhd:25973]
WARNING: [Synth 8-5396] Clock pin C has keep related attribute (keep/mark_debug/dont_touch) which could create extra logic on its net [/home/kokunev/data/git_root/dig/dig_board_streamer/dig_streamer/dig_streamer.gen/sources_1/bd/design_1/ipshared/2f03/hdl/axi_bram_ctrl_v4_1_rfs.vhd:25973]
WARNING: [Synth 8-5396] Clock pin C has keep related attribute (keep/mark_debug/dont_touch) which could create extra logic on its net [/home/kokunev/data/git_root/dig/dig_board_streamer/dig_streamer/dig_streamer.gen/sources_1/bd/design_1/ipshared/2f03/hdl/axi_bram_ctrl_v4_1_rfs.vhd:25973]
WARNING: [Synth 8-5396] Clock pin C has keep related attribute (keep/mark_debug/dont_touch) which could create extra logic on its net [/home/kokunev/data/git_root/dig/dig_board_streamer/dig_streamer/dig_streamer.gen/sources_1/bd/design_1/ipshared/2f03/hdl/axi_bram_ctrl_v4_1_rfs.vhd:25973]
WARNING: [Synth 8-5396] Clock pin C has keep related attribute (keep/mark_debug/dont_touch) which could create extra logic on its net [/home/kokunev/data/git_root/dig/dig_board_streamer/dig_streamer/dig_streamer.gen/sources_1/bd/design_1/ipshared/2f03/hdl/axi_bram_ctrl_v4_1_rfs.vhd:25973]
WARNING: [Synth 8-5396] Clock pin C has keep related attribute (keep/mark_debug/dont_touch) which could create extra logic on its net [/home/kokunev/data/git_root/dig/dig_board_streamer/dig_streamer/dig_streamer.gen/sources_1/bd/design_1/ipshared/2f03/hdl/axi_bram_ctrl_v4_1_rfs.vhd:25973]
WARNING: [Synth 8-5396] Clock pin C has keep related attribute (keep/mark_debug/dont_touch) which could create extra logic on its net [/home/kokunev/data/git_root/dig/dig_board_streamer/dig_streamer/dig_streamer.gen/sources_1/bd/design_1/ipshared/2f03/hdl/axi_bram_ctrl_v4_1_rfs.vhd:25973]
WARNING: [Synth 8-5396] Clock pin C has keep related attribute (keep/mark_debug/dont_touch) which could create extra logic on its net [/home/kokunev/data/git_root/dig/dig_board_streamer/dig_streamer/dig_streamer.gen/sources_1/bd/design_1/ipshared/2f03/hdl/axi_bram_ctrl_v4_1_rfs.vhd:25973]
WARNING: [Synth 8-5396] Clock pin C has keep related attribute (keep/mark_debug/dont_touch) which could create extra logic on its net [/home/kokunev/data/git_root/dig/dig_board_streamer/dig_streamer/dig_streamer.gen/sources_1/bd/design_1/ipshared/2f03/hdl/axi_bram_ctrl_v4_1_rfs.vhd:25973]
WARNING: [Synth 8-5396] Clock pin C has keep related attribute (keep/mark_debug/dont_touch) which could create extra logic on its net [/home/kokunev/data/git_root/dig/dig_board_streamer/dig_streamer/dig_streamer.gen/sources_1/bd/design_1/ipshared/2f03/hdl/axi_bram_ctrl_v4_1_rfs.vhd:25973]
WARNING: [Synth 8-5396] Clock pin C has keep related attribute (keep/mark_debug/dont_touch) which could create extra logic on its net [/home/kokunev/data/git_root/dig/dig_board_streamer/dig_streamer/dig_streamer.gen/sources_1/bd/design_1/ipshared/2f03/hdl/axi_bram_ctrl_v4_1_rfs.vhd:26009]
WARNING: [Synth 8-5396] Clock pin C has keep related attribute (keep/mark_debug/dont_touch) which could create extra logic on its net [/home/kokunev/data/git_root/dig/dig_board_streamer/dig_streamer/dig_streamer.gen/sources_1/bd/design_1/ipshared/2f03/hdl/axi_bram_ctrl_v4_1_rfs.vhd:25926]
WARNING: [Synth 8-5396] Clock pin C has keep related attribute (keep/mark_debug/dont_touch) which could create extra logic on its net [/home/kokunev/data/git_root/dig/dig_board_streamer/dig_streamer/dig_streamer.gen/sources_1/bd/design_1/ipshared/2f03/hdl/axi_bram_ctrl_v4_1_rfs.vhd:24471]
WARNING: [Synth 8-5396] Clock pin C has keep related attribute (keep/mark_debug/dont_touch) which could create extra logic on its net [/home/kokunev/data/git_root/dig/dig_board_streamer/dig_streamer/dig_streamer.gen/sources_1/bd/design_1/ipshared/2f03/hdl/axi_bram_ctrl_v4_1_rfs.vhd:27554]
WARNING: [Synth 8-5396] Clock pin C has keep related attribute (keep/mark_debug/dont_touch) which could create extra logic on its net [/home/kokunev/data/git_root/dig/dig_board_streamer/dig_streamer/dig_streamer.gen/sources_1/bd/design_1/ipshared/2f03/hdl/axi_bram_ctrl_v4_1_rfs.vhd:25517]
WARNING: [Synth 8-5396] Clock pin C has keep related attribute (keep/mark_debug/dont_touch) which could create extra logic on its net [/home/kokunev/data/git_root/dig/dig_board_streamer/dig_streamer/dig_streamer.gen/sources_1/bd/design_1/ipshared/2f03/hdl/axi_bram_ctrl_v4_1_rfs.vhd:24623]
WARNING: [Synth 8-5396] Clock pin C has keep related attribute (keep/mark_debug/dont_touch) which could create extra logic on its net [/home/kokunev/data/git_root/dig/dig_board_streamer/dig_streamer/dig_streamer.gen/sources_1/bd/design_1/ipshared/2f03/hdl/axi_bram_ctrl_v4_1_rfs.vhd:27870]
WARNING: [Synth 8-5396] Clock pin C has keep related attribute (keep/mark_debug/dont_touch) which could create extra logic on its net [/home/kokunev/data/git_root/dig/dig_board_streamer/dig_streamer/dig_streamer.gen/sources_1/bd/design_1/ipshared/2f03/hdl/axi_bram_ctrl_v4_1_rfs.vhd:27870]
WARNING: [Synth 8-5396] Clock pin C has keep related attribute (keep/mark_debug/dont_touch) which could create extra logic on its net [/home/kokunev/data/git_root/dig/dig_board_streamer/dig_streamer/dig_streamer.gen/sources_1/bd/design_1/ipshared/2f03/hdl/axi_bram_ctrl_v4_1_rfs.vhd:27870]
WARNING: [Synth 8-5396] Clock pin C has keep related attribute (keep/mark_debug/dont_touch) which could create extra logic on its net [/home/kokunev/data/git_root/dig/dig_board_streamer/dig_streamer/dig_streamer.gen/sources_1/bd/design_1/ipshared/2f03/hdl/axi_bram_ctrl_v4_1_rfs.vhd:15575]
WARNING: [Synth 8-5396] Clock pin C has keep related attribute (keep/mark_debug/dont_touch) which could create extra logic on its net [/home/kokunev/data/git_root/dig/dig_board_streamer/dig_streamer/dig_streamer.gen/sources_1/bd/design_1/ipshared/2f03/hdl/axi_bram_ctrl_v4_1_rfs.vhd:24720]
WARNING: [Synth 8-5396] Clock pin C has keep related attribute (keep/mark_debug/dont_touch) which could create extra logic on its net [/home/kokunev/data/git_root/dig/dig_board_streamer/dig_streamer/dig_streamer.gen/sources_1/bd/design_1/ipshared/2f03/hdl/axi_bram_ctrl_v4_1_rfs.vhd:24720]
WARNING: [Synth 8-5396] Clock pin C has keep related attribute (keep/mark_debug/dont_touch) which could create extra logic on its net [/home/kokunev/data/git_root/dig/dig_board_streamer/dig_streamer/dig_streamer.gen/sources_1/bd/design_1/ipshared/2f03/hdl/axi_bram_ctrl_v4_1_rfs.vhd:24720]
WARNING: [Synth 8-5396] Clock pin C has keep related attribute (keep/mark_debug/dont_touch) which could create extra logic on its net [/home/kokunev/data/git_root/dig/dig_board_streamer/dig_streamer/dig_streamer.gen/sources_1/bd/design_1/ipshared/2f03/hdl/axi_bram_ctrl_v4_1_rfs.vhd:24720]
WARNING: [Synth 8-5396] Clock pin C has keep related attribute (keep/mark_debug/dont_touch) which could create extra logic on its net [/home/kokunev/data/git_root/dig/dig_board_streamer/dig_streamer/dig_streamer.gen/sources_1/bd/design_1/ipshared/2f03/hdl/axi_bram_ctrl_v4_1_rfs.vhd:24720]
WARNING: [Synth 8-5396] Clock pin C has keep related attribute (keep/mark_debug/dont_touch) which could create extra logic on its net [/home/kokunev/data/git_root/dig/dig_board_streamer/dig_streamer/dig_streamer.gen/sources_1/bd/design_1/ipshared/2f03/hdl/axi_bram_ctrl_v4_1_rfs.vhd:24720]
WARNING: [Synth 8-5396] Clock pin C has keep related attribute (keep/mark_debug/dont_touch) which could create extra logic on its net [/home/kokunev/data/git_root/dig/dig_board_streamer/dig_streamer/dig_streamer.gen/sources_1/bd/design_1/ipshared/2f03/hdl/axi_bram_ctrl_v4_1_rfs.vhd:24720]
WARNING: [Synth 8-5396] Clock pin C has keep related attribute (keep/mark_debug/dont_touch) which could create extra logic on its net [/home/kokunev/data/git_root/dig/dig_board_streamer/dig_streamer/dig_streamer.gen/sources_1/bd/design_1/ipshared/2f03/hdl/axi_bram_ctrl_v4_1_rfs.vhd:24720]
WARNING: [Synth 8-5396] Clock pin C has keep related attribute (keep/mark_debug/dont_touch) which could create extra logic on its net [/home/kokunev/data/git_root/dig/dig_board_streamer/dig_streamer/dig_streamer.gen/sources_1/bd/design_1/ipshared/2f03/hdl/axi_bram_ctrl_v4_1_rfs.vhd:24720]
WARNING: [Synth 8-5396] Clock pin C has keep related attribute (keep/mark_debug/dont_touch) which could create extra logic on its net [/home/kokunev/data/git_root/dig/dig_board_streamer/dig_streamer/dig_streamer.gen/sources_1/bd/design_1/ipshared/2f03/hdl/axi_bram_ctrl_v4_1_rfs.vhd:24720]
WARNING: [Synth 8-5396] Clock pin C has keep related attribute (keep/mark_debug/dont_touch) which could create extra logic on its net [/home/kokunev/data/git_root/dig/dig_board_streamer/dig_streamer/dig_streamer.gen/sources_1/bd/design_1/ipshared/2f03/hdl/axi_bram_ctrl_v4_1_rfs.vhd:24541]
WARNING: [Synth 8-5396] Clock pin C has keep related attribute (keep/mark_debug/dont_touch) which could create extra logic on its net [/home/kokunev/data/git_root/dig/dig_board_streamer/dig_streamer/dig_streamer.gen/sources_1/bd/design_1/ipshared/2f03/hdl/axi_bram_ctrl_v4_1_rfs.vhd:24541]
WARNING: [Synth 8-5396] Clock pin C has keep related attribute (keep/mark_debug/dont_touch) which could create extra logic on its net [/home/kokunev/data/git_root/dig/dig_board_streamer/dig_streamer/dig_streamer.gen/sources_1/bd/design_1/ipshared/2f03/hdl/axi_bram_ctrl_v4_1_rfs.vhd:24541]
WARNING: [Synth 8-5396] Clock pin C has keep related attribute (keep/mark_debug/dont_touch) which could create extra logic on its net [/home/kokunev/data/git_root/dig/dig_board_streamer/dig_streamer/dig_streamer.gen/sources_1/bd/design_1/ipshared/2f03/hdl/axi_bram_ctrl_v4_1_rfs.vhd:24541]
WARNING: [Synth 8-5396] Clock pin C has keep related attribute (keep/mark_debug/dont_touch) which could create extra logic on its net [/home/kokunev/data/git_root/dig/dig_board_streamer/dig_streamer/dig_streamer.gen/sources_1/bd/design_1/ipshared/2f03/hdl/axi_bram_ctrl_v4_1_rfs.vhd:24541]
WARNING: [Synth 8-5396] Clock pin C has keep related attribute (keep/mark_debug/dont_touch) which could create extra logic on its net [/home/kokunev/data/git_root/dig/dig_board_streamer/dig_streamer/dig_streamer.gen/sources_1/bd/design_1/ipshared/2f03/hdl/axi_bram_ctrl_v4_1_rfs.vhd:24664]
WARNING: [Synth 8-5396] Clock pin C has keep related attribute (keep/mark_debug/dont_touch) which could create extra logic on its net [/home/kokunev/data/git_root/dig/dig_board_streamer/dig_streamer/dig_streamer.gen/sources_1/bd/design_1/ipshared/2f03/hdl/axi_bram_ctrl_v4_1_rfs.vhd:21507]
WARNING: [Synth 8-5396] Clock pin C has keep related attribute (keep/mark_debug/dont_touch) which could create extra logic on its net [/home/kokunev/data/git_root/dig/dig_board_streamer/dig_streamer/dig_streamer.gen/sources_1/bd/design_1/ipshared/2f03/hdl/axi_bram_ctrl_v4_1_rfs.vhd:16845]
WARNING: [Synth 8-5396] Clock pin C has keep related attribute (keep/mark_debug/dont_touch) which could create extra logic on its net [/home/kokunev/data/git_root/dig/dig_board_streamer/dig_streamer/dig_streamer.gen/sources_1/bd/design_1/ipshared/2f03/hdl/axi_bram_ctrl_v4_1_rfs.vhd:19821]
WARNING: [Synth 8-5396] Clock pin C has keep related attribute (keep/mark_debug/dont_touch) which could create extra logic on its net [/home/kokunev/data/git_root/dig/dig_board_streamer/dig_streamer/dig_streamer.gen/sources_1/bd/design_1/ipshared/2f03/hdl/axi_bram_ctrl_v4_1_rfs.vhd:19821]
WARNING: [Synth 8-5396] Clock pin C has keep related attribute (keep/mark_debug/dont_touch) which could create extra logic on its net [/home/kokunev/data/git_root/dig/dig_board_streamer/dig_streamer/dig_streamer.gen/sources_1/bd/design_1/ipshared/2f03/hdl/axi_bram_ctrl_v4_1_rfs.vhd:19821]
INFO: [Common 17-14] Message 'Synth 8-5396' appears 100 times and further instances of the messages will be disabled. Use the Tcl command set_msg_config to change the current settings.
---------------------------------------------------------------------------------
Finished IO Insertion : Time (s): cpu = 00:01:00 ; elapsed = 00:01:04 . Memory (MB): peak = 3276.211 ; gain = 1525.555 ; free physical = 41182 ; free virtual = 54093
---------------------------------------------------------------------------------
---------------------------------------------------------------------------------
Start Renaming Generated Instances
---------------------------------------------------------------------------------
---------------------------------------------------------------------------------
Finished Renaming Generated Instances : Time (s): cpu = 00:01:00 ; elapsed = 00:01:05 . Memory (MB): peak = 3276.211 ; gain = 1525.555 ; free physical = 41182 ; free virtual = 54093
---------------------------------------------------------------------------------
---------------------------------------------------------------------------------
Start Rebuilding User Hierarchy
---------------------------------------------------------------------------------
---------------------------------------------------------------------------------
Finished Rebuilding User Hierarchy : Time (s): cpu = 00:01:02 ; elapsed = 00:01:06 . Memory (MB): peak = 3303.930 ; gain = 1553.273 ; free physical = 41177 ; free virtual = 54089
---------------------------------------------------------------------------------
---------------------------------------------------------------------------------
Start Renaming Generated Ports
---------------------------------------------------------------------------------
---------------------------------------------------------------------------------
Finished Renaming Generated Ports : Time (s): cpu = 00:01:02 ; elapsed = 00:01:06 . Memory (MB): peak = 3303.930 ; gain = 1553.273 ; free physical = 41177 ; free virtual = 54089
---------------------------------------------------------------------------------
---------------------------------------------------------------------------------
Start Handling Custom Attributes
---------------------------------------------------------------------------------
---------------------------------------------------------------------------------
Finished Handling Custom Attributes : Time (s): cpu = 00:01:02 ; elapsed = 00:01:07 . Memory (MB): peak = 3303.930 ; gain = 1553.273 ; free physical = 41188 ; free virtual = 54100
---------------------------------------------------------------------------------
---------------------------------------------------------------------------------
Start Renaming Generated Nets
---------------------------------------------------------------------------------
---------------------------------------------------------------------------------
Finished Renaming Generated Nets : Time (s): cpu = 00:01:03 ; elapsed = 00:01:07 . Memory (MB): peak = 3303.930 ; gain = 1553.273 ; free physical = 41189 ; free virtual = 54101
---------------------------------------------------------------------------------
---------------------------------------------------------------------------------
Start Writing Synthesis Report
---------------------------------------------------------------------------------

Report BlackBoxes: 
+-+--------------+----------+
| |BlackBox name |Instances |
+-+--------------+----------+
+-+--------------+----------+

Report Cell Usage: 
+------+--------------+------+
|      |Cell          |Count |
+------+--------------+------+
|1     |BUFG          |     6|
|2     |BUFGCTRL      |     1|
|3     |CARRY4        |   876|
|4     |GTPE2_CHANNEL |     4|
|5     |GTPE2_COMMON  |     1|
|6     |IBUFDS_GTE2   |     1|
|7     |LUT1          |  1873|
|8     |LUT2          |  2285|
|9     |LUT3          |  4898|
|10    |LUT4          |  3656|
|11    |LUT5          |  3698|
|12    |LUT6          |  7282|
|13    |MMCME2_ADV    |     1|
|14    |MUXCY         |    25|
|15    |MUXF7         |   245|
|16    |MUXF8         |    23|
|17    |PCIE_2        |     1|
|18    |RAM16X1D      |    62|
|19    |RAM32M        |   426|
|20    |RAM32X1D      |    34|
|21    |RAM64X1S      |     9|
|22    |RAMB18E1      |     1|
|23    |RAMB36E1      |    38|
|24    |SRL16E        |    81|
|25    |SRLC32E       |     7|
|26    |XORCY         |    26|
|27    |FDCE          |    56|
|28    |FDPE          |    58|
|29    |FDRE          | 21939|
|30    |FDSE          |   258|
|31    |IBUF          |     3|
|32    |OBUF          |     1|
+------+--------------+------+
---------------------------------------------------------------------------------
Finished Writing Synthesis Report : Time (s): cpu = 00:01:03 ; elapsed = 00:01:07 . Memory (MB): peak = 3303.930 ; gain = 1553.273 ; free physical = 41189 ; free virtual = 54101
---------------------------------------------------------------------------------
Synthesis finished with 0 errors, 0 critical warnings and 29893 warnings.
Synthesis Optimization Runtime : Time (s): cpu = 00:01:11 ; elapsed = 00:01:02 . Memory (MB): peak = 3307.844 ; gain = 1400.652 ; free physical = 46282 ; free virtual = 59241
Synthesis Optimization Complete : Time (s): cpu = 00:01:24 ; elapsed = 00:01:12 . Memory (MB): peak = 3307.844 ; gain = 1557.188 ; free physical = 46281 ; free virtual = 59241
INFO: [Project 1-571] Translating synthesized netlist
Netlist sorting complete. Time (s): cpu = 00:00:00.39 ; elapsed = 00:00:00.39 . Memory (MB): peak = 3330.711 ; gain = 0.000 ; free physical = 45837 ; free virtual = 58797
WARNING: [Netlist 29-345] The value of SIM_DEVICE on instance 'design_1_i/xdma_0/inst/design_1_xdma_0_0_pcie2_to_pcie3_wrapper_i/pcie2_ip_i/inst/inst/gt_top_i/pipe_wrapper_i/pipe_clock_int.pipe_clock_i/pclk_i1_bufgctrl.pclk_i1' of type 'BUFGCTRL' is 'ULTRASCALE'; it is being changed to match the current FPGA architecture, '7SERIES'. For functional simulation to match hardware behavior, the value of SIM_DEVICE should be changed in the source netlist. 
INFO: [Netlist 29-17] Analyzing 1766 Unisim elements for replacement
INFO: [Netlist 29-28] Unisim Transformation completed in 0 CPU seconds
WARNING: [Netlist 29-1115] Found multi-term driver net: design_1_i/util_ds_buf_0/U0/<const0>.
WARNING: [Netlist 29-1115] Found multi-term driver net: design_1_i/util_ds_buf/U0/<const0>.
INFO: [Project 1-570] Preparing netlist for logic optimization
INFO: [Opt 31-140] Inserted 8 IBUFs to IO ports without IO buffers.
INFO: [Opt 31-141] Inserted 8 OBUFs to IO ports without IO buffers.
INFO: [Opt 31-138] Pushed 0 inverter(s) to 0 load pin(s).
Netlist sorting complete. Time (s): cpu = 00:00:00 ; elapsed = 00:00:00 . Memory (MB): peak = 3408.484 ; gain = 0.000 ; free physical = 45782 ; free virtual = 58696
INFO: [Project 1-111] Unisim Transformation Summary:
  A total of 538 instances were transformed.
  (MUXCY,XORCY) => CARRY4: 7 instances
  RAM16X1D => RAM32X1D (RAMD32(x2)): 62 instances
  RAM32M => RAM32M (RAMD32(x6), RAMS32(x2)): 426 instances
  RAM32X1D => RAM32X1D (RAMD32(x2)): 34 instances
  RAM64X1S => RAM64X1S (RAMS64E): 9 instances

Synth Design complete | Checksum: d4fbe83a
INFO: [Common 17-83] Releasing license: Synthesis
356 Infos, 383 Warnings, 0 Critical Warnings and 0 Errors encountered.
synth_design completed successfully
synth_design: Time (s): cpu = 00:01:34 ; elapsed = 00:01:22 . Memory (MB): peak = 3408.520 ; gain = 1793.168 ; free physical = 45781 ; free virtual = 58695
INFO: [Common 17-2834] synth_design peak Physical Memory [PSS] (MB): overall = 7552.266; main = 2394.066; forked = 5467.483
INFO: [Common 17-2834] synth_design peak Virtual Memory [VSS] (MB): overall = 14249.152; main = 3408.488; forked = 11150.672
Write ShapeDB Complete: Time (s): cpu = 00:00:00.11 ; elapsed = 00:00:00.04 . Memory (MB): peak = 3432.496 ; gain = 0.000 ; free physical = 45797 ; free virtual = 58713
INFO: [Common 17-1381] The checkpoint '/home/kokunev/data/git_root/dig/dig_board_streamer/dig_streamer/dig_streamer.runs/synth_1/design_1_wrapper.dcp' has been generated.
write_checkpoint: Time (s): cpu = 00:00:06 ; elapsed = 00:00:06 . Memory (MB): peak = 3432.496 ; gain = 23.977 ; free physical = 46921 ; free virtual = 59881
INFO: [Vivado 12-24828] Executing command : report_utilization -file design_1_wrapper_utilization_synth.rpt -pb design_1_wrapper_utilization_synth.pb
INFO: [Common 17-206] Exiting Vivado at Tue Aug 25 18:12:13 2026...
